mtllib CuO_BlackPowder_Mound.mtl
o CuO_BlackPowder_Mound
v -0.800000 0.000000 -0.375000
v -0.766667 0.000000 -0.375000
v -0.733333 0.000000 -0.375000
v -0.700000 0.000000 -0.375000
v -0.666667 0.000000 -0.375000
v -0.633333 0.000000 -0.375000
v -0.600000 0.000000 -0.375000
v -0.566667 0.000000 -0.375000
v -0.533333 0.000000 -0.375000
v -0.500000 0.000000 -0.375000
v -0.466667 0.000000 -0.375000
v -0.433333 0.000000 -0.375000
v -0.400000 0.000000 -0.375000
v -0.366667 0.000000 -0.375000
v -0.333333 0.000000 -0.375000
v -0.300000 0.000000 -0.375000
v -0.266667 0.000000 -0.375000
v -0.233333 0.000000 -0.375000
v -0.200000 0.000000 -0.375000
v -0.166667 0.000000 -0.375000
v -0.133333 0.000000 -0.375000
v -0.100000 0.000000 -0.375000
v -0.066667 0.000000 -0.375000
v -0.033333 0.000000 -0.375000
v 0.000000 0.000000 -0.375000
v 0.033333 0.000000 -0.375000
v 0.066667 0.000000 -0.375000
v 0.100000 0.000000 -0.375000
v 0.133333 0.000000 -0.375000
v 0.166667 0.000000 -0.375000
v 0.200000 0.000000 -0.375000
v 0.233333 0.000000 -0.375000
v 0.266667 0.000000 -0.375000
v 0.300000 0.000000 -0.375000
v 0.333333 0.000000 -0.375000
v 0.366667 0.000000 -0.375000
v 0.400000 0.000000 -0.375000
v 0.433333 0.000000 -0.375000
v 0.466667 0.000000 -0.375000
v 0.500000 0.000000 -0.375000
v 0.533333 0.000000 -0.375000
v 0.566667 0.000000 -0.375000
v 0.600000 0.000000 -0.375000
v 0.633333 0.000000 -0.375000
v 0.666667 0.000000 -0.375000
v 0.700000 0.000000 -0.375000
v 0.733333 0.000000 -0.375000
v 0.766667 0.000000 -0.375000
v 0.800000 0.000000 -0.375000
v -0.800000 0.000000 -0.359375
v -0.766667 0.000000 -0.359375
v -0.733333 0.000000 -0.359375
v -0.700000 0.000000 -0.359375
v -0.666667 0.000000 -0.359375
v -0.633333 0.000000 -0.359375
v -0.600000 0.000000 -0.359375
v -0.566667 0.000000 -0.359375
v -0.533333 0.000000 -0.359375
v -0.500000 0.000000 -0.359375
v -0.466667 0.000000 -0.359375
v -0.433333 0.000000 -0.359375
v -0.400000 0.000000 -0.359375
v -0.366667 0.000000 -0.359375
v -0.333333 0.000000 -0.359375
v -0.300000 0.000000 -0.359375
v -0.266667 0.000000 -0.359375
v -0.233333 0.000000 -0.359375
v -0.200000 0.000149 -0.359375
v -0.166667 0.000751 -0.359375
v -0.133333 0.001199 -0.359375
v -0.100000 0.002261 -0.359375
v -0.066667 0.002871 -0.359375
v -0.033333 0.002650 -0.359375
v 0.000000 0.003371 -0.359375
v 0.033333 0.003430 -0.359375
v 0.066667 0.002209 -0.359375
v 0.100000 0.002194 -0.359375
v 0.133333 0.001572 -0.359375
v 0.166667 0.000907 -0.359375
v 0.200000 0.000266 -0.359375
v 0.233333 0.000000 -0.359375
v 0.266667 0.000000 -0.359375
v 0.300000 0.000000 -0.359375
v 0.333333 0.000000 -0.359375
v 0.366667 0.000000 -0.359375
v 0.400000 0.000000 -0.359375
v 0.433333 0.000000 -0.359375
v 0.466667 0.000000 -0.359375
v 0.500000 0.000000 -0.359375
v 0.533333 0.000000 -0.359375
v 0.566667 0.000000 -0.359375
v 0.600000 0.000000 -0.359375
v 0.633333 0.000000 -0.359375
v 0.666667 0.000000 -0.359375
v 0.700000 0.000000 -0.359375
v 0.733333 0.000000 -0.359375
v 0.766667 0.000000 -0.359375
v 0.800000 0.000000 -0.359375
v -0.800000 0.000000 -0.343750
v -0.766667 0.000000 -0.343750
v -0.733333 0.000000 -0.343750
v -0.700000 0.000000 -0.343750
v -0.666667 0.000000 -0.343750
v -0.633333 0.000000 -0.343750
v -0.600000 0.000000 -0.343750
v -0.566667 0.000000 -0.343750
v -0.533333 0.000000 -0.343750
v -0.500000 0.000000 -0.343750
v -0.466667 0.000000 -0.343750
v -0.433333 0.000000 -0.343750
v -0.400000 0.000000 -0.343750
v -0.366667 0.000000 -0.343750
v -0.333333 0.000000 -0.343750
v -0.300000 0.000225 -0.343750
v -0.266667 0.001283 -0.343750
v -0.233333 0.002179 -0.343750
v -0.200000 0.003883 -0.343750
v -0.166667 0.005698 -0.343750
v -0.133333 0.006823 -0.343750
v -0.100000 0.008731 -0.343750
v -0.066667 0.009423 -0.343750
v -0.033333 0.008634 -0.343750
v 0.000000 0.009516 -0.343750
v 0.033333 0.009457 -0.343750
v 0.066667 0.007682 -0.343750
v 0.100000 0.007209 -0.343750
v 0.133333 0.007373 -0.343750
v 0.166667 0.005138 -0.343750
v 0.200000 0.004726 -0.343750
v 0.233333 0.002857 -0.343750
v 0.266667 0.001124 -0.343750
v 0.300000 0.000269 -0.343750
v 0.333333 0.000000 -0.343750
v 0.366667 0.000000 -0.343750
v 0.400000 0.000000 -0.343750
v 0.433333 0.000000 -0.343750
v 0.466667 0.000000 -0.343750
v 0.500000 0.000000 -0.343750
v 0.533333 0.000000 -0.343750
v 0.566667 0.000000 -0.343750
v 0.600000 0.000000 -0.343750
v 0.633333 0.000000 -0.343750
v 0.666667 0.000000 -0.343750
v 0.700000 0.000000 -0.343750
v 0.733333 0.000000 -0.343750
v 0.766667 0.000000 -0.343750
v 0.800000 0.000000 -0.343750
v -0.800000 0.000000 -0.328125
v -0.766667 0.000000 -0.328125
v -0.733333 0.000000 -0.328125
v -0.700000 0.000000 -0.328125
v -0.666667 0.000000 -0.328125
v -0.633333 0.000000 -0.328125
v -0.600000 0.000000 -0.328125
v -0.566667 0.000000 -0.328125
v -0.533333 0.000000 -0.328125
v -0.500000 0.000000 -0.328125
v -0.466667 0.000000 -0.328125
v -0.433333 0.000000 -0.328125
v -0.400000 0.000000 -0.328125
v -0.366667 0.000567 -0.328125
v -0.333333 0.002136 -0.328125
v -0.300000 0.004620 -0.328125
v -0.266667 0.007137 -0.328125
v -0.233333 0.008103 -0.328125
v -0.200000 0.011410 -0.328125
v -0.166667 0.014764 -0.328125
v -0.133333 0.016279 -0.328125
v -0.100000 0.019373 -0.328125
v -0.066667 0.019867 -0.328125
v -0.033333 0.018242 -0.328125
v 0.000000 0.019203 -0.328125
v 0.033333 0.019194 -0.328125
v 0.066667 0.016516 -0.328125
v 0.100000 0.017590 -0.328125
v 0.133333 0.016869 -0.328125
v 0.166667 0.014671 -0.328125
v 0.200000 0.012449 -0.328125
v 0.233333 0.010211 -0.328125
v 0.266667 0.006258 -0.328125
v 0.300000 0.004364 -0.328125
v 0.333333 0.002521 -0.328125
v 0.366667 0.000402 -0.328125
v 0.400000 0.000000 -0.328125
v 0.433333 0.000000 -0.328125
v 0.466667 0.000000 -0.328125
v 0.500000 0.000000 -0.328125
v 0.533333 0.000000 -0.328125
v 0.566667 0.000000 -0.328125
v 0.600000 0.000000 -0.328125
v 0.633333 0.000000 -0.328125
v 0.666667 0.000000 -0.328125
v 0.700000 0.000000 -0.328125
v 0.733333 0.000000 -0.328125
v 0.766667 0.000000 -0.328125
v 0.800000 0.000000 -0.328125
v -0.800000 0.000000 -0.312500
v -0.766667 0.000000 -0.312500
v -0.733333 0.000000 -0.312500
v -0.700000 0.000000 -0.312500
v -0.666667 0.000000 -0.312500
v -0.633333 0.000000 -0.312500
v -0.600000 0.000000 -0.312500
v -0.566667 0.000000 -0.312500
v -0.533333 0.000000 -0.312500
v -0.500000 0.000000 -0.312500
v -0.466667 0.000000 -0.312500
v -0.433333 0.000171 -0.312500
v -0.400000 0.002152 -0.312500
v -0.366667 0.005505 -0.312500
v -0.333333 0.008107 -0.312500
v -0.300000 0.012404 -0.312500
v -0.266667 0.015662 -0.312500
v -0.233333 0.017310 -0.312500
v -0.200000 0.021550 -0.312500
v -0.166667 0.025502 -0.312500
v -0.133333 0.027760 -0.312500
v -0.100000 0.030026 -0.312500
v -0.066667 0.031795 -0.312500
v -0.033333 0.028567 -0.312500
v 0.000000 0.030562 -0.312500
v 0.033333 0.030796 -0.312500
v 0.066667 0.028927 -0.312500
v 0.100000 0.030501 -0.312500
v 0.133333 0.030926 -0.312500
v 0.166667 0.025846 -0.312500
v 0.200000 0.023134 -0.312500
v 0.233333 0.018936 -0.312500
v 0.266667 0.013313 -0.312500
v 0.300000 0.011341 -0.312500
v 0.333333 0.008401 -0.312500
v 0.366667 0.004913 -0.312500
v 0.400000 0.002266 -0.312500
v 0.433333 0.000337 -0.312500
v 0.466667 0.000000 -0.312500
v 0.500000 0.000000 -0.312500
v 0.533333 0.000000 -0.312500
v 0.566667 0.000000 -0.312500
v 0.600000 0.000000 -0.312500
v 0.633333 0.000000 -0.312500
v 0.666667 0.000000 -0.312500
v 0.700000 0.000000 -0.312500
v 0.733333 0.000000 -0.312500
v 0.766667 0.000000 -0.312500
v 0.800000 0.000000 -0.312500
v -0.800000 0.000000 -0.296875
v -0.766667 0.000000 -0.296875
v -0.733333 0.000000 -0.296875
v -0.700000 0.000000 -0.296875
v -0.666667 0.000000 -0.296875
v -0.633333 0.000000 -0.296875
v -0.600000 0.000000 -0.296875
v -0.566667 0.000000 -0.296875
v -0.533333 0.000000 -0.296875
v -0.500000 0.000000 -0.296875
v -0.466667 0.000813 -0.296875
v -0.433333 0.003297 -0.296875
v -0.400000 0.007780 -0.296875
v -0.366667 0.011922 -0.296875
v -0.333333 0.015109 -0.296875
v -0.300000 0.020459 -0.296875
v -0.266667 0.025504 -0.296875
v -0.233333 0.027749 -0.296875
v -0.200000 0.032752 -0.296875
v -0.166667 0.037357 -0.296875
v -0.133333 0.036577 -0.296875
v -0.100000 0.040948 -0.296875
v -0.066667 0.040099 -0.296875
v -0.033333 0.038826 -0.296875
v 0.000000 0.040614 -0.296875
v 0.033333 0.043036 -0.296875
v 0.066667 0.041308 -0.296875
v 0.100000 0.043964 -0.296875
v 0.133333 0.043488 -0.296875
v 0.166667 0.036821 -0.296875
v 0.200000 0.032921 -0.296875
v 0.233333 0.028335 -0.296875
v 0.266667 0.021733 -0.296875
v 0.300000 0.018698 -0.296875
v 0.333333 0.016262 -0.296875
v 0.366667 0.010622 -0.296875
v 0.400000 0.007300 -0.296875
v 0.433333 0.003640 -0.296875
v 0.466667 0.000790 -0.296875
v 0.500000 0.000000 -0.296875
v 0.533333 0.000000 -0.296875
v 0.566667 0.000000 -0.296875
v 0.600000 0.000000 -0.296875
v 0.633333 0.000000 -0.296875
v 0.666667 0.000000 -0.296875
v 0.700000 0.000000 -0.296875
v 0.733333 0.000000 -0.296875
v 0.766667 0.000000 -0.296875
v 0.800000 0.000000 -0.296875
v -0.800000 0.000000 -0.281250
v -0.766667 0.000000 -0.281250
v -0.733333 0.000000 -0.281250
v -0.700000 0.000000 -0.281250
v -0.666667 0.000000 -0.281250
v -0.633333 0.000000 -0.281250
v -0.600000 0.000000 -0.281250
v -0.566667 0.000000 -0.281250
v -0.533333 0.000000 -0.281250
v -0.500000 0.001315 -0.281250
v -0.466667 0.005101 -0.281250
v -0.433333 0.009611 -0.281250
v -0.400000 0.015468 -0.281250
v -0.366667 0.020694 -0.281250
v -0.333333 0.023698 -0.281250
v -0.300000 0.030664 -0.281250
v -0.266667 0.037514 -0.281250
v -0.233333 0.041260 -0.281250
v -0.200000 0.047741 -0.281250
v -0.166667 0.051247 -0.281250
v -0.133333 0.050753 -0.281250
v -0.100000 0.050736 -0.281250
v -0.066667 0.053457 -0.281250
v -0.033333 0.049513 -0.281250
v 0.000000 0.054758 -0.281250
v 0.033333 0.058524 -0.281250
v 0.066667 0.056132 -0.281250
v 0.100000 0.058079 -0.281250
v 0.133333 0.055293 -0.281250
v 0.166667 0.047810 -0.281250
v 0.200000 0.044760 -0.281250
v 0.233333 0.041720 -0.281250
v 0.266667 0.034150 -0.281250
v 0.300000 0.030677 -0.281250
v 0.333333 0.025977 -0.281250
v 0.366667 0.018807 -0.281250
v 0.400000 0.013784 -0.281250
v 0.433333 0.009060 -0.281250
v 0.466667 0.003849 -0.281250
v 0.500000 0.001312 -0.281250
v 0.533333 0.000000 -0.281250
v 0.566667 0.000000 -0.281250
v 0.600000 0.000000 -0.281250
v 0.633333 0.000000 -0.281250
v 0.666667 0.000000 -0.281250
v 0.700000 0.000000 -0.281250
v 0.733333 0.000000 -0.281250
v 0.766667 0.000000 -0.281250
v 0.800000 0.000000 -0.281250
v -0.800000 0.000000 -0.265625
v -0.766667 0.000000 -0.265625
v -0.733333 0.000000 -0.265625
v -0.700000 0.000000 -0.265625
v -0.666667 0.000000 -0.265625
v -0.633333 0.000000 -0.265625
v -0.600000 0.000000 -0.265625
v -0.566667 0.000000 -0.265625
v -0.533333 0.001773 -0.265625
v -0.500000 0.006229 -0.265625
v -0.466667 0.012523 -0.265625
v -0.433333 0.018387 -0.265625
v -0.400000 0.025316 -0.265625
v -0.366667 0.031401 -0.265625
v -0.333333 0.035474 -0.265625
v -0.300000 0.043744 -0.265625
v -0.266667 0.052477 -0.265625
v -0.233333 0.056105 -0.265625
v -0.200000 0.065195 -0.265625
v -0.166667 0.070045 -0.265625
v -0.133333 0.066669 -0.265625
v -0.100000 0.068372 -0.265625
v -0.066667 0.068112 -0.265625
v -0.033333 0.067237 -0.265625
v 0.000000 0.073311 -0.265625
v 0.033333 0.076938 -0.265625
v 0.066667 0.074578 -0.265625
v 0.100000 0.071968 -0.265625
v 0.133333 0.068823 -0.265625
v 0.166667 0.059482 -0.265625
v 0.200000 0.059248 -0.265625
v 0.233333 0.058139 -0.265625
v 0.266667 0.050463 -0.265625
v 0.300000 0.045266 -0.265625
v 0.333333 0.038250 -0.265625
v 0.366667 0.028285 -0.265625
v 0.400000 0.022772 -0.265625
v 0.433333 0.016706 -0.265625
v 0.466667 0.010018 -0.265625
v 0.500000 0.005421 -0.265625
v 0.533333 0.001977 -0.265625
v 0.566667 0.000000 -0.265625
v 0.600000 0.000000 -0.265625
v 0.633333 0.000000 -0.265625
v 0.666667 0.000000 -0.265625
v 0.700000 0.000000 -0.265625
v 0.733333 0.000000 -0.265625
v 0.766667 0.000000 -0.265625
v 0.800000 0.000000 -0.265625
v -0.800000 0.000000 -0.250000
v -0.766667 0.000000 -0.250000
v -0.733333 0.000000 -0.250000
v -0.700000 0.000000 -0.250000
v -0.666667 0.000000 -0.250000
v -0.633333 0.000000 -0.250000
v -0.600000 0.000000 -0.250000
v -0.566667 0.001860 -0.250000
v -0.533333 0.005766 -0.250000
v -0.500000 0.012443 -0.250000
v -0.466667 0.020277 -0.250000
v -0.433333 0.025817 -0.250000
v -0.400000 0.033517 -0.250000
v -0.366667 0.041141 -0.250000
v -0.333333 0.046158 -0.250000
v -0.300000 0.055997 -0.250000
v -0.266667 0.062085 -0.250000
v -0.233333 0.067038 -0.250000
v -0.200000 0.075004 -0.250000
v -0.166667 0.083524 -0.250000
v -0.133333 0.080150 -0.250000
v -0.100000 0.080808 -0.250000
v -0.066667 0.083705 -0.250000
v -0.033333 0.083133 -0.250000
v 0.000000 0.088098 -0.250000
v 0.033333 0.093744 -0.250000
v 0.066667 0.086226 -0.250000
v 0.100000 0.085007 -0.250000
v 0.133333 0.078529 -0.250000
v 0.166667 0.070707 -0.250000
v 0.200000 0.070358 -0.250000
v 0.233333 0.069862 -0.250000
v 0.266667 0.062275 -0.250000
v 0.300000 0.056311 -0.250000
v 0.333333 0.047337 -0.250000
v 0.366667 0.036553 -0.250000
v 0.400000 0.030465 -0.250000
v 0.433333 0.025504 -0.250000
v 0.466667 0.016541 -0.250000
v 0.500000 0.011519 -0.250000
v 0.533333 0.005974 -0.250000
v 0.566667 0.001771 -0.250000
v 0.600000 0.000000 -0.250000
v 0.633333 0.000000 -0.250000
v 0.666667 0.000000 -0.250000
v 0.700000 0.000000 -0.250000
v 0.733333 0.000000 -0.250000
v 0.766667 0.000000 -0.250000
v 0.800000 0.000000 -0.250000
v -0.800000 0.000000 -0.234375
v -0.766667 0.000000 -0.234375
v -0.733333 0.000000 -0.234375
v -0.700000 0.000000 -0.234375
v -0.666667 0.000000 -0.234375
v -0.633333 0.000000 -0.234375
v -0.600000 0.001038 -0.234375
v -0.566667 0.005035 -0.234375
v -0.533333 0.010552 -0.234375
v -0.500000 0.018081 -0.234375
v -0.466667 0.026295 -0.234375
v -0.433333 0.031366 -0.234375
v -0.400000 0.040244 -0.234375
v -0.366667 0.050192 -0.234375
v -0.333333 0.056666 -0.234375
v -0.300000 0.064064 -0.234375
v -0.266667 0.070870 -0.234375
v -0.233333 0.069813 -0.234375
v -0.200000 0.082764 -0.234375
v -0.166667 0.089375 -0.234375
v -0.133333 0.088455 -0.234375
v -0.100000 0.090804 -0.234375
v -0.066667 0.095322 -0.234375
v -0.033333 0.094734 -0.234375
v 0.000000 0.102040 -0.234375
v 0.033333 0.102531 -0.234375
v 0.066667 0.098349 -0.234375
v 0.100000 0.093794 -0.234375
v 0.133333 0.090932 -0.234375
v 0.166667 0.081168 -0.234375
v 0.200000 0.079854 -0.234375
v 0.233333 0.078079 -0.234375
v 0.266667 0.069373 -0.234375
v 0.300000 0.063296 -0.234375
v 0.333333 0.055720 -0.234375
v 0.366667 0.042790 -0.234375
v 0.400000 0.039021 -0.234375
v 0.433333 0.032182 -0.234375
v 0.466667 0.024094 -0.234375
v 0.500000 0.017152 -0.234375
v 0.533333 0.011319 -0.234375
v 0.566667 0.004945 -0.234375
v 0.600000 0.001606 -0.234375
v 0.633333 0.000000 -0.234375
v 0.666667 0.000000 -0.234375
v 0.700000 0.000000 -0.234375
v 0.733333 0.000000 -0.234375
v 0.766667 0.000000 -0.234375
v 0.800000 0.000000 -0.234375
v -0.800000 0.000000 -0.218750
v -0.766667 0.000000 -0.218750
v -0.733333 0.000000 -0.218750
v -0.700000 0.000000 -0.218750
v -0.666667 0.000000 -0.218750
v -0.633333 0.000559 -0.218750
v -0.600000 0.003887 -0.218750
v -0.566667 0.010870 -0.218750
v -0.533333 0.016702 -0.218750
v -0.500000 0.025878 -0.218750
v -0.466667 0.033601 -0.218750
v -0.433333 0.039801 -0.218750
v -0.400000 0.050513 -0.218750
v -0.366667 0.063262 -0.218750
v -0.333333 0.069351 -0.218750
v -0.300000 0.077678 -0.218750
v -0.266667 0.080141 -0.218750
v -0.233333 0.083618 -0.218750
v -0.200000 0.092624 -0.218750
v -0.166667 0.103532 -0.218750
v -0.133333 0.101375 -0.218750
v -0.100000 0.105969 -0.218750
v -0.066667 0.112527 -0.218750
v -0.033333 0.113552 -0.218750
v 0.000000 0.117418 -0.218750
v 0.033333 0.121461 -0.218750
v 0.066667 0.112299 -0.218750
v 0.100000 0.112743 -0.218750
v 0.133333 0.109063 -0.218750
v 0.166667 0.099987 -0.218750
v 0.200000 0.096899 -0.218750
v 0.233333 0.092157 -0.218750
v 0.266667 0.081637 -0.218750
v 0.300000 0.076221 -0.218750
v 0.333333 0.066383 -0.218750
v 0.366667 0.056070 -0.218750
v 0.400000 0.048196 -0.218750
v 0.433333 0.043080 -0.218750
v 0.466667 0.032182 -0.218750
v 0.500000 0.026584 -0.218750
v 0.533333 0.018539 -0.218750
v 0.566667 0.010970 -0.218750
v 0.600000 0.005767 -0.218750
v 0.633333 0.001146 -0.218750
v 0.666667 0.000000 -0.218750
v 0.700000 0.000000 -0.218750
v 0.733333 0.000000 -0.218750
v 0.766667 0.000000 -0.218750
v 0.800000 0.000000 -0.218750
v -0.800000 0.000000 -0.203125
v -0.766667 0.000000 -0.203125
v -0.733333 0.000000 -0.203125
v -0.700000 0.000000 -0.203125
v -0.666667 0.000240 -0.203125
v -0.633333 0.003077 -0.203125
v -0.600000 0.009688 -0.203125
v -0.566667 0.017892 -0.203125
v -0.533333 0.026150 -0.203125
v -0.500000 0.034633 -0.203125
v -0.466667 0.044849 -0.203125
v -0.433333 0.050020 -0.203125
v -0.400000 0.063291 -0.203125
v -0.366667 0.076990 -0.203125
v -0.333333 0.083042 -0.203125
v -0.300000 0.089853 -0.203125
v -0.266667 0.096370 -0.203125
v -0.233333 0.097707 -0.203125
v -0.200000 0.110645 -0.203125
v -0.166667 0.118225 -0.203125
v -0.133333 0.117161 -0.203125
v -0.100000 0.124480 -0.203125
v -0.066667 0.132540 -0.203125
v -0.033333 0.132291 -0.203125
v 0.000000 0.137008 -0.203125
v 0.033333 0.136736 -0.203125
v 0.066667 0.131793 -0.203125
v 0.100000 0.129965 -0.203125
v 0.133333 0.130983 -0.203125
v 0.166667 0.121953 -0.203125
v 0.200000 0.117922 -0.203125
v 0.233333 0.113149 -0.203125
v 0.266667 0.099972 -0.203125
v 0.300000 0.091241 -0.203125
v 0.333333 0.083377 -0.203125
v 0.366667 0.068325 -0.203125
v 0.400000 0.061771 -0.203125
v 0.433333 0.053055 -0.203125
v 0.466667 0.044104 -0.203125
v 0.500000 0.037132 -0.203125
v 0.533333 0.028803 -0.203125
v 0.566667 0.018538 -0.203125
v 0.600000 0.012178 -0.203125
v 0.633333 0.005236 -0.203125
v 0.666667 0.000219 -0.203125
v 0.700000 0.000000 -0.203125
v 0.733333 0.000000 -0.203125
v 0.766667 0.000000 -0.203125
v 0.800000 0.000000 -0.203125
v -0.800000 0.000000 -0.187500
v -0.766667 0.000000 -0.187500
v -0.733333 0.000000 -0.187500
v -0.700000 0.000000 -0.187500
v -0.666667 0.001986 -0.187500
v -0.633333 0.006739 -0.187500
v -0.600000 0.014296 -0.187500
v -0.566667 0.025139 -0.187500
v -0.533333 0.033090 -0.187500
v -0.500000 0.044877 -0.187500
v -0.466667 0.053666 -0.187500
v -0.433333 0.060748 -0.187500
v -0.400000 0.072897 -0.187500
v -0.366667 0.086489 -0.187500
v -0.333333 0.091325 -0.187500
v -0.300000 0.098872 -0.187500
v -0.266667 0.106420 -0.187500
v -0.233333 0.110463 -0.187500
v -0.200000 0.121140 -0.187500
v -0.166667 0.128357 -0.187500
v -0.133333 0.127516 -0.187500
v -0.100000 0.136678 -0.187500
v -0.066667 0.145931 -0.187500
v -0.033333 0.144201 -0.187500
v 0.000000 0.145751 -0.187500
v 0.033333 0.147904 -0.187500
v 0.066667 0.141372 -0.187500
v 0.100000 0.145639 -0.187500
v 0.133333 0.144556 -0.187500
v 0.166667 0.135921 -0.187500
v 0.200000 0.133796 -0.187500
v 0.233333 0.127470 -0.187500
v 0.266667 0.113549 -0.187500
v 0.300000 0.104214 -0.187500
v 0.333333 0.093345 -0.187500
v 0.366667 0.079319 -0.187500
v 0.400000 0.069456 -0.187500
v 0.433333 0.061621 -0.187500
v 0.466667 0.051661 -0.187500
v 0.500000 0.046363 -0.187500
v 0.533333 0.036062 -0.187500
v 0.566667 0.024383 -0.187500
v 0.600000 0.017044 -0.187500
v 0.633333 0.009223 -0.187500
v 0.666667 0.002195 -0.187500
v 0.700000 0.000000 -0.187500
v 0.733333 0.000000 -0.187500
v 0.766667 0.000000 -0.187500
v 0.800000 0.000000 -0.187500
v -0.800000 0.000000 -0.171875
v -0.766667 0.000000 -0.171875
v -0.733333 0.000000 -0.171875
v -0.700000 0.000267 -0.171875
v -0.666667 0.004364 -0.171875
v -0.633333 0.009776 -0.171875
v -0.600000 0.018279 -0.171875
v -0.566667 0.029776 -0.171875
v -0.533333 0.040583 -0.171875
v -0.500000 0.054083 -0.171875
v -0.466667 0.066903 -0.171875
v -0.433333 0.072142 -0.171875
v -0.400000 0.085134 -0.171875
v -0.366667 0.098041 -0.171875
v -0.333333 0.100659 -0.171875
v -0.300000 0.109691 -0.171875
v -0.266667 0.119157 -0.171875
v -0.233333 0.123734 -0.171875
v -0.200000 0.134264 -0.171875
v -0.166667 0.141300 -0.171875
v -0.133333 0.141487 -0.171875
v -0.100000 0.151079 -0.171875
v -0.066667 0.159713 -0.171875
v -0.033333 0.154649 -0.171875
v 0.000000 0.154817 -0.171875
v 0.033333 0.157361 -0.171875
v 0.066667 0.155356 -0.171875
v 0.100000 0.158218 -0.171875
v 0.133333 0.157565 -0.171875
v 0.166667 0.145400 -0.171875
v 0.200000 0.140774 -0.171875
v 0.233333 0.137299 -0.171875
v 0.266667 0.121328 -0.171875
v 0.300000 0.111894 -0.171875
v 0.333333 0.101784 -0.171875
v 0.366667 0.086111 -0.171875
v 0.400000 0.076605 -0.171875
v 0.433333 0.068499 -0.171875
v 0.466667 0.058796 -0.171875
v 0.500000 0.052474 -0.171875
v 0.533333 0.042809 -0.171875
v 0.566667 0.028743 -0.171875
v 0.600000 0.020409 -0.171875
v 0.633333 0.012137 -0.171875
v 0.666667 0.004271 -0.171875
v 0.700000 0.000370 -0.171875
v 0.733333 0.000000 -0.171875
v 0.766667 0.000000 -0.171875
v 0.800000 0.000000 -0.171875
v -0.800000 0.000000 -0.156250
v -0.766667 0.000000 -0.156250
v -0.733333 0.000000 -0.156250
v -0.700000 0.001906 -0.156250
v -0.666667 0.008046 -0.156250
v -0.633333 0.014179 -0.156250
v -0.600000 0.023837 -0.156250
v -0.566667 0.036048 -0.156250
v -0.533333 0.049280 -0.156250
v -0.500000 0.067018 -0.156250
v -0.466667 0.081500 -0.156250
v -0.433333 0.088622 -0.156250
v -0.400000 0.101511 -0.156250
v -0.366667 0.113245 -0.156250
v -0.333333 0.117252 -0.156250
v -0.300000 0.125840 -0.156250
v -0.266667 0.137619 -0.156250
v -0.233333 0.142626 -0.156250
v -0.200000 0.152880 -0.156250
v -0.166667 0.161445 -0.156250
v -0.133333 0.161553 -0.156250
v -0.100000 0.172829 -0.156250
v -0.066667 0.178720 -0.156250
v -0.033333 0.173422 -0.156250
v 0.000000 0.172339 -0.156250
v 0.033333 0.173368 -0.156250
v 0.066667 0.170764 -0.156250
v 0.100000 0.174050 -0.156250
v 0.133333 0.170466 -0.156250
v 0.166667 0.155289 -0.156250
v 0.200000 0.153141 -0.156250
v 0.233333 0.147470 -0.156250
v 0.266667 0.133997 -0.156250
v 0.300000 0.124119 -0.156250
v 0.333333 0.113145 -0.156250
v 0.366667 0.097253 -0.156250
v 0.400000 0.089105 -0.156250
v 0.433333 0.080853 -0.156250
v 0.466667 0.068287 -0.156250
v 0.500000 0.062661 -0.156250
v 0.533333 0.050952 -0.156250
v 0.566667 0.036716 -0.156250
v 0.600000 0.026198 -0.156250
v 0.633333 0.017139 -0.156250
v 0.666667 0.007380 -0.156250
v 0.700000 0.002216 -0.156250
v 0.733333 0.000000 -0.156250
v 0.766667 0.000000 -0.156250
v 0.800000 0.000000 -0.156250
v -0.800000 0.000000 -0.140625
v -0.766667 0.000000 -0.140625
v -0.733333 0.000178 -0.140625
v -0.700000 0.004073 -0.140625
v -0.666667 0.011683 -0.140625
v -0.633333 0.019418 -0.140625
v -0.600000 0.029260 -0.140625
v -0.566667 0.043184 -0.140625
v -0.533333 0.055677 -0.140625
v -0.500000 0.074333 -0.140625
v -0.466667 0.089725 -0.140625
v -0.433333 0.096860 -0.140625
v -0.400000 0.109351 -0.140625
v -0.366667 0.124244 -0.140625
v -0.333333 0.126821 -0.140625
v -0.300000 0.137286 -0.140625
v -0.266667 0.150358 -0.140625
v -0.233333 0.154136 -0.140625
v -0.200000 0.166034 -0.140625
v -0.166667 0.173512 -0.140625
v -0.133333 0.176488 -0.140625
v -0.100000 0.185656 -0.140625
v -0.066667 0.196188 -0.140625
v -0.033333 0.189373 -0.140625
v 0.000000 0.189027 -0.140625
v 0.033333 0.188295 -0.140625
v 0.066667 0.179887 -0.140625
v 0.100000 0.183348 -0.140625
v 0.133333 0.179334 -0.140625
v 0.166667 0.167524 -0.140625
v 0.200000 0.162589 -0.140625
v 0.233333 0.161519 -0.140625
v 0.266667 0.146164 -0.140625
v 0.300000 0.136121 -0.140625
v 0.333333 0.123737 -0.140625
v 0.366667 0.107346 -0.140625
v 0.400000 0.100357 -0.140625
v 0.433333 0.091107 -0.140625
v 0.466667 0.078374 -0.140625
v 0.500000 0.068682 -0.140625
v 0.533333 0.059802 -0.140625
v 0.566667 0.043376 -0.140625
v 0.600000 0.034294 -0.140625
v 0.633333 0.023377 -0.140625
v 0.666667 0.012895 -0.140625
v 0.700000 0.004901 -0.140625
v 0.733333 0.000400 -0.140625
v 0.766667 0.000000 -0.140625
v 0.800000 0.000000 -0.140625
v -0.800000 0.000000 -0.125000
v -0.766667 0.000000 -0.125000
v -0.733333 0.000679 -0.125000
v -0.700000 0.005643 -0.125000
v -0.666667 0.013926 -0.125000
v -0.633333 0.021588 -0.125000
v -0.600000 0.033385 -0.125000
v -0.566667 0.046044 -0.125000
v -0.533333 0.057353 -0.125000
v -0.500000 0.073091 -0.125000
v -0.466667 0.087484 -0.125000
v -0.433333 0.093358 -0.125000
v -0.400000 0.109158 -0.125000
v -0.366667 0.123412 -0.125000
v -0.333333 0.129290 -0.125000
v -0.300000 0.140347 -0.125000
v -0.266667 0.151201 -0.125000
v -0.233333 0.158656 -0.125000
v -0.200000 0.168373 -0.125000
v -0.166667 0.179956 -0.125000
v -0.133333 0.180361 -0.125000
v -0.100000 0.194218 -0.125000
v -0.066667 0.200466 -0.125000
v -0.033333 0.199149 -0.125000
v 0.000000 0.197210 -0.125000
v 0.033333 0.193991 -0.125000
v 0.066667 0.184578 -0.125000
v 0.100000 0.185383 -0.125000
v 0.133333 0.187886 -0.125000
v 0.166667 0.173419 -0.125000
v 0.200000 0.172169 -0.125000
v 0.233333 0.165475 -0.125000
v 0.266667 0.152248 -0.125000
v 0.300000 0.142078 -0.125000
v 0.333333 0.127945 -0.125000
v 0.366667 0.110932 -0.125000
v 0.400000 0.103902 -0.125000
v 0.433333 0.097123 -0.125000
v 0.466667 0.081245 -0.125000
v 0.500000 0.075315 -0.125000
v 0.533333 0.062646 -0.125000
v 0.566667 0.048912 -0.125000
v 0.600000 0.038388 -0.125000
v 0.633333 0.029675 -0.125000
v 0.666667 0.016746 -0.125000
v 0.700000 0.008440 -0.125000
v 0.733333 0.001597 -0.125000
v 0.766667 0.000000 -0.125000
v 0.800000 0.000000 -0.125000
v -0.800000 0.000000 -0.109375
v -0.766667 0.000000 -0.109375
v -0.733333 0.002097 -0.109375
v -0.700000 0.008255 -0.109375
v -0.666667 0.016870 -0.109375
v -0.633333 0.025221 -0.109375
v -0.600000 0.037371 -0.109375
v -0.566667 0.051056 -0.109375
v -0.533333 0.060504 -0.109375
v -0.500000 0.075221 -0.109375
v -0.466667 0.088995 -0.109375
v -0.433333 0.096998 -0.109375
v -0.400000 0.111391 -0.109375
v -0.366667 0.129705 -0.109375
v -0.333333 0.135506 -0.109375
v -0.300000 0.144724 -0.109375
v -0.266667 0.159925 -0.109375
v -0.233333 0.162584 -0.109375
v -0.200000 0.179286 -0.109375
v -0.166667 0.189640 -0.109375
v -0.133333 0.194394 -0.109375
v -0.100000 0.202454 -0.109375
v -0.066667 0.213043 -0.109375
v -0.033333 0.205938 -0.109375
v 0.000000 0.209162 -0.109375
v 0.033333 0.205885 -0.109375
v 0.066667 0.193130 -0.109375
v 0.100000 0.198246 -0.109375
v 0.133333 0.199026 -0.109375
v 0.166667 0.190255 -0.109375
v 0.200000 0.180288 -0.109375
v 0.233333 0.173949 -0.109375
v 0.266667 0.158813 -0.109375
v 0.300000 0.150957 -0.109375
v 0.333333 0.138042 -0.109375
v 0.366667 0.118537 -0.109375
v 0.400000 0.111314 -0.109375
v 0.433333 0.101997 -0.109375
v 0.466667 0.091088 -0.109375
v 0.500000 0.081660 -0.109375
v 0.533333 0.070933 -0.109375
v 0.566667 0.052847 -0.109375
v 0.600000 0.043586 -0.109375
v 0.633333 0.033117 -0.109375
v 0.666667 0.021134 -0.109375
v 0.700000 0.011088 -0.109375
v 0.733333 0.003738 -0.109375
v 0.766667 0.000000 -0.109375
v 0.800000 0.000000 -0.109375
v -0.800000 0.000000 -0.093750
v -0.766667 0.000330 -0.093750
v -0.733333 0.004737 -0.093750
v -0.700000 0.012786 -0.093750
v -0.666667 0.022816 -0.093750
v -0.633333 0.032115 -0.093750
v -0.600000 0.045991 -0.093750
v -0.566667 0.060799 -0.093750
v -0.533333 0.070056 -0.093750
v -0.500000 0.085899 -0.093750
v -0.466667 0.101153 -0.093750
v -0.433333 0.108163 -0.093750
v -0.400000 0.124741 -0.093750
v -0.366667 0.140618 -0.093750
v -0.333333 0.145471 -0.093750
v -0.300000 0.159301 -0.093750
v -0.266667 0.169398 -0.093750
v -0.233333 0.178927 -0.093750
v -0.200000 0.191941 -0.093750
v -0.166667 0.208579 -0.093750
v -0.133333 0.210151 -0.093750
v -0.100000 0.221357 -0.093750
v -0.066667 0.226256 -0.093750
v -0.033333 0.224141 -0.093750
v 0.000000 0.226202 -0.093750
v 0.033333 0.225271 -0.093750
v 0.066667 0.212078 -0.093750
v 0.100000 0.212985 -0.093750
v 0.133333 0.217520 -0.093750
v 0.166667 0.204699 -0.093750
v 0.200000 0.197537 -0.093750
v 0.233333 0.183521 -0.093750
v 0.266667 0.168948 -0.093750
v 0.300000 0.164558 -0.093750
v 0.333333 0.152799 -0.093750
v 0.366667 0.134027 -0.093750
v 0.400000 0.122360 -0.093750
v 0.433333 0.114851 -0.093750
v 0.466667 0.099869 -0.093750
v 0.500000 0.092895 -0.093750
v 0.533333 0.078365 -0.093750
v 0.566667 0.059086 -0.093750
v 0.600000 0.047423 -0.093750
v 0.633333 0.036564 -0.093750
v 0.666667 0.023668 -0.093750
v 0.700000 0.014471 -0.093750
v 0.733333 0.005675 -0.093750
v 0.766667 0.000413 -0.093750
v 0.800000 0.000000 -0.093750
v -0.800000 0.000000 -0.078125
v -0.766667 0.001029 -0.078125
v -0.733333 0.006505 -0.078125
v -0.700000 0.016134 -0.078125
v -0.666667 0.027643 -0.078125
v -0.633333 0.037944 -0.078125
v -0.600000 0.053632 -0.078125
v -0.566667 0.067820 -0.078125
v -0.533333 0.078508 -0.078125
v -0.500000 0.093583 -0.078125
v -0.466667 0.110450 -0.078125
v -0.433333 0.117882 -0.078125
v -0.400000 0.132190 -0.078125
v -0.366667 0.146054 -0.078125
v -0.333333 0.152030 -0.078125
v -0.300000 0.162437 -0.078125
v -0.266667 0.180442 -0.078125
v -0.233333 0.182319 -0.078125
v -0.200000 0.198812 -0.078125
v -0.166667 0.211141 -0.078125
v -0.133333 0.216004 -0.078125
v -0.100000 0.226033 -0.078125
v -0.066667 0.235978 -0.078125
v -0.033333 0.233935 -0.078125
v 0.000000 0.238116 -0.078125
v 0.033333 0.236290 -0.078125
v 0.066667 0.222017 -0.078125
v 0.100000 0.219702 -0.078125
v 0.133333 0.220477 -0.078125
v 0.166667 0.211402 -0.078125
v 0.200000 0.202337 -0.078125
v 0.233333 0.189130 -0.078125
v 0.266667 0.170947 -0.078125
v 0.300000 0.164972 -0.078125
v 0.333333 0.158088 -0.078125
v 0.366667 0.137445 -0.078125
v 0.400000 0.130364 -0.078125
v 0.433333 0.118357 -0.078125
v 0.466667 0.105656 -0.078125
v 0.500000 0.095944 -0.078125
v 0.533333 0.081050 -0.078125
v 0.566667 0.060699 -0.078125
v 0.600000 0.047374 -0.078125
v 0.633333 0.036817 -0.078125
v 0.666667 0.023961 -0.078125
v 0.700000 0.015180 -0.078125
v 0.733333 0.007468 -0.078125
v 0.766667 0.000843 -0.078125
v 0.800000 0.000000 -0.078125
v -0.800000 0.000000 -0.062500
v -0.766667 0.001300 -0.062500
v -0.733333 0.006941 -0.062500
v -0.700000 0.017379 -0.062500
v -0.666667 0.030025 -0.062500
v -0.633333 0.041698 -0.062500
v -0.600000 0.055694 -0.062500
v -0.566667 0.071258 -0.062500
v -0.533333 0.078345 -0.062500
v -0.500000 0.096606 -0.062500
v -0.466667 0.111732 -0.062500
v -0.433333 0.121140 -0.062500
v -0.400000 0.133992 -0.062500
v -0.366667 0.148370 -0.062500
v -0.333333 0.149402 -0.062500
v -0.300000 0.166323 -0.062500
v -0.266667 0.179431 -0.062500
v -0.233333 0.185136 -0.062500
v -0.200000 0.194338 -0.062500
v -0.166667 0.207818 -0.062500
v -0.133333 0.209642 -0.062500
v -0.100000 0.223534 -0.062500
v -0.066667 0.237287 -0.062500
v -0.033333 0.234892 -0.062500
v 0.000000 0.237746 -0.062500
v 0.033333 0.234831 -0.062500
v 0.066667 0.218589 -0.062500
v 0.100000 0.217066 -0.062500
v 0.133333 0.213886 -0.062500
v 0.166667 0.206073 -0.062500
v 0.200000 0.201975 -0.062500
v 0.233333 0.188739 -0.062500
v 0.266667 0.166368 -0.062500
v 0.300000 0.159585 -0.062500
v 0.333333 0.147604 -0.062500
v 0.366667 0.134287 -0.062500
v 0.400000 0.124477 -0.062500
v 0.433333 0.119769 -0.062500
v 0.466667 0.104037 -0.062500
v 0.500000 0.096323 -0.062500
v 0.533333 0.082393 -0.062500
v 0.566667 0.060506 -0.062500
v 0.600000 0.047764 -0.062500
v 0.633333 0.036047 -0.062500
v 0.666667 0.023824 -0.062500
v 0.700000 0.015748 -0.062500
v 0.733333 0.007365 -0.062500
v 0.766667 0.001324 -0.062500
v 0.800000 0.000000 -0.062500
v -0.800000 0.000000 -0.046875
v -0.766667 0.001789 -0.046875
v -0.733333 0.007864 -0.046875
v -0.700000 0.018904 -0.046875
v -0.666667 0.033109 -0.046875
v -0.633333 0.043987 -0.046875
v -0.600000 0.059316 -0.046875
v -0.566667 0.070970 -0.046875
v -0.533333 0.082114 -0.046875
v -0.500000 0.095803 -0.046875
v -0.466667 0.116691 -0.046875
v -0.433333 0.123567 -0.046875
v -0.400000 0.140802 -0.046875
v -0.366667 0.151922 -0.046875
v -0.333333 0.157698 -0.046875
v -0.300000 0.170816 -0.046875
v -0.266667 0.189299 -0.046875
v -0.233333 0.192354 -0.046875
v -0.200000 0.204871 -0.046875
v -0.166667 0.214971 -0.046875
v -0.133333 0.217251 -0.046875
v -0.100000 0.228874 -0.046875
v -0.066667 0.241801 -0.046875
v -0.033333 0.240934 -0.046875
v 0.000000 0.237625 -0.046875
v 0.033333 0.233010 -0.046875
v 0.066667 0.220662 -0.046875
v 0.100000 0.216266 -0.046875
v 0.133333 0.217040 -0.046875
v 0.166667 0.206876 -0.046875
v 0.200000 0.207001 -0.046875
v 0.233333 0.194775 -0.046875
v 0.266667 0.173442 -0.046875
v 0.300000 0.160036 -0.046875
v 0.333333 0.152141 -0.046875
v 0.366667 0.132339 -0.046875
v 0.400000 0.130567 -0.046875
v 0.433333 0.121887 -0.046875
v 0.466667 0.110399 -0.046875
v 0.500000 0.102458 -0.046875
v 0.533333 0.088754 -0.046875
v 0.566667 0.067178 -0.046875
v 0.600000 0.053115 -0.046875
v 0.633333 0.041145 -0.046875
v 0.666667 0.027500 -0.046875
v 0.700000 0.017787 -0.046875
v 0.733333 0.009335 -0.046875
v 0.766667 0.001655 -0.046875
v 0.800000 0.000000 -0.046875
v -0.800000 0.000000 -0.031250
v -0.766667 0.002827 -0.031250
v -0.733333 0.008804 -0.031250
v -0.700000 0.020504 -0.031250
v -0.666667 0.034658 -0.031250
v -0.633333 0.045668 -0.031250
v -0.600000 0.058214 -0.031250
v -0.566667 0.073960 -0.031250
v -0.533333 0.080421 -0.031250
v -0.500000 0.101124 -0.031250
v -0.466667 0.116765 -0.031250
v -0.433333 0.129693 -0.031250
v -0.400000 0.143548 -0.031250
v -0.366667 0.160867 -0.031250
v -0.333333 0.166077 -0.031250
v -0.300000 0.183497 -0.031250
v -0.266667 0.200571 -0.031250
v -0.233333 0.207577 -0.031250
v -0.200000 0.223502 -0.031250
v -0.166667 0.235360 -0.031250
v -0.133333 0.231092 -0.031250
v -0.100000 0.239311 -0.031250
v -0.066667 0.249035 -0.031250
v -0.033333 0.242202 -0.031250
v 0.000000 0.240369 -0.031250
v 0.033333 0.235287 -0.031250
v 0.066667 0.222464 -0.031250
v 0.100000 0.224621 -0.031250
v 0.133333 0.221670 -0.031250
v 0.166667 0.216275 -0.031250
v 0.200000 0.212611 -0.031250
v 0.233333 0.205576 -0.031250
v 0.266667 0.183483 -0.031250
v 0.300000 0.174741 -0.031250
v 0.333333 0.160949 -0.031250
v 0.366667 0.145376 -0.031250
v 0.400000 0.136078 -0.031250
v 0.433333 0.130499 -0.031250
v 0.466667 0.116192 -0.031250
v 0.500000 0.108598 -0.031250
v 0.533333 0.094142 -0.031250
v 0.566667 0.072244 -0.031250
v 0.600000 0.058111 -0.031250
v 0.633333 0.046030 -0.031250
v 0.666667 0.031542 -0.031250
v 0.700000 0.021180 -0.031250
v 0.733333 0.010799 -0.031250
v 0.766667 0.002614 -0.031250
v 0.800000 0.000000 -0.031250
v -0.800000 0.000000 -0.015625
v -0.766667 0.002911 -0.015625
v -0.733333 0.009052 -0.015625
v -0.700000 0.020075 -0.015625
v -0.666667 0.033307 -0.015625
v -0.633333 0.042739 -0.015625
v -0.600000 0.056559 -0.015625
v -0.566667 0.069275 -0.015625
v -0.533333 0.081858 -0.015625
v -0.500000 0.096168 -0.015625
v -0.466667 0.117428 -0.015625
v -0.433333 0.124254 -0.015625
v -0.400000 0.142317 -0.015625
v -0.366667 0.160008 -0.015625
v -0.333333 0.170185 -0.015625
v -0.300000 0.187164 -0.015625
v -0.266667 0.202724 -0.015625
v -0.233333 0.212962 -0.015625
v -0.200000 0.231042 -0.015625
v -0.166667 0.242433 -0.015625
v -0.133333 0.237108 -0.015625
v -0.100000 0.238011 -0.015625
v -0.066667 0.242561 -0.015625
v -0.033333 0.234366 -0.015625
v 0.000000 0.229434 -0.015625
v 0.033333 0.227457 -0.015625
v 0.066667 0.218155 -0.015625
v 0.100000 0.218860 -0.015625
v 0.133333 0.221982 -0.015625
v 0.166667 0.211780 -0.015625
v 0.200000 0.213539 -0.015625
v 0.233333 0.204823 -0.015625
v 0.266667 0.189722 -0.015625
v 0.300000 0.179272 -0.015625
v 0.333333 0.168266 -0.015625
v 0.366667 0.147080 -0.015625
v 0.400000 0.138987 -0.015625
v 0.433333 0.129513 -0.015625
v 0.466667 0.115124 -0.015625
v 0.500000 0.106838 -0.015625
v 0.533333 0.090803 -0.015625
v 0.566667 0.068992 -0.015625
v 0.600000 0.056176 -0.015625
v 0.633333 0.044378 -0.015625
v 0.666667 0.030923 -0.015625
v 0.700000 0.021508 -0.015625
v 0.733333 0.011223 -0.015625
v 0.766667 0.002815 -0.015625
v 0.800000 0.000000 -0.015625
v -0.800000 0.000000 0.000000
v -0.766667 0.003364 0.000000
v -0.733333 0.008962 0.000000
v -0.700000 0.019709 0.000000
v -0.666667 0.032953 0.000000
v -0.633333 0.042408 0.000000
v -0.600000 0.056108 0.000000
v -0.566667 0.073069 0.000000
v -0.533333 0.081522 0.000000
v -0.500000 0.100400 0.000000
v -0.466667 0.114200 0.000000
v -0.433333 0.122697 0.000000
v -0.400000 0.138935 0.000000
v -0.366667 0.158450 0.000000
v -0.333333 0.168993 0.000000
v -0.300000 0.183373 0.000000
v -0.266667 0.197378 0.000000
v -0.233333 0.205615 0.000000
v -0.200000 0.226975 0.000000
v -0.166667 0.239337 0.000000
v -0.133333 0.232151 0.000000
v -0.100000 0.236984 0.000000
v -0.066667 0.237669 0.000000
v -0.033333 0.224264 0.000000
v 0.000000 0.219799 0.000000
v 0.033333 0.218216 0.000000
v 0.066667 0.210070 0.000000
v 0.100000 0.212961 0.000000
v 0.133333 0.213968 0.000000
v 0.166667 0.209188 0.000000
v 0.200000 0.206479 0.000000
v 0.233333 0.204163 0.000000
v 0.266667 0.187797 0.000000
v 0.300000 0.179787 0.000000
v 0.333333 0.166765 0.000000
v 0.366667 0.148062 0.000000
v 0.400000 0.138879 0.000000
v 0.433333 0.128320 0.000000
v 0.466667 0.113997 0.000000
v 0.500000 0.102450 0.000000
v 0.533333 0.087221 0.000000
v 0.566667 0.065923 0.000000
v 0.600000 0.053188 0.000000
v 0.633333 0.041280 0.000000
v 0.666667 0.029508 0.000000
v 0.700000 0.021172 0.000000
v 0.733333 0.012093 0.000000
v 0.766667 0.003094 0.000000
v 0.800000 0.000000 0.000000
v -0.800000 0.000000 0.015625
v -0.766667 0.003960 0.015625
v -0.733333 0.010850 0.015625
v -0.700000 0.022140 0.015625
v -0.666667 0.035226 0.015625
v -0.633333 0.045982 0.015625
v -0.600000 0.062355 0.015625
v -0.566667 0.079490 0.015625
v -0.533333 0.092999 0.015625
v -0.500000 0.107201 0.015625
v -0.466667 0.123540 0.015625
v -0.433333 0.128931 0.015625
v -0.400000 0.145201 0.015625
v -0.366667 0.164068 0.015625
v -0.333333 0.170305 0.015625
v -0.300000 0.181892 0.015625
v -0.266667 0.192845 0.015625
v -0.233333 0.201675 0.015625
v -0.200000 0.222312 0.015625
v -0.166667 0.233590 0.015625
v -0.133333 0.235309 0.015625
v -0.100000 0.240066 0.015625
v -0.066667 0.244570 0.015625
v -0.033333 0.228174 0.015625
v 0.000000 0.222466 0.015625
v 0.033333 0.220937 0.015625
v 0.066667 0.213129 0.015625
v 0.100000 0.215253 0.015625
v 0.133333 0.218135 0.015625
v 0.166667 0.210446 0.015625
v 0.200000 0.212752 0.015625
v 0.233333 0.204326 0.015625
v 0.266667 0.190444 0.015625
v 0.300000 0.180343 0.015625
v 0.333333 0.170361 0.015625
v 0.366667 0.153536 0.015625
v 0.400000 0.145183 0.015625
v 0.433333 0.134752 0.015625
v 0.466667 0.114439 0.015625
v 0.500000 0.104459 0.015625
v 0.533333 0.087580 0.015625
v 0.566667 0.068902 0.015625
v 0.600000 0.055640 0.015625
v 0.633333 0.042173 0.015625
v 0.666667 0.029743 0.015625
v 0.700000 0.023327 0.015625
v 0.733333 0.013490 0.015625
v 0.766667 0.004324 0.015625
v 0.800000 0.000000 0.015625
v -0.800000 0.000000 0.031250
v -0.766667 0.004350 0.031250
v -0.733333 0.011744 0.031250
v -0.700000 0.023161 0.031250
v -0.666667 0.035978 0.031250
v -0.633333 0.046193 0.031250
v -0.600000 0.063415 0.031250
v -0.566667 0.084200 0.031250
v -0.533333 0.095901 0.031250
v -0.500000 0.114581 0.031250
v -0.466667 0.127435 0.031250
v -0.433333 0.134908 0.031250
v -0.400000 0.151570 0.031250
v -0.366667 0.166457 0.031250
v -0.333333 0.170574 0.031250
v -0.300000 0.179748 0.031250
v -0.266667 0.190168 0.031250
v -0.233333 0.197613 0.031250
v -0.200000 0.213187 0.031250
v -0.166667 0.227991 0.031250
v -0.133333 0.226154 0.031250
v -0.100000 0.242793 0.031250
v -0.066667 0.243062 0.031250
v -0.033333 0.230772 0.031250
v 0.000000 0.224905 0.031250
v 0.033333 0.225796 0.031250
v 0.066667 0.215616 0.031250
v 0.100000 0.216627 0.031250
v 0.133333 0.217245 0.031250
v 0.166667 0.212854 0.031250
v 0.200000 0.210379 0.031250
v 0.233333 0.205620 0.031250
v 0.266667 0.185858 0.031250
v 0.300000 0.179675 0.031250
v 0.333333 0.170680 0.031250
v 0.366667 0.158258 0.031250
v 0.400000 0.151229 0.031250
v 0.433333 0.136585 0.031250
v 0.466667 0.116944 0.031250
v 0.500000 0.100973 0.031250
v 0.533333 0.088191 0.031250
v 0.566667 0.069877 0.031250
v 0.600000 0.056562 0.031250
v 0.633333 0.042079 0.031250
v 0.666667 0.029102 0.031250
v 0.700000 0.022430 0.031250
v 0.733333 0.013847 0.031250
v 0.766667 0.004081 0.031250
v 0.800000 0.000000 0.031250
v -0.800000 0.000000 0.046875
v -0.766667 0.002919 0.046875
v -0.733333 0.009853 0.046875
v -0.700000 0.020260 0.046875
v -0.666667 0.031351 0.046875
v -0.633333 0.041258 0.046875
v -0.600000 0.058768 0.046875
v -0.566667 0.078025 0.046875
v -0.533333 0.092868 0.046875
v -0.500000 0.106514 0.046875
v -0.466667 0.123610 0.046875
v -0.433333 0.129685 0.046875
v -0.400000 0.146395 0.046875
v -0.366667 0.161448 0.046875
v -0.333333 0.163350 0.046875
v -0.300000 0.172896 0.046875
v -0.266667 0.183131 0.046875
v -0.233333 0.186548 0.046875
v -0.200000 0.201156 0.046875
v -0.166667 0.206924 0.046875
v -0.133333 0.216903 0.046875
v -0.100000 0.225409 0.046875
v -0.066667 0.233695 0.046875
v -0.033333 0.217980 0.046875
v 0.000000 0.220416 0.046875
v 0.033333 0.221053 0.046875
v 0.066667 0.212763 0.046875
v 0.100000 0.209902 0.046875
v 0.133333 0.207786 0.046875
v 0.166667 0.199295 0.046875
v 0.200000 0.199740 0.046875
v 0.233333 0.191343 0.046875
v 0.266667 0.176587 0.046875
v 0.300000 0.167991 0.046875
v 0.333333 0.165085 0.046875
v 0.366667 0.153779 0.046875
v 0.400000 0.148787 0.046875
v 0.433333 0.135223 0.046875
v 0.466667 0.110336 0.046875
v 0.500000 0.096969 0.046875
v 0.533333 0.081295 0.046875
v 0.566667 0.065331 0.046875
v 0.600000 0.053108 0.046875
v 0.633333 0.038244 0.046875
v 0.666667 0.026035 0.046875
v 0.700000 0.019071 0.046875
v 0.733333 0.011250 0.046875
v 0.766667 0.003065 0.046875
v 0.800000 0.000000 0.046875
v -0.800000 0.000000 0.062500
v -0.766667 0.001669 0.062500
v -0.733333 0.006977 0.062500
v -0.700000 0.016457 0.062500
v -0.666667 0.028279 0.062500
v -0.633333 0.038156 0.062500
v -0.600000 0.054210 0.062500
v -0.566667 0.073062 0.062500
v -0.533333 0.083028 0.062500
v -0.500000 0.100823 0.062500
v -0.466667 0.114565 0.062500
v -0.433333 0.125382 0.062500
v -0.400000 0.140984 0.062500
v -0.366667 0.155237 0.062500
v -0.333333 0.157903 0.062500
v -0.300000 0.166013 0.062500
v -0.266667 0.176176 0.062500
v -0.233333 0.180038 0.062500
v -0.200000 0.188493 0.062500
v -0.166667 0.202969 0.062500
v -0.133333 0.202344 0.062500
v -0.100000 0.221545 0.062500
v -0.066667 0.220965 0.062500
v -0.033333 0.212029 0.062500
v 0.000000 0.214361 0.062500
v 0.033333 0.222113 0.062500
v 0.066667 0.214521 0.062500
v 0.100000 0.212555 0.062500
v 0.133333 0.205923 0.062500
v 0.166667 0.191493 0.062500
v 0.200000 0.189845 0.062500
v 0.233333 0.183792 0.062500
v 0.266667 0.168997 0.062500
v 0.300000 0.163716 0.062500
v 0.333333 0.158681 0.062500
v 0.366667 0.151908 0.062500
v 0.400000 0.146258 0.062500
v 0.433333 0.132571 0.062500
v 0.466667 0.109431 0.062500
v 0.500000 0.092646 0.062500
v 0.533333 0.079047 0.062500
v 0.566667 0.061831 0.062500
v 0.600000 0.050407 0.062500
v 0.633333 0.038142 0.062500
v 0.666667 0.024171 0.062500
v 0.700000 0.017556 0.062500
v 0.733333 0.009363 0.062500
v 0.766667 0.002033 0.062500
v 0.800000 0.000000 0.062500
v -0.800000 0.000000 0.078125
v -0.766667 0.000811 0.078125
v -0.733333 0.005419 0.078125
v -0.700000 0.015308 0.078125
v -0.666667 0.027721 0.078125
v -0.633333 0.039007 0.078125
v -0.600000 0.054125 0.078125
v -0.566667 0.068437 0.078125
v -0.533333 0.079310 0.078125
v -0.500000 0.093728 0.078125
v -0.466667 0.113114 0.078125
v -0.433333 0.122026 0.078125
v -0.400000 0.138965 0.078125
v -0.366667 0.152500 0.078125
v -0.333333 0.155022 0.078125
v -0.300000 0.165087 0.078125
v -0.266667 0.175559 0.078125
v -0.233333 0.181204 0.078125
v -0.200000 0.196277 0.078125
v -0.166667 0.200944 0.078125
v -0.133333 0.208048 0.078125
v -0.100000 0.213901 0.078125
v -0.066667 0.218410 0.078125
v -0.033333 0.206424 0.078125
v 0.000000 0.211755 0.078125
v 0.033333 0.219983 0.078125
v 0.066667 0.218821 0.078125
v 0.100000 0.219812 0.078125
v 0.133333 0.211387 0.078125
v 0.166667 0.196445 0.078125
v 0.200000 0.190212 0.078125
v 0.233333 0.189053 0.078125
v 0.266667 0.173045 0.078125
v 0.300000 0.167392 0.078125
v 0.333333 0.161705 0.078125
v 0.366667 0.151296 0.078125
v 0.400000 0.146410 0.078125
v 0.433333 0.132107 0.078125
v 0.466667 0.109398 0.078125
v 0.500000 0.094714 0.078125
v 0.533333 0.080258 0.078125
v 0.566667 0.063959 0.078125
v 0.600000 0.052657 0.078125
v 0.633333 0.039614 0.078125
v 0.666667 0.026460 0.078125
v 0.700000 0.016669 0.078125
v 0.733333 0.008760 0.078125
v 0.766667 0.001390 0.078125
v 0.800000 0.000000 0.078125
v -0.800000 0.000000 0.093750
v -0.766667 0.000232 0.093750
v -0.733333 0.004091 0.093750
v -0.700000 0.012977 0.093750
v -0.666667 0.025613 0.093750
v -0.633333 0.036712 0.093750
v -0.600000 0.050148 0.093750
v -0.566667 0.063856 0.093750
v -0.533333 0.071883 0.093750
v -0.500000 0.087761 0.093750
v -0.466667 0.104507 0.093750
v -0.433333 0.115265 0.093750
v -0.400000 0.129273 0.093750
v -0.366667 0.144189 0.093750
v -0.333333 0.150494 0.093750
v -0.300000 0.160257 0.093750
v -0.266667 0.175915 0.093750
v -0.233333 0.184581 0.093750
v -0.200000 0.196246 0.093750
v -0.166667 0.207552 0.093750
v -0.133333 0.200353 0.093750
v -0.100000 0.209244 0.093750
v -0.066667 0.209716 0.093750
v -0.033333 0.198852 0.093750
v 0.000000 0.202705 0.093750
v 0.033333 0.209828 0.093750
v 0.066667 0.208934 0.093750
v 0.100000 0.212525 0.093750
v 0.133333 0.206251 0.093750
v 0.166667 0.189380 0.093750
v 0.200000 0.188969 0.093750
v 0.233333 0.182952 0.093750
v 0.266667 0.172181 0.093750
v 0.300000 0.162032 0.093750
v 0.333333 0.156217 0.093750
v 0.366667 0.143612 0.093750
v 0.400000 0.136772 0.093750
v 0.433333 0.124606 0.093750
v 0.466667 0.103191 0.093750
v 0.500000 0.091236 0.093750
v 0.533333 0.079507 0.093750
v 0.566667 0.062994 0.093750
v 0.600000 0.051778 0.093750
v 0.633333 0.038979 0.093750
v 0.666667 0.023905 0.093750
v 0.700000 0.015018 0.093750
v 0.733333 0.006422 0.093750
v 0.766667 0.000485 0.093750
v 0.800000 0.000000 0.093750
v -0.800000 0.000000 0.109375
v -0.766667 0.000000 0.109375
v -0.733333 0.002358 0.109375
v -0.700000 0.009966 0.109375
v -0.666667 0.020404 0.109375
v -0.633333 0.029945 0.109375
v -0.600000 0.043585 0.109375
v -0.566667 0.056219 0.109375
v -0.533333 0.064933 0.109375
v -0.500000 0.078320 0.109375
v -0.466667 0.093999 0.109375
v -0.433333 0.101801 0.109375
v -0.400000 0.115164 0.109375
v -0.366667 0.130627 0.109375
v -0.333333 0.137635 0.109375
v -0.300000 0.152956 0.109375
v -0.266667 0.166537 0.109375
v -0.233333 0.175949 0.109375
v -0.200000 0.190611 0.109375
v -0.166667 0.194710 0.109375
v -0.133333 0.194488 0.109375
v -0.100000 0.197478 0.109375
v -0.066667 0.199428 0.109375
v -0.033333 0.190778 0.109375
v 0.000000 0.191425 0.109375
v 0.033333 0.196025 0.109375
v 0.066667 0.192927 0.109375
v 0.100000 0.193853 0.109375
v 0.133333 0.187419 0.109375
v 0.166667 0.174292 0.109375
v 0.200000 0.171779 0.109375
v 0.233333 0.170041 0.109375
v 0.266667 0.153012 0.109375
v 0.300000 0.148465 0.109375
v 0.333333 0.139610 0.109375
v 0.366667 0.127719 0.109375
v 0.400000 0.119965 0.109375
v 0.433333 0.108744 0.109375
v 0.466667 0.090645 0.109375
v 0.500000 0.080123 0.109375
v 0.533333 0.071095 0.109375
v 0.566667 0.056070 0.109375
v 0.600000 0.044691 0.109375
v 0.633333 0.032557 0.109375
v 0.666667 0.019202 0.109375
v 0.700000 0.010512 0.109375
v 0.733333 0.003851 0.109375
v 0.766667 0.000000 0.109375
v 0.800000 0.000000 0.109375
v -0.800000 0.000000 0.125000
v -0.766667 0.000000 0.125000
v -0.733333 0.001111 0.125000
v -0.700000 0.007066 0.125000
v -0.666667 0.015847 0.125000
v -0.633333 0.024404 0.125000
v -0.600000 0.036695 0.125000
v -0.566667 0.051227 0.125000
v -0.533333 0.059972 0.125000
v -0.500000 0.073188 0.125000
v -0.466667 0.087731 0.125000
v -0.433333 0.095553 0.125000
v -0.400000 0.106872 0.125000
v -0.366667 0.120104 0.125000
v -0.333333 0.128684 0.125000
v -0.300000 0.141088 0.125000
v -0.266667 0.158246 0.125000
v -0.233333 0.166114 0.125000
v -0.200000 0.176672 0.125000
v -0.166667 0.188344 0.125000
v -0.133333 0.184223 0.125000
v -0.100000 0.190880 0.125000
v -0.066667 0.192256 0.125000
v -0.033333 0.182638 0.125000
v 0.000000 0.185737 0.125000
v 0.033333 0.187800 0.125000
v 0.066667 0.182676 0.125000
v 0.100000 0.180721 0.125000
v 0.133333 0.174239 0.125000
v 0.166667 0.163494 0.125000
v 0.200000 0.164124 0.125000
v 0.233333 0.159002 0.125000
v 0.266667 0.145578 0.125000
v 0.300000 0.139233 0.125000
v 0.333333 0.134168 0.125000
v 0.366667 0.118585 0.125000
v 0.400000 0.111066 0.125000
v 0.433333 0.098754 0.125000
v 0.466667 0.080536 0.125000
v 0.500000 0.071904 0.125000
v 0.533333 0.062583 0.125000
v 0.566667 0.048395 0.125000
v 0.600000 0.037766 0.125000
v 0.633333 0.027159 0.125000
v 0.666667 0.015014 0.125000
v 0.700000 0.007652 0.125000
v 0.733333 0.001946 0.125000
v 0.766667 0.000000 0.125000
v 0.800000 0.000000 0.125000
v -0.800000 0.000000 0.140625
v -0.766667 0.000000 0.140625
v -0.733333 0.000204 0.140625
v -0.700000 0.004652 0.140625
v -0.666667 0.012204 0.140625
v -0.633333 0.019627 0.140625
v -0.600000 0.031889 0.140625
v -0.566667 0.045822 0.140625
v -0.533333 0.055950 0.140625
v -0.500000 0.069036 0.140625
v -0.466667 0.085097 0.140625
v -0.433333 0.093715 0.140625
v -0.400000 0.104500 0.140625
v -0.366667 0.114445 0.140625
v -0.333333 0.117849 0.140625
v -0.300000 0.131328 0.140625
v -0.266667 0.146729 0.140625
v -0.233333 0.153117 0.140625
v -0.200000 0.166569 0.140625
v -0.166667 0.173413 0.140625
v -0.133333 0.176316 0.140625
v -0.100000 0.179251 0.140625
v -0.066667 0.181086 0.140625
v -0.033333 0.174136 0.140625
v 0.000000 0.177662 0.140625
v 0.033333 0.181749 0.140625
v 0.066667 0.173363 0.140625
v 0.100000 0.171808 0.140625
v 0.133333 0.167092 0.140625
v 0.166667 0.160440 0.140625
v 0.200000 0.162268 0.140625
v 0.233333 0.157054 0.140625
v 0.266667 0.141867 0.140625
v 0.300000 0.138475 0.140625
v 0.333333 0.131638 0.140625
v 0.366667 0.117241 0.140625
v 0.400000 0.105714 0.140625
v 0.433333 0.094044 0.140625
v 0.466667 0.074916 0.140625
v 0.500000 0.065562 0.140625
v 0.533333 0.057010 0.140625
v 0.566667 0.042677 0.140625
v 0.600000 0.033741 0.140625
v 0.633333 0.023663 0.140625
v 0.666667 0.012721 0.140625
v 0.700000 0.005644 0.140625
v 0.733333 0.000619 0.140625
v 0.766667 0.000000 0.140625
v 0.800000 0.000000 0.140625
v -0.800000 0.000000 0.156250
v -0.766667 0.000000 0.156250
v -0.733333 0.000000 0.156250
v -0.700000 0.002079 0.156250
v -0.666667 0.008239 0.156250
v -0.633333 0.014596 0.156250
v -0.600000 0.025288 0.156250
v -0.566667 0.038067 0.156250
v -0.533333 0.046546 0.156250
v -0.500000 0.059771 0.156250
v -0.466667 0.075154 0.156250
v -0.433333 0.085617 0.156250
v -0.400000 0.095554 0.156250
v -0.366667 0.102997 0.156250
v -0.333333 0.103832 0.156250
v -0.300000 0.115679 0.156250
v -0.266667 0.130139 0.156250
v -0.233333 0.137905 0.156250
v -0.200000 0.145634 0.156250
v -0.166667 0.157855 0.156250
v -0.133333 0.155360 0.156250
v -0.100000 0.162577 0.156250
v -0.066667 0.162343 0.156250
v -0.033333 0.158431 0.156250
v 0.000000 0.164534 0.156250
v 0.033333 0.165521 0.156250
v 0.066667 0.157093 0.156250
v 0.100000 0.154158 0.156250
v 0.133333 0.154088 0.156250
v 0.166667 0.150391 0.156250
v 0.200000 0.152918 0.156250
v 0.233333 0.145082 0.156250
v 0.266667 0.129872 0.156250
v 0.300000 0.126205 0.156250
v 0.333333 0.121063 0.156250
v 0.366667 0.105270 0.156250
v 0.400000 0.097170 0.156250
v 0.433333 0.082429 0.156250
v 0.466667 0.066272 0.156250
v 0.500000 0.056323 0.156250
v 0.533333 0.048090 0.156250
v 0.566667 0.036681 0.156250
v 0.600000 0.028114 0.156250
v 0.633333 0.019638 0.156250
v 0.666667 0.009368 0.156250
v 0.700000 0.003057 0.156250
v 0.733333 0.000000 0.156250
v 0.766667 0.000000 0.156250
v 0.800000 0.000000 0.156250
v -0.800000 0.000000 0.171875
v -0.766667 0.000000 0.171875
v -0.733333 0.000000 0.171875
v -0.700000 0.000428 0.171875
v -0.666667 0.004653 0.171875
v -0.633333 0.010474 0.171875
v -0.600000 0.018884 0.171875
v -0.566667 0.029106 0.171875
v -0.533333 0.036619 0.171875
v -0.500000 0.047788 0.171875
v -0.466667 0.063438 0.171875
v -0.433333 0.072379 0.171875
v -0.400000 0.083787 0.171875
v -0.366667 0.090443 0.171875
v -0.333333 0.091980 0.171875
v -0.300000 0.103588 0.171875
v -0.266667 0.119040 0.171875
v -0.233333 0.121804 0.171875
v -0.200000 0.133033 0.171875
v -0.166667 0.138352 0.171875
v -0.133333 0.140734 0.171875
v -0.100000 0.143613 0.171875
v -0.066667 0.147397 0.171875
v -0.033333 0.142452 0.171875
v 0.000000 0.150368 0.171875
v 0.033333 0.149996 0.171875
v 0.066667 0.137864 0.171875
v 0.100000 0.136077 0.171875
v 0.133333 0.137584 0.171875
v 0.166667 0.135288 0.171875
v 0.200000 0.136641 0.171875
v 0.233333 0.129964 0.171875
v 0.266667 0.113864 0.171875
v 0.300000 0.111638 0.171875
v 0.333333 0.105049 0.171875
v 0.366667 0.092769 0.171875
v 0.400000 0.082762 0.171875
v 0.433333 0.073320 0.171875
v 0.466667 0.055101 0.171875
v 0.500000 0.047931 0.171875
v 0.533333 0.039316 0.171875
v 0.566667 0.029070 0.171875
v 0.600000 0.022444 0.171875
v 0.633333 0.014063 0.171875
v 0.666667 0.005385 0.171875
v 0.700000 0.000761 0.171875
v 0.733333 0.000000 0.171875
v 0.766667 0.000000 0.171875
v 0.800000 0.000000 0.171875
v -0.800000 0.000000 0.187500
v -0.766667 0.000000 0.187500
v -0.733333 0.000000 0.187500
v -0.700000 0.000000 0.187500
v -0.666667 0.002648 0.187500
v -0.633333 0.007403 0.187500
v -0.600000 0.014903 0.187500
v -0.566667 0.023376 0.187500
v -0.533333 0.029665 0.187500
v -0.500000 0.042558 0.187500
v -0.466667 0.055893 0.187500
v -0.433333 0.065778 0.187500
v -0.400000 0.075256 0.187500
v -0.366667 0.084533 0.187500
v -0.333333 0.086915 0.187500
v -0.300000 0.100399 0.187500
v -0.266667 0.112355 0.187500
v -0.233333 0.116199 0.187500
v -0.200000 0.122410 0.187500
v -0.166667 0.131129 0.187500
v -0.133333 0.128903 0.187500
v -0.100000 0.135763 0.187500
v -0.066667 0.135221 0.187500
v -0.033333 0.134801 0.187500
v 0.000000 0.139779 0.187500
v 0.033333 0.140118 0.187500
v 0.066667 0.126848 0.187500
v 0.100000 0.125965 0.187500
v 0.133333 0.127152 0.187500
v 0.166667 0.124599 0.187500
v 0.200000 0.127295 0.187500
v 0.233333 0.120118 0.187500
v 0.266667 0.108490 0.187500
v 0.300000 0.102715 0.187500
v 0.333333 0.096293 0.187500
v 0.366667 0.081494 0.187500
v 0.400000 0.076489 0.187500
v 0.433333 0.065094 0.187500
v 0.466667 0.052960 0.187500
v 0.500000 0.042842 0.187500
v 0.533333 0.035141 0.187500
v 0.566667 0.024501 0.187500
v 0.600000 0.017271 0.187500
v 0.633333 0.009479 0.187500
v 0.666667 0.002456 0.187500
v 0.700000 0.000000 0.187500
v 0.733333 0.000000 0.187500
v 0.766667 0.000000 0.187500
v 0.800000 0.000000 0.187500
v -0.800000 0.000000 0.203125
v -0.766667 0.000000 0.203125
v -0.733333 0.000000 0.203125
v -0.700000 0.000000 0.203125
v -0.666667 0.000408 0.203125
v -0.633333 0.004656 0.203125
v -0.600000 0.010450 0.203125
v -0.566667 0.017490 0.203125
v -0.533333 0.025071 0.203125
v -0.500000 0.036622 0.203125
v -0.466667 0.051555 0.203125
v -0.433333 0.057587 0.203125
v -0.400000 0.068794 0.203125
v -0.366667 0.075877 0.203125
v -0.333333 0.082004 0.203125
v -0.300000 0.094041 0.203125
v -0.266667 0.105602 0.203125
v -0.233333 0.105821 0.203125
v -0.200000 0.114420 0.203125
v -0.166667 0.119880 0.203125
v -0.133333 0.119842 0.203125
v -0.100000 0.122842 0.203125
v -0.066667 0.126512 0.203125
v -0.033333 0.121499 0.203125
v 0.000000 0.131038 0.203125
v 0.033333 0.128678 0.203125
v 0.066667 0.119287 0.203125
v 0.100000 0.117754 0.203125
v 0.133333 0.121041 0.203125
v 0.166667 0.117728 0.203125
v 0.200000 0.118531 0.203125
v 0.233333 0.115822 0.203125
v 0.266667 0.101321 0.203125
v 0.300000 0.097607 0.203125
v 0.333333 0.085951 0.203125
v 0.366667 0.073275 0.203125
v 0.400000 0.066186 0.203125
v 0.433333 0.060172 0.203125
v 0.466667 0.046497 0.203125
v 0.500000 0.039399 0.203125
v 0.533333 0.029313 0.203125
v 0.566667 0.019113 0.203125
v 0.600000 0.011665 0.203125
v 0.633333 0.004874 0.203125
v 0.666667 0.000240 0.203125
v 0.700000 0.000000 0.203125
v 0.733333 0.000000 0.203125
v 0.766667 0.000000 0.203125
v 0.800000 0.000000 0.203125
v -0.800000 0.000000 0.218750
v -0.766667 0.000000 0.218750
v -0.733333 0.000000 0.218750
v -0.700000 0.000000 0.218750
v -0.666667 0.000000 0.218750
v -0.633333 0.001062 0.218750
v -0.600000 0.005213 0.218750
v -0.566667 0.011088 0.218750
v -0.533333 0.016967 0.218750
v -0.500000 0.029098 0.218750
v -0.466667 0.039826 0.218750
v -0.433333 0.048063 0.218750
v -0.400000 0.054586 0.218750
v -0.366667 0.065284 0.218750
v -0.333333 0.069055 0.218750
v -0.300000 0.083358 0.218750
v -0.266667 0.091352 0.218750
v -0.233333 0.093145 0.218750
v -0.200000 0.099484 0.218750
v -0.166667 0.106591 0.218750
v -0.133333 0.102891 0.218750
v -0.100000 0.107646 0.218750
v -0.066667 0.107105 0.218750
v -0.033333 0.107485 0.218750
v 0.000000 0.112192 0.218750
v 0.033333 0.115725 0.218750
v 0.066667 0.105573 0.218750
v 0.100000 0.107126 0.218750
v 0.133333 0.108672 0.218750
v 0.166667 0.104266 0.218750
v 0.200000 0.105258 0.218750
v 0.233333 0.098421 0.218750
v 0.266667 0.089614 0.218750
v 0.300000 0.081465 0.218750
v 0.333333 0.073057 0.218750
v 0.366667 0.057673 0.218750
v 0.400000 0.053245 0.218750
v 0.433333 0.046053 0.218750
v 0.466667 0.036617 0.218750
v 0.500000 0.028354 0.218750
v 0.533333 0.020584 0.218750
v 0.566667 0.011250 0.218750
v 0.600000 0.005293 0.218750
v 0.633333 0.000926 0.218750
v 0.666667 0.000000 0.218750
v 0.700000 0.000000 0.218750
v 0.733333 0.000000 0.218750
v 0.766667 0.000000 0.218750
v 0.800000 0.000000 0.218750
v -0.800000 0.000000 0.234375
v -0.766667 0.000000 0.234375
v -0.733333 0.000000 0.234375
v -0.700000 0.000000 0.234375
v -0.666667 0.000000 0.234375
v -0.633333 0.000000 0.234375
v -0.600000 0.001339 0.234375
v -0.566667 0.005456 0.234375
v -0.533333 0.010831 0.234375
v -0.500000 0.018916 0.234375
v -0.466667 0.029301 0.234375
v -0.433333 0.033800 0.234375
v -0.400000 0.044880 0.234375
v -0.366667 0.051434 0.234375
v -0.333333 0.059633 0.234375
v -0.300000 0.069075 0.234375
v -0.266667 0.079034 0.234375
v -0.233333 0.078709 0.234375
v -0.200000 0.087364 0.234375
v -0.166667 0.091893 0.234375
v -0.133333 0.091340 0.234375
v -0.100000 0.092508 0.234375
v -0.066667 0.095350 0.234375
v -0.033333 0.091686 0.234375
v 0.000000 0.100310 0.234375
v 0.033333 0.101265 0.234375
v 0.066667 0.095755 0.234375
v 0.100000 0.095038 0.234375
v 0.133333 0.094936 0.234375
v 0.166667 0.089639 0.234375
v 0.200000 0.086374 0.234375
v 0.233333 0.083840 0.234375
v 0.266667 0.071860 0.234375
v 0.300000 0.069481 0.234375
v 0.333333 0.057667 0.234375
v 0.366667 0.045071 0.234375
v 0.400000 0.038752 0.234375
v 0.433333 0.033791 0.234375
v 0.466667 0.024471 0.234375
v 0.500000 0.018851 0.234375
v 0.533333 0.012190 0.234375
v 0.566667 0.005449 0.234375
v 0.600000 0.001368 0.234375
v 0.633333 0.000000 0.234375
v 0.666667 0.000000 0.234375
v 0.700000 0.000000 0.234375
v 0.733333 0.000000 0.234375
v 0.766667 0.000000 0.234375
v 0.800000 0.000000 0.234375
v -0.800000 0.000000 0.250000
v -0.766667 0.000000 0.250000
v -0.733333 0.000000 0.250000
v -0.700000 0.000000 0.250000
v -0.666667 0.000000 0.250000
v -0.633333 0.000000 0.250000
v -0.600000 0.000000 0.250000
v -0.566667 0.002034 0.250000
v -0.533333 0.005726 0.250000
v -0.500000 0.012050 0.250000
v -0.466667 0.018304 0.250000
v -0.433333 0.025303 0.250000
v -0.400000 0.033624 0.250000
v -0.366667 0.045184 0.250000
v -0.333333 0.048745 0.250000
v -0.300000 0.060066 0.250000
v -0.266667 0.065989 0.250000
v -0.233333 0.068513 0.250000
v -0.200000 0.075299 0.250000
v -0.166667 0.082891 0.250000
v -0.133333 0.080744 0.250000
v -0.100000 0.085980 0.250000
v -0.066667 0.086460 0.250000
v -0.033333 0.085226 0.250000
v 0.000000 0.089489 0.250000
v 0.033333 0.092582 0.250000
v 0.066667 0.086309 0.250000
v 0.100000 0.085498 0.250000
v 0.133333 0.085284 0.250000
v 0.166667 0.077085 0.250000
v 0.200000 0.076405 0.250000
v 0.233333 0.070452 0.250000
v 0.266667 0.064707 0.250000
v 0.300000 0.057450 0.250000
v 0.333333 0.049196 0.250000
v 0.366667 0.035039 0.250000
v 0.400000 0.029915 0.250000
v 0.433333 0.024817 0.250000
v 0.466667 0.017276 0.250000
v 0.500000 0.012101 0.250000
v 0.533333 0.007194 0.250000
v 0.566667 0.002158 0.250000
v 0.600000 0.000000 0.250000
v 0.633333 0.000000 0.250000
v 0.666667 0.000000 0.250000
v 0.700000 0.000000 0.250000
v 0.733333 0.000000 0.250000
v 0.766667 0.000000 0.250000
v 0.800000 0.000000 0.250000
v -0.800000 0.000000 0.265625
v -0.766667 0.000000 0.265625
v -0.733333 0.000000 0.265625
v -0.700000 0.000000 0.265625
v -0.666667 0.000000 0.265625
v -0.633333 0.000000 0.265625
v -0.600000 0.000000 0.265625
v -0.566667 0.000000 0.265625
v -0.533333 0.001808 0.265625
v -0.500000 0.005530 0.265625
v -0.466667 0.010808 0.265625
v -0.433333 0.015089 0.265625
v -0.400000 0.025176 0.265625
v -0.366667 0.032890 0.265625
v -0.333333 0.038740 0.265625
v -0.300000 0.045070 0.265625
v -0.266667 0.052380 0.265625
v -0.233333 0.054951 0.265625
v -0.200000 0.062347 0.265625
v -0.166667 0.067959 0.265625
v -0.133333 0.068898 0.265625
v -0.100000 0.071675 0.265625
v -0.066667 0.075170 0.265625
v -0.033333 0.073532 0.265625
v 0.000000 0.077417 0.265625
v 0.033333 0.077468 0.265625
v 0.066667 0.071992 0.265625
v 0.100000 0.073016 0.265625
v 0.133333 0.071319 0.265625
v 0.166667 0.067071 0.265625
v 0.200000 0.062603 0.265625
v 0.233333 0.060632 0.265625
v 0.266667 0.050653 0.265625
v 0.300000 0.047209 0.265625
v 0.333333 0.036732 0.265625
v 0.366667 0.026199 0.265625
v 0.400000 0.021650 0.265625
v 0.433333 0.017181 0.265625
v 0.466667 0.010799 0.265625
v 0.500000 0.006542 0.265625
v 0.533333 0.002682 0.265625
v 0.566667 0.000000 0.265625
v 0.600000 0.000000 0.265625
v 0.633333 0.000000 0.265625
v 0.666667 0.000000 0.265625
v 0.700000 0.000000 0.265625
v 0.733333 0.000000 0.265625
v 0.766667 0.000000 0.265625
v 0.800000 0.000000 0.265625
v -0.800000 0.000000 0.281250
v -0.766667 0.000000 0.281250
v -0.733333 0.000000 0.281250
v -0.700000 0.000000 0.281250
v -0.666667 0.000000 0.281250
v -0.633333 0.000000 0.281250
v -0.600000 0.000000 0.281250
v -0.566667 0.000000 0.281250
v -0.533333 0.000000 0.281250
v -0.500000 0.001191 0.281250
v -0.466667 0.004168 0.281250
v -0.433333 0.007956 0.281250
v -0.400000 0.013938 0.281250
v -0.366667 0.021251 0.281250
v -0.333333 0.023913 0.281250
v -0.300000 0.030453 0.281250
v -0.266667 0.036404 0.281250
v -0.233333 0.039505 0.281250
v -0.200000 0.046980 0.281250
v -0.166667 0.051541 0.281250
v -0.133333 0.049866 0.281250
v -0.100000 0.054007 0.281250
v -0.066667 0.057438 0.281250
v -0.033333 0.058212 0.281250
v 0.000000 0.061865 0.281250
v 0.033333 0.061382 0.281250
v 0.066667 0.056388 0.281250
v 0.100000 0.056240 0.281250
v 0.133333 0.057331 0.281250
v 0.166667 0.050393 0.281250
v 0.200000 0.048869 0.281250
v 0.233333 0.043069 0.281250
v 0.266667 0.037514 0.281250
v 0.300000 0.031523 0.281250
v 0.333333 0.025400 0.281250
v 0.366667 0.016855 0.281250
v 0.400000 0.013235 0.281250
v 0.433333 0.009593 0.281250
v 0.466667 0.004469 0.281250
v 0.500000 0.001563 0.281250
v 0.533333 0.000000 0.281250
v 0.566667 0.000000 0.281250
v 0.600000 0.000000 0.281250
v 0.633333 0.000000 0.281250
v 0.666667 0.000000 0.281250
v 0.700000 0.000000 0.281250
v 0.733333 0.000000 0.281250
v 0.766667 0.000000 0.281250
v 0.800000 0.000000 0.281250
v -0.800000 0.000000 0.296875
v -0.766667 0.000000 0.296875
v -0.733333 0.000000 0.296875
v -0.700000 0.000000 0.296875
v -0.666667 0.000000 0.296875
v -0.633333 0.000000 0.296875
v -0.600000 0.000000 0.296875
v -0.566667 0.000000 0.296875
v -0.533333 0.000000 0.296875
v -0.500000 0.000000 0.296875
v -0.466667 0.000799 0.296875
v -0.433333 0.002948 0.296875
v -0.400000 0.007235 0.296875
v -0.366667 0.011981 0.296875
v -0.333333 0.014983 0.296875
v -0.300000 0.019405 0.296875
v -0.266667 0.024677 0.296875
v -0.233333 0.028286 0.296875
v -0.200000 0.033823 0.296875
v -0.166667 0.037846 0.296875
v -0.133333 0.036342 0.296875
v -0.100000 0.038203 0.296875
v -0.066667 0.042251 0.296875
v -0.033333 0.044235 0.296875
v 0.000000 0.048294 0.296875
v 0.033333 0.048626 0.296875
v 0.066667 0.044265 0.296875
v 0.100000 0.043979 0.296875
v 0.133333 0.041776 0.296875
v 0.166667 0.036738 0.296875
v 0.200000 0.032913 0.296875
v 0.233333 0.030420 0.296875
v 0.266667 0.024140 0.296875
v 0.300000 0.021507 0.296875
v 0.333333 0.016082 0.296875
v 0.366667 0.010077 0.296875
v 0.400000 0.007215 0.296875
v 0.433333 0.003915 0.296875
v 0.466667 0.000712 0.296875
v 0.500000 0.000000 0.296875
v 0.533333 0.000000 0.296875
v 0.566667 0.000000 0.296875
v 0.600000 0.000000 0.296875
v 0.633333 0.000000 0.296875
v 0.666667 0.000000 0.296875
v 0.700000 0.000000 0.296875
v 0.733333 0.000000 0.296875
v 0.766667 0.000000 0.296875
v 0.800000 0.000000 0.296875
v -0.800000 0.000000 0.312500
v -0.766667 0.000000 0.312500
v -0.733333 0.000000 0.312500
v -0.700000 0.000000 0.312500
v -0.666667 0.000000 0.312500
v -0.633333 0.000000 0.312500
v -0.600000 0.000000 0.312500
v -0.566667 0.000000 0.312500
v -0.533333 0.000000 0.312500
v -0.500000 0.000000 0.312500
v -0.466667 0.000000 0.312500
v -0.433333 0.000207 0.312500
v -0.400000 0.002532 0.312500
v -0.366667 0.005975 0.312500
v -0.333333 0.008460 0.312500
v -0.300000 0.012296 0.312500
v -0.266667 0.016040 0.312500
v -0.233333 0.018964 0.312500
v -0.200000 0.024536 0.312500
v -0.166667 0.027776 0.312500
v -0.133333 0.026650 0.312500
v -0.100000 0.028039 0.312500
v -0.066667 0.030628 0.312500
v -0.033333 0.031617 0.312500
v 0.000000 0.035533 0.312500
v 0.033333 0.036873 0.312500
v 0.066667 0.033240 0.312500
v 0.100000 0.032065 0.312500
v 0.133333 0.028946 0.312500
v 0.166667 0.023461 0.312500
v 0.200000 0.021531 0.312500
v 0.233333 0.019234 0.312500
v 0.266667 0.015571 0.312500
v 0.300000 0.012784 0.312500
v 0.333333 0.008779 0.312500
v 0.366667 0.004534 0.312500
v 0.400000 0.002337 0.312500
v 0.433333 0.000323 0.312500
v 0.466667 0.000000 0.312500
v 0.500000 0.000000 0.312500
v 0.533333 0.000000 0.312500
v 0.566667 0.000000 0.312500
v 0.600000 0.000000 0.312500
v 0.633333 0.000000 0.312500
v 0.666667 0.000000 0.312500
v 0.700000 0.000000 0.312500
v 0.733333 0.000000 0.312500
v 0.766667 0.000000 0.312500
v 0.800000 0.000000 0.312500
v -0.800000 0.000000 0.328125
v -0.766667 0.000000 0.328125
v -0.733333 0.000000 0.328125
v -0.700000 0.000000 0.328125
v -0.666667 0.000000 0.328125
v -0.633333 0.000000 0.328125
v -0.600000 0.000000 0.328125
v -0.566667 0.000000 0.328125
v -0.533333 0.000000 0.328125
v -0.500000 0.000000 0.328125
v -0.466667 0.000000 0.328125
v -0.433333 0.000000 0.328125
v -0.400000 0.000000 0.328125
v -0.366667 0.000932 0.328125
v -0.333333 0.002549 0.328125
v -0.300000 0.004837 0.328125
v -0.266667 0.007772 0.328125
v -0.233333 0.009737 0.328125
v -0.200000 0.013803 0.328125
v -0.166667 0.017160 0.328125
v -0.133333 0.016723 0.328125
v -0.100000 0.018123 0.328125
v -0.066667 0.019416 0.328125
v -0.033333 0.019611 0.328125
v 0.000000 0.022220 0.328125
v 0.033333 0.023007 0.328125
v 0.066667 0.020903 0.328125
v 0.100000 0.019054 0.328125
v 0.133333 0.016792 0.328125
v 0.166667 0.012482 0.328125
v 0.200000 0.011645 0.328125
v 0.233333 0.010293 0.328125
v 0.266667 0.007485 0.328125
v 0.300000 0.005155 0.328125
v 0.333333 0.002437 0.328125
v 0.366667 0.000359 0.328125
v 0.400000 0.000000 0.328125
v 0.433333 0.000000 0.328125
v 0.466667 0.000000 0.328125
v 0.500000 0.000000 0.328125
v 0.533333 0.000000 0.328125
v 0.566667 0.000000 0.328125
v 0.600000 0.000000 0.328125
v 0.633333 0.000000 0.328125
v 0.666667 0.000000 0.328125
v 0.700000 0.000000 0.328125
v 0.733333 0.000000 0.328125
v 0.766667 0.000000 0.328125
v 0.800000 0.000000 0.328125
v -0.800000 0.000000 0.343750
v -0.766667 0.000000 0.343750
v -0.733333 0.000000 0.343750
v -0.700000 0.000000 0.343750
v -0.666667 0.000000 0.343750
v -0.633333 0.000000 0.343750
v -0.600000 0.000000 0.343750
v -0.566667 0.000000 0.343750
v -0.533333 0.000000 0.343750
v -0.500000 0.000000 0.343750
v -0.466667 0.000000 0.343750
v -0.433333 0.000000 0.343750
v -0.400000 0.000000 0.343750
v -0.366667 0.000000 0.343750
v -0.333333 0.000000 0.343750
v -0.300000 0.000321 0.343750
v -0.266667 0.001375 0.343750
v -0.233333 0.002475 0.343750
v -0.200000 0.004512 0.343750
v -0.166667 0.006764 0.343750
v -0.133333 0.007644 0.343750
v -0.100000 0.009039 0.343750
v -0.066667 0.010225 0.343750
v -0.033333 0.009857 0.343750
v 0.000000 0.011033 0.343750
v 0.033333 0.011769 0.343750
v 0.066667 0.009697 0.343750
v 0.100000 0.009275 0.343750
v 0.133333 0.007344 0.343750
v 0.166667 0.005106 0.343750
v 0.200000 0.004272 0.343750
v 0.233333 0.003489 0.343750
v 0.266667 0.001564 0.343750
v 0.300000 0.000402 0.343750
v 0.333333 0.000000 0.343750
v 0.366667 0.000000 0.343750
v 0.400000 0.000000 0.343750
v 0.433333 0.000000 0.343750
v 0.466667 0.000000 0.343750
v 0.500000 0.000000 0.343750
v 0.533333 0.000000 0.343750
v 0.566667 0.000000 0.343750
v 0.600000 0.000000 0.343750
v 0.633333 0.000000 0.343750
v 0.666667 0.000000 0.343750
v 0.700000 0.000000 0.343750
v 0.733333 0.000000 0.343750
v 0.766667 0.000000 0.343750
v 0.800000 0.000000 0.343750
v -0.800000 0.000000 0.359375
v -0.766667 0.000000 0.359375
v -0.733333 0.000000 0.359375
v -0.700000 0.000000 0.359375
v -0.666667 0.000000 0.359375
v -0.633333 0.000000 0.359375
v -0.600000 0.000000 0.359375
v -0.566667 0.000000 0.359375
v -0.533333 0.000000 0.359375
v -0.500000 0.000000 0.359375
v -0.466667 0.000000 0.359375
v -0.433333 0.000000 0.359375
v -0.400000 0.000000 0.359375
v -0.366667 0.000000 0.359375
v -0.333333 0.000000 0.359375
v -0.300000 0.000000 0.359375
v -0.266667 0.000000 0.359375
v -0.233333 0.000000 0.359375
v -0.200000 0.000184 0.359375
v -0.166667 0.000988 0.359375
v -0.133333 0.001799 0.359375
v -0.100000 0.003022 0.359375
v -0.066667 0.003742 0.359375
v -0.033333 0.003388 0.359375
v 0.000000 0.003988 0.359375
v 0.033333 0.003922 0.359375
v 0.066667 0.003153 0.359375
v 0.100000 0.002679 0.359375
v 0.133333 0.002063 0.359375
v 0.166667 0.000778 0.359375
v 0.200000 0.000389 0.359375
v 0.233333 0.000000 0.359375
v 0.266667 0.000000 0.359375
v 0.300000 0.000000 0.359375
v 0.333333 0.000000 0.359375
v 0.366667 0.000000 0.359375
v 0.400000 0.000000 0.359375
v 0.433333 0.000000 0.359375
v 0.466667 0.000000 0.359375
v 0.500000 0.000000 0.359375
v 0.533333 0.000000 0.359375
v 0.566667 0.000000 0.359375
v 0.600000 0.000000 0.359375
v 0.633333 0.000000 0.359375
v 0.666667 0.000000 0.359375
v 0.700000 0.000000 0.359375
v 0.733333 0.000000 0.359375
v 0.766667 0.000000 0.359375
v 0.800000 0.000000 0.359375
v -0.800000 0.000000 0.375000
v -0.766667 0.000000 0.375000
v -0.733333 0.000000 0.375000
v -0.700000 0.000000 0.375000
v -0.666667 0.000000 0.375000
v -0.633333 0.000000 0.375000
v -0.600000 0.000000 0.375000
v -0.566667 0.000000 0.375000
v -0.533333 0.000000 0.375000
v -0.500000 0.000000 0.375000
v -0.466667 0.000000 0.375000
v -0.433333 0.000000 0.375000
v -0.400000 0.000000 0.375000
v -0.366667 0.000000 0.375000
v -0.333333 0.000000 0.375000
v -0.300000 0.000000 0.375000
v -0.266667 0.000000 0.375000
v -0.233333 0.000000 0.375000
v -0.200000 0.000000 0.375000
v -0.166667 0.000000 0.375000
v -0.133333 0.000000 0.375000
v -0.100000 0.000000 0.375000
v -0.066667 0.000000 0.375000
v -0.033333 0.000000 0.375000
v 0.000000 0.000000 0.375000
v 0.033333 0.000000 0.375000
v 0.066667 0.000000 0.375000
v 0.100000 0.000000 0.375000
v 0.133333 0.000000 0.375000
v 0.166667 0.000000 0.375000
v 0.200000 0.000000 0.375000
v 0.233333 0.000000 0.375000
v 0.266667 0.000000 0.375000
v 0.300000 0.000000 0.375000
v 0.333333 0.000000 0.375000
v 0.366667 0.000000 0.375000
v 0.400000 0.000000 0.375000
v 0.433333 0.000000 0.375000
v 0.466667 0.000000 0.375000
v 0.500000 0.000000 0.375000
v 0.533333 0.000000 0.375000
v 0.566667 0.000000 0.375000
v 0.600000 0.000000 0.375000
v 0.633333 0.000000 0.375000
v 0.666667 0.000000 0.375000
v 0.700000 0.000000 0.375000
v 0.733333 0.000000 0.375000
v 0.766667 0.000000 0.375000
v 0.800000 0.000000 0.375000
v -0.259318 0.097188 -0.240914
v -0.252182 0.090052 -0.240914
v -0.259318 0.090052 -0.233778
v -0.266454 0.090052 -0.240914
v -0.259318 0.090052 -0.248050
v -0.259318 0.085413 -0.240914
v 0.052818 0.231490 -0.092675
v 0.069448 0.214860 -0.092675
v 0.052818 0.214860 -0.076045
v 0.036189 0.214860 -0.092675
v 0.052818 0.214860 -0.109304
v 0.052818 0.204051 -0.092675
v -0.680806 0.040879 -0.045784
v -0.674377 0.034450 -0.045784
v -0.680806 0.034450 -0.039356
v -0.687235 0.034450 -0.045784
v -0.680806 0.034450 -0.052213
v -0.680806 0.030271 -0.045784
v -0.111108 0.124675 0.225528
v -0.101150 0.114717 0.225528
v -0.111108 0.114717 0.235486
v -0.121066 0.114717 0.225528
v -0.111108 0.114717 0.215570
v -0.111108 0.108245 0.225528
v 0.187582 0.055618 0.308919
v 0.197724 0.045475 0.308919
v 0.187582 0.045475 0.319061
v 0.177440 0.045475 0.308919
v 0.187582 0.045475 0.298777
v 0.187582 0.038883 0.308919
v 0.527666 0.072251 -0.145170
v 0.535122 0.064794 -0.145170
v 0.527666 0.064794 -0.137713
v 0.520209 0.064794 -0.145170
v 0.527666 0.064794 -0.152626
v 0.527666 0.059948 -0.145170
v -0.281915 0.108809 0.218127
v -0.267290 0.094184 0.218127
v -0.281915 0.094184 0.232752
v -0.296540 0.094184 0.218127
v -0.281915 0.094184 0.203502
v -0.281915 0.084678 0.218127
v 0.204481 0.213692 -0.088046
v 0.213116 0.205057 -0.088046
v 0.204481 0.205057 -0.079410
v 0.195845 0.205057 -0.088046
v 0.204481 0.205057 -0.096681
v 0.204481 0.199444 -0.088046
v -0.648267 0.032274 -0.202888
v -0.639276 0.023283 -0.202888
v -0.648267 0.023283 -0.193898
v -0.657258 0.023283 -0.202888
v -0.648267 0.023283 -0.211879
v -0.648267 0.017439 -0.202888
v -0.273575 0.208340 0.059038
v -0.261034 0.195798 0.059038
v -0.273575 0.195798 0.071579
v -0.286117 0.195798 0.059038
v -0.273575 0.195798 0.046496
v -0.273575 0.187646 0.059038
v 0.433327 0.119339 0.137306
v 0.448138 0.104527 0.137306
v 0.433327 0.104527 0.152118
v 0.418515 0.104527 0.137306
v 0.433327 0.104527 0.122494
v 0.433327 0.094899 0.137306
v 0.037089 0.111467 0.258845
v 0.047433 0.101124 0.258845
v 0.037089 0.101124 0.269189
v 0.026746 0.101124 0.258845
v 0.037089 0.101124 0.248501
v 0.037089 0.094400 0.258845
v -0.120523 0.170142 0.177427
v -0.105586 0.155205 0.177427
v -0.120523 0.155205 0.192364
v -0.135460 0.155205 0.177427
v -0.120523 0.155205 0.162490
v -0.120523 0.145496 0.177427
v -0.678287 0.049143 0.116069
v -0.666687 0.037543 0.116069
v -0.678287 0.037543 0.127669
v -0.689887 0.037543 0.116069
v -0.678287 0.037543 0.104469
v -0.678287 0.030003 0.116069
v 0.552703 0.087415 -0.128514
v 0.566397 0.073721 -0.128514
v 0.552703 0.073721 -0.114820
v 0.539009 0.073721 -0.128514
v 0.552703 0.073721 -0.142208
v 0.552703 0.064819 -0.128514
v 0.117606 0.268919 -0.030218
v 0.142294 0.244231 -0.030218
v 0.117606 0.244231 -0.005530
v 0.092918 0.244231 -0.030218
v 0.117606 0.244231 -0.054906
v 0.117606 0.228184 -0.030218
v -0.038127 0.224580 0.113265
v -0.018368 0.204821 0.113265
v -0.038127 0.204821 0.133024
v -0.057886 0.204821 0.113265
v -0.038127 0.204821 0.093506
v -0.038127 0.191977 0.113265
v 0.216574 0.037719 0.340236
v 0.224403 0.029890 0.340236
v 0.216574 0.029890 0.348065
v 0.208745 0.029890 0.340236
v 0.216574 0.029890 0.332407
v 0.216574 0.024802 0.340236
v -0.168115 0.202902 0.116370
v -0.152835 0.187622 0.116370
v -0.168115 0.187622 0.131650
v -0.183395 0.187622 0.116370
v -0.168115 0.187622 0.101091
v -0.168115 0.177690 0.116370
v -0.488633 0.030461 -0.264204
v -0.475345 0.017173 -0.264204
v -0.488633 0.017173 -0.250916
v -0.501921 0.017173 -0.264204
v -0.488633 0.017173 -0.277492
v -0.488633 0.008536 -0.264204
v -0.545611 0.067197 -0.174146
v -0.529182 0.050768 -0.174146
v -0.545611 0.050768 -0.157716
v -0.562040 0.050768 -0.174146
v -0.545611 0.050768 -0.190575
v -0.545611 0.040089 -0.174146
v -0.617384 0.086206 -0.035061
v -0.599983 0.068804 -0.035061
v -0.617384 0.068804 -0.017659
v -0.634786 0.068804 -0.035061
v -0.617384 0.068804 -0.052462
v -0.617384 0.057494 -0.035061
v 0.469980 0.040529 0.251149
v 0.479928 0.030581 0.251149
v 0.469980 0.030581 0.261098
v 0.460032 0.030581 0.251149
v 0.469980 0.030581 0.241201
v 0.469980 0.024114 0.251149
v -0.207889 0.092880 0.265093
v -0.199908 0.084899 0.265093
v -0.207889 0.084899 0.273074
v -0.215870 0.084899 0.265093
v -0.207889 0.084899 0.257112
v -0.207889 0.079711 0.265093
v -0.476608 0.075989 -0.184950
v -0.464381 0.063763 -0.184950
v -0.476608 0.063763 -0.172724
v -0.488834 0.063763 -0.184950
v -0.476608 0.063763 -0.197176
v -0.476608 0.055816 -0.184950
v 0.131190 0.175567 -0.163705
v 0.145210 0.161547 -0.163705
v 0.131190 0.161547 -0.149685
v 0.117170 0.161547 -0.163705
v 0.131190 0.161547 -0.177725
v 0.131190 0.152434 -0.163705
v -0.192459 0.249862 0.045775
v -0.172699 0.230102 0.045775
v -0.192459 0.230102 0.065535
v -0.212219 0.230102 0.045775
v -0.192459 0.230102 0.026016
v -0.192459 0.217258 0.045775
v 0.022803 0.242510 0.081139
v 0.031583 0.233730 0.081139
v 0.022803 0.233730 0.089919
v 0.014024 0.233730 0.081139
v 0.022803 0.233730 0.072359
v 0.022803 0.228024 0.081139
v 0.588113 0.055136 0.193179
v 0.602366 0.040883 0.193179
v 0.588113 0.040883 0.207432
v 0.573860 0.040883 0.193179
v 0.588113 0.040883 0.178926
v 0.588113 0.031619 0.193179
v -0.158418 0.231527 -0.069705
v -0.139646 0.212754 -0.069705
v -0.158418 0.212754 -0.050932
v -0.177191 0.212754 -0.069705
v -0.158418 0.212754 -0.088477
v -0.158418 0.200552 -0.069705
v -0.428701 0.057359 -0.233011
v -0.422465 0.051124 -0.233011
v -0.428701 0.051124 -0.226775
v -0.434937 0.051124 -0.233011
v -0.428701 0.051124 -0.239247
v -0.428701 0.047070 -0.233011
v -0.586644 0.076395 -0.094109
v -0.569323 0.059074 -0.094109
v -0.586644 0.059074 -0.076788
v -0.603966 0.059074 -0.094109
v -0.586644 0.059074 -0.111430
v -0.586644 0.047815 -0.094109
v 0.167910 0.106977 -0.242500
v 0.179198 0.095689 -0.242500
v 0.167910 0.095689 -0.231212
v 0.156621 0.095689 -0.242500
v 0.167910 0.095689 -0.253788
v 0.167910 0.088352 -0.242500
v -0.199951 0.107458 -0.260239
v -0.180411 0.087918 -0.260239
v -0.199951 0.087918 -0.240698
v -0.219492 0.087918 -0.260239
v -0.199951 0.087918 -0.279780
v -0.199951 0.075216 -0.260239
v -0.050064 0.247717 -0.011154
v -0.040245 0.237899 -0.011154
v -0.050064 0.237899 -0.001336
v -0.059882 0.237899 -0.011154
v -0.050064 0.237899 -0.020972
v -0.050064 0.231517 -0.011154
v -0.231640 0.170622 -0.162318
v -0.222065 0.161047 -0.162318
v -0.231640 0.161047 -0.152743
v -0.241215 0.161047 -0.162318
v -0.231640 0.161047 -0.171893
v -0.231640 0.154823 -0.162318
v 0.041595 0.117880 -0.243844
v 0.048457 0.111018 -0.243844
v 0.041595 0.111018 -0.236983
v 0.034733 0.111018 -0.243844
v 0.041595 0.111018 -0.250706
v 0.041595 0.106558 -0.243844
v 0.041377 0.057828 0.330166
v 0.054722 0.044483 0.330166
v 0.041377 0.044483 0.343511
v 0.028032 0.044483 0.330166
v 0.041377 0.044483 0.316821
v 0.041377 0.035809 0.330166
v -0.351638 0.172763 -0.091977
v -0.332240 0.153364 -0.091977
v -0.351638 0.153364 -0.072579
v -0.371037 0.153364 -0.091977
v -0.351638 0.153364 -0.111376
v -0.351638 0.140755 -0.091977
v 0.047976 0.162858 0.192548
v 0.058546 0.152288 0.192548
v 0.047976 0.152288 0.203118
v 0.037406 0.152288 0.192548
v 0.047976 0.152288 0.181978
v 0.047976 0.145417 0.192548
v 0.519070 0.063807 0.211194
v 0.533306 0.049571 0.211194
v 0.519070 0.049571 0.225431
v 0.504833 0.049571 0.211194
v 0.519070 0.049571 0.196958
v 0.519070 0.040317 0.211194
v -0.402239 0.164526 0.012171
v -0.394691 0.156978 0.012171
v -0.402239 0.156978 0.019719
v -0.409788 0.156978 0.012171
v -0.402239 0.156978 0.004623
v -0.402239 0.152072 0.012171
v -0.694877 0.028807 -0.152201
v -0.682876 0.016806 -0.152201
v -0.694877 0.016806 -0.140201
v -0.706877 0.016806 -0.152201
v -0.694877 0.016806 -0.164201
v -0.694877 0.009006 -0.152201
v 0.671990 0.073216 -0.036413
v 0.689479 0.055727 -0.036413
v 0.671990 0.055727 -0.018925
v 0.654502 0.055727 -0.036413
v 0.671990 0.055727 -0.053901
v 0.671990 0.044360 -0.036413
v 0.669761 0.041735 -0.093401
v 0.677696 0.033801 -0.093401
v 0.669761 0.033801 -0.085466
v 0.661826 0.033801 -0.093401
v 0.669761 0.033801 -0.101336
v 0.669761 0.028643 -0.093401
v -0.446449 0.087264 -0.203982
v -0.428858 0.069674 -0.203982
v -0.446449 0.069674 -0.186392
v -0.464039 0.069674 -0.203982
v -0.446449 0.069674 -0.221573
v -0.446449 0.058240 -0.203982
v 0.501121 0.140187 -0.014163
v 0.519546 0.121762 -0.014163
v 0.501121 0.121762 0.004262
v 0.482696 0.121762 -0.014163
v 0.501121 0.121762 -0.032589
v 0.501121 0.109785 -0.014163
v -0.611206 0.078343 0.110804
v -0.595792 0.062930 0.110804
v -0.611206 0.062930 0.126218
v -0.626620 0.062930 0.110804
v -0.611206 0.062930 0.095390
v -0.611206 0.052911 0.110804
v 0.368207 0.186401 -0.015157
v 0.388278 0.166330 -0.015157
v 0.368207 0.166330 0.004914
v 0.348135 0.166330 -0.015157
v 0.368207 0.166330 -0.035229
v 0.368207 0.153283 -0.015157
v -0.246535 0.138470 0.207568
v -0.234141 0.126076 0.207568
v -0.246535 0.126076 0.219962
v -0.258928 0.126076 0.207568
v -0.246535 0.126076 0.195175
v -0.246535 0.118021 0.207568
v -0.145159 0.060067 0.308290
v -0.137626 0.052535 0.308290
v -0.145159 0.052535 0.315822
v -0.152691 0.052535 0.308290
v -0.145159 0.052535 0.300758
v -0.145159 0.047639 0.308290
v -0.549000 0.046344 -0.240706
v -0.535429 0.032773 -0.240706
v -0.549000 0.032773 -0.227136
v -0.562570 0.032773 -0.240706
v -0.549000 0.032773 -0.254276
v -0.549000 0.023953 -0.240706
v -0.520831 0.058671 0.225292
v -0.508004 0.045843 0.225292
v -0.520831 0.045843 0.238120
v -0.533659 0.045843 0.225292
v -0.520831 0.045843 0.212465
v -0.520831 0.037505 0.225292
v -0.220200 0.217645 0.033575
v -0.212255 0.209700 0.033575
v -0.220200 0.209700 0.041521
v -0.228145 0.209700 0.033575
v -0.220200 0.209700 0.025630
v -0.220200 0.204536 0.033575
v 0.693150 0.046884 0.103276
v 0.708729 0.031305 0.103276
v 0.693150 0.031305 0.118854
v 0.677571 0.031305 0.103276
v 0.693150 0.031305 0.087697
v 0.693150 0.021179 0.103276
v -0.097433 0.111277 0.256503
v -0.088197 0.102042 0.256503
v -0.097433 0.102042 0.265739
v -0.106668 0.102042 0.256503
v -0.097433 0.102042 0.247267
v -0.097433 0.096038 0.256503
v -0.365299 0.140366 -0.142853
v -0.349696 0.124763 -0.142853
v -0.365299 0.124763 -0.127250
v -0.380902 0.124763 -0.142853
v -0.365299 0.124763 -0.158456
v -0.365299 0.114621 -0.142853
v -0.354215 0.185818 -0.055881
v -0.332229 0.163832 -0.055881
v -0.354215 0.163832 -0.033895
v -0.376201 0.163832 -0.055881
v -0.354215 0.163832 -0.077867
v -0.354215 0.149542 -0.055881
v -0.215230 0.244134 -0.028869
v -0.191808 0.220713 -0.028869
v -0.215230 0.220713 -0.005447
v -0.238652 0.220713 -0.028869
v -0.215230 0.220713 -0.052291
v -0.215230 0.205488 -0.028869
v -0.116835 0.078976 0.288228
v -0.104103 0.066244 0.288228
v -0.116835 0.066244 0.300960
v -0.129568 0.066244 0.288228
v -0.116835 0.066244 0.275495
v -0.116835 0.057967 0.288228
v 0.034602 0.042153 -0.332094
v 0.041902 0.034853 -0.332094
v 0.034602 0.034853 -0.324794
v 0.027302 0.034853 -0.332094
v 0.034602 0.034853 -0.339394
v 0.034602 0.030108 -0.332094
v -0.482306 0.146034 -0.018290
v -0.467255 0.130984 -0.018290
v -0.482306 0.130984 -0.003239
v -0.497356 0.130984 -0.018290
v -0.482306 0.130984 -0.033340
v -0.482306 0.121201 -0.018290
v -0.256154 0.232196 0.012661
v -0.235069 0.211111 0.012661
v -0.256154 0.211111 0.033746
v -0.277239 0.211111 0.012661
v -0.256154 0.211111 -0.008425
v -0.256154 0.197405 0.012661
v -0.579807 0.087235 0.041604
v -0.569964 0.077392 0.041604
v -0.579807 0.077392 0.051448
v -0.589650 0.077392 0.041604
v -0.579807 0.077392 0.031761
v -0.579807 0.070993 0.041604
v 0.400768 0.181178 0.005323
v 0.419998 0.161949 0.005323
v 0.400768 0.161949 0.024552
v 0.381539 0.161949 0.005323
v 0.400768 0.161949 -0.013907
v 0.400768 0.149450 0.005323
v 0.607182 0.086306 -0.039159
v 0.619766 0.073723 -0.039159
v 0.607182 0.073723 -0.026575
v 0.594599 0.073723 -0.039159
v 0.607182 0.073723 -0.051742
v 0.607182 0.065544 -0.039159
v 0.017902 0.217727 0.132984
v 0.034501 0.201128 0.132984
v 0.017902 0.201128 0.149584
v 0.001302 0.201128 0.132984
v 0.017902 0.201128 0.116385
v 0.017902 0.190338 0.132984
v -0.032331 0.077174 0.304636
v -0.015632 0.060476 0.304636
v -0.032331 0.060476 0.321335
v -0.049029 0.060476 0.304636
v -0.032331 0.060476 0.287937
v -0.032331 0.049621 0.304636
v 0.650890 0.043751 -0.165881
v 0.666228 0.028412 -0.165881
v 0.650890 0.028412 -0.150543
v 0.635551 0.028412 -0.165881
v 0.650890 0.028412 -0.181220
v 0.650890 0.018442 -0.165881
v 0.500480 0.031890 -0.250377
v 0.510426 0.021944 -0.250377
v 0.500480 0.021944 -0.240431
v 0.490533 0.021944 -0.250377
v 0.500480 0.021944 -0.260324
v 0.500480 0.015479 -0.250377
v -0.629212 0.032336 -0.178959
v -0.616798 0.019922 -0.178959
v -0.629212 0.019922 -0.166545
v -0.641626 0.019922 -0.178959
v -0.629212 0.019922 -0.191373
v -0.629212 0.011853 -0.178959
v 0.417954 0.039683 0.273948
v 0.431261 0.026376 0.273948
v 0.417954 0.026376 0.287256
v 0.404646 0.026376 0.273948
v 0.417954 0.026376 0.260641
v 0.417954 0.017726 0.273948
v 0.235898 0.114011 -0.246344
v 0.255383 0.094526 -0.246344
v 0.235898 0.094526 -0.226859
v 0.216412 0.094526 -0.246344
v 0.235898 0.094526 -0.265830
v 0.235898 0.081860 -0.246344
v -0.412767 0.026656 0.312228
v -0.403237 0.017126 0.312228
v -0.412767 0.017126 0.321758
v -0.422297 0.017126 0.312228
v -0.412767 0.017126 0.302698
v -0.412767 0.010932 0.312228
v -0.498322 0.127807 -0.047250
v -0.486781 0.116267 -0.047250
v -0.498322 0.116267 -0.035709
v -0.509863 0.116267 -0.047250
v -0.498322 0.116267 -0.058791
v -0.498322 0.108765 -0.047250
v -0.447864 0.121517 -0.125217
v -0.441110 0.114763 -0.125217
v -0.447864 0.114763 -0.118463
v -0.454618 0.114763 -0.125217
v -0.447864 0.114763 -0.131971
v -0.447864 0.110373 -0.125217
v 0.079562 0.243942 -0.041084
v 0.093391 0.230112 -0.041084
v 0.079562 0.230112 -0.027255
v 0.065733 0.230112 -0.041084
v 0.079562 0.230112 -0.054913
v 0.079562 0.221123 -0.041084
v 0.182421 0.244826 0.008461
v 0.207544 0.219702 0.008461
v 0.182421 0.219702 0.033585
v 0.157297 0.219702 0.008461
v 0.182421 0.219702 -0.016663
v 0.182421 0.203372 0.008461
v -0.581764 0.052734 -0.161761
v -0.566827 0.037797 -0.161761
v -0.581764 0.037797 -0.146823
v -0.596702 0.037797 -0.161761
v -0.581764 0.037797 -0.176698
v -0.581764 0.028087 -0.161761
v -0.337903 0.075824 -0.255607
v -0.320560 0.058481 -0.255607
v -0.337903 0.058481 -0.238263
v -0.355247 0.058481 -0.255607
v -0.337903 0.058481 -0.272950
v -0.337903 0.047207 -0.255607
v 0.469537 0.093014 -0.166560
v 0.488098 0.074453 -0.166560
v 0.469537 0.074453 -0.147999
v 0.450976 0.074453 -0.166560
v 0.469537 0.074453 -0.185121
v 0.469537 0.062388 -0.166560
v 0.103916 0.193128 0.138288
v 0.112330 0.184714 0.138288
v 0.103916 0.184714 0.146702
v 0.095502 0.184714 0.138288
v 0.103916 0.184714 0.129874
v 0.103916 0.179245 0.138288
v 0.277039 0.212524 -0.051531
v 0.300374 0.189188 -0.051531
v 0.277039 0.189188 -0.028196
v 0.253703 0.189188 -0.051531
v 0.277039 0.189188 -0.074867
v 0.277039 0.174020 -0.051531
v 0.197895 0.136728 0.208124
v 0.217417 0.117206 0.208124
v 0.197895 0.117206 0.227646
v 0.178373 0.117206 0.208124
v 0.197895 0.117206 0.188601
v 0.197895 0.104517 0.208124
v -0.068045 0.237823 -0.110985
v -0.044418 0.214196 -0.110985
v -0.068045 0.214196 -0.087358
v -0.091672 0.214196 -0.110985
v -0.068045 0.214196 -0.134612
v -0.068045 0.198839 -0.110985
v -0.341710 0.068340 -0.255835
v -0.333002 0.059631 -0.255835
v -0.341710 0.059631 -0.247127
v -0.350419 0.059631 -0.255835
v -0.341710 0.059631 -0.264543
v -0.341710 0.053971 -0.255835
v -0.574887 0.020682 -0.233600
v -0.567990 0.013784 -0.233600
v -0.574887 0.013784 -0.226702
v -0.581785 0.013784 -0.233600
v -0.574887 0.013784 -0.240498
v -0.574887 0.009301 -0.233600
v -0.276747 0.178515 -0.134546
v -0.265006 0.166774 -0.134546
v -0.276747 0.166774 -0.122805
v -0.288489 0.166774 -0.134546
v -0.276747 0.166774 -0.146288
v -0.276747 0.159142 -0.134546
v 0.000130 0.134581 -0.222249
v 0.007141 0.127570 -0.222249
v 0.000130 0.127570 -0.215238
v -0.006880 0.127570 -0.222249
v 0.000130 0.127570 -0.229260
v 0.000130 0.123013 -0.222249
v 0.343094 0.188444 0.035224
v 0.358205 0.173333 0.035224
v 0.343094 0.173333 0.050334
v 0.327984 0.173333 0.035224
v 0.343094 0.173333 0.020113
v 0.343094 0.163511 0.035224
v 0.469450 0.147351 -0.046797
v 0.488745 0.128057 -0.046797
v 0.469450 0.128057 -0.027503
v 0.450156 0.128057 -0.046797
v 0.469450 0.128057 -0.066092
v 0.469450 0.115516 -0.046797
v -0.157377 0.262433 0.004613
v -0.132142 0.237198 0.004613
v -0.157377 0.237198 0.029848
v -0.182612 0.237198 0.004613
v -0.157377 0.237198 -0.020622
v -0.157377 0.220795 0.004613
v -0.231539 0.121403 0.229278
v -0.216096 0.105960 0.229278
v -0.231539 0.105960 0.244721
v -0.246982 0.105960 0.229278
v -0.231539 0.105960 0.213835
v -0.231539 0.095922 0.229278
v -0.140285 0.208883 -0.105189
v -0.130457 0.199055 -0.105189
v -0.140285 0.199055 -0.095361
v -0.150113 0.199055 -0.105189
v -0.140285 0.199055 -0.115017
v -0.140285 0.192667 -0.105189
v -0.631896 0.033549 0.166214
v -0.624996 0.026649 0.166214
v -0.631896 0.026649 0.173114
v -0.638796 0.026649 0.166214
v -0.631896 0.026649 0.159313
v -0.631896 0.022164 0.166214
v 0.545432 0.081482 0.117675
v 0.554658 0.072255 0.117675
v 0.545432 0.072255 0.126902
v 0.536205 0.072255 0.117675
v 0.545432 0.072255 0.108448
v 0.545432 0.066258 0.117675
v -0.304618 0.201802 -0.027977
v -0.289679 0.186863 -0.027977
v -0.304618 0.186863 -0.013038
v -0.319557 0.186863 -0.027977
v -0.304618 0.186863 -0.042917
v -0.304618 0.177152 -0.027977
v -0.348506 0.042167 0.318633
v -0.337981 0.031642 0.318633
v -0.348506 0.031642 0.329158
v -0.359031 0.031642 0.318633
v -0.348506 0.031642 0.308108
v -0.348506 0.024801 0.318633
v -0.376175 0.023777 0.321310
v -0.367954 0.015557 0.321310
v -0.376175 0.015557 0.329531
v -0.384395 0.015557 0.321310
v -0.376175 0.015557 0.313090
v -0.376175 0.010214 0.321310
v -0.734427 0.033718 -0.081678
v -0.724207 0.023499 -0.081678
v -0.734427 0.023499 -0.071458
v -0.744646 0.023499 -0.081678
v -0.734427 0.023499 -0.091897
v -0.734427 0.016856 -0.081678
v -0.440157 0.145962 0.003268
v -0.429140 0.134945 0.003268
v -0.440157 0.134945 0.014285
v -0.451174 0.134945 0.003268
v -0.440157 0.134945 -0.007749
v -0.440157 0.127784 0.003268
v -0.603883 0.064835 -0.069337
v -0.597763 0.058715 -0.069337
v -0.603883 0.058715 -0.063217
v -0.610003 0.058715 -0.069337
v -0.603883 0.058715 -0.075458
v -0.603883 0.054737 -0.069337
v -0.288152 0.141214 -0.184361
v -0.273556 0.126618 -0.184361
v -0.288152 0.126618 -0.169765
v -0.302748 0.126618 -0.184361
v -0.288152 0.126618 -0.198957
v -0.288152 0.117130 -0.184361
v 0.368796 0.171690 0.108705
v 0.389440 0.151046 0.108705
v 0.368796 0.151046 0.129350
v 0.348151 0.151046 0.108705
v 0.368796 0.151046 0.088061
v 0.368796 0.137627 0.108705
v -0.162632 0.215762 -0.119967
v -0.152633 0.205762 -0.119967
v -0.162632 0.205762 -0.109968
v -0.172631 0.205762 -0.119967
v -0.162632 0.205762 -0.129966
v -0.162632 0.199263 -0.119967
v 0.329957 0.175810 0.098821
v 0.350509 0.155258 0.098821
v 0.329957 0.155258 0.119373
v 0.309405 0.155258 0.098821
v 0.329957 0.155258 0.078269
v 0.329957 0.141899 0.098821
v 0.576939 0.095497 0.087859
v 0.593706 0.078730 0.087859
v 0.576939 0.078730 0.104626
v 0.560172 0.078730 0.087859
v 0.576939 0.078730 0.071092
v 0.576939 0.067831 0.087859
v -0.530939 0.124271 0.016393
v -0.512495 0.105827 0.016393
v -0.530939 0.105827 0.034837
v -0.549384 0.105827 0.016393
v -0.530939 0.105827 -0.002052
v -0.530939 0.093838 0.016393
v 0.448485 0.072445 0.225222
v 0.465245 0.055685 0.225222
v 0.448485 0.055685 0.241982
v 0.431726 0.055685 0.225222
v 0.448485 0.055685 0.208463
v 0.448485 0.044792 0.225222
v 0.269222 0.166545 0.133395
v 0.276859 0.158908 0.133395
v 0.269222 0.158908 0.141032
v 0.261585 0.158908 0.133395
v 0.269222 0.158908 0.125758
v 0.269222 0.153944 0.133395
v -0.540087 0.095905 -0.096112
v -0.522450 0.078268 -0.096112
v -0.540087 0.078268 -0.078475
v -0.557724 0.078268 -0.096112
v -0.540087 0.078268 -0.113749
v -0.540087 0.066804 -0.096112
v 0.086152 0.245348 0.088159
v 0.105795 0.225705 0.088159
v 0.086152 0.225705 0.107802
v 0.066510 0.225705 0.088159
v 0.086152 0.225705 0.068517
v 0.086152 0.212937 0.088159
v -0.015759 0.049044 -0.342713
v -0.002363 0.035648 -0.342713
v -0.015759 0.035648 -0.329317
v -0.029155 0.035648 -0.342713
v -0.015759 0.035648 -0.356109
v -0.015759 0.026940 -0.342713
v 0.004373 0.258756 0.024288
v 0.013545 0.249585 0.024288
v 0.004373 0.249585 0.033459
v -0.004798 0.249585 0.024288
v 0.004373 0.249585 0.015116
v 0.004373 0.243623 0.024288
v 0.348552 0.119610 -0.170986
v 0.359045 0.109118 -0.170986
v 0.348552 0.109118 -0.160494
v 0.338060 0.109118 -0.170986
v 0.348552 0.109118 -0.181479
v 0.348552 0.102297 -0.170986
v 0.337581 0.123043 -0.203400
v 0.357712 0.102912 -0.203400
v 0.337581 0.102912 -0.183269
v 0.317451 0.102912 -0.203400
v 0.337581 0.102912 -0.223530
v 0.337581 0.089828 -0.203400
v -0.008907 0.249963 -0.081033
v 0.010971 0.230085 -0.081033
v -0.008907 0.230085 -0.061155
v -0.028786 0.230085 -0.081033
v -0.008907 0.230085 -0.100912
v -0.008907 0.217163 -0.081033
v 0.392980 0.160464 0.080712
v 0.401159 0.152285 0.080712
v 0.392980 0.152285 0.088891
v 0.384801 0.152285 0.080712
v 0.392980 0.152285 0.072534
v 0.392980 0.146969 0.080712
v -0.518990 0.077970 -0.169781
v -0.509307 0.068286 -0.169781
v -0.518990 0.068286 -0.160098
v -0.528674 0.068286 -0.169781
v -0.518990 0.068286 -0.179464
v -0.518990 0.061992 -0.169781
v 0.099745 0.030861 -0.336396
v 0.107844 0.022762 -0.336396
v 0.099745 0.022762 -0.328297
v 0.091646 0.022762 -0.336396
v 0.099745 0.022762 -0.344495
v 0.099745 0.017498 -0.336396
v 0.253186 0.184375 0.132608
v 0.265080 0.172481 0.132608
v 0.253186 0.172481 0.144502
v 0.241292 0.172481 0.132608
v 0.253186 0.172481 0.120714
v 0.253186 0.164750 0.132608
v 0.024341 0.255484 -0.024383
v 0.034450 0.245374 -0.024383
v 0.024341 0.245374 -0.014273
v 0.014231 0.245374 -0.024383
v 0.024341 0.245374 -0.034492
v 0.024341 0.238803 -0.024383
v 0.579472 0.055374 -0.207517
v 0.595032 0.039814 -0.207517
v 0.579472 0.039814 -0.191957
v 0.563912 0.039814 -0.207517
v 0.579472 0.039814 -0.223078
v 0.579472 0.029700 -0.207517
v -0.710233 0.057725 -0.028310
v -0.693891 0.041382 -0.028310
v -0.710233 0.041382 -0.011967
v -0.726576 0.041382 -0.028310
v -0.710233 0.041382 -0.044653
v -0.710233 0.030760 -0.028310
v -0.074408 0.197584 -0.159627
v -0.051525 0.174701 -0.159627
v -0.074408 0.174701 -0.136743
v -0.097291 0.174701 -0.159627
v -0.074408 0.174701 -0.182510
v -0.074408 0.159827 -0.159627
v -0.425837 0.151809 0.056216
v -0.410803 0.136775 0.056216
v -0.425837 0.136775 0.071250
v -0.440871 0.136775 0.056216
v -0.425837 0.136775 0.041182
v -0.425837 0.127003 0.056216
v 0.471359 0.156899 0.006034
v 0.488790 0.139468 0.006034
v 0.471359 0.139468 0.023464
v 0.453929 0.139468 0.006034
v 0.471359 0.139468 -0.011397
v 0.471359 0.128139 0.006034
v -0.395403 0.042147 0.274417
v -0.389920 0.036665 0.274417
v -0.395403 0.036665 0.279900
v -0.400886 0.036665 0.274417
v -0.395403 0.036665 0.268934
v -0.395403 0.033101 0.274417
v -0.730715 0.037226 -0.005730
v -0.722325 0.028836 -0.005730
v -0.730715 0.028836 0.002660
v -0.739105 0.028836 -0.005730
v -0.730715 0.028836 -0.014119
v -0.730715 0.023383 -0.005730
v -0.528879 0.100675 -0.107667
v -0.511161 0.082956 -0.107667
v -0.528879 0.082956 -0.089949
v -0.546597 0.082956 -0.107667
v -0.528879 0.082956 -0.125386
v -0.528879 0.071439 -0.107667
v 0.499171 0.046268 -0.262171
v 0.511773 0.033666 -0.262171
v 0.499171 0.033666 -0.249570
v 0.486569 0.033666 -0.262171
v 0.499171 0.033666 -0.274773
v 0.499171 0.025475 -0.262171
v 0.591106 0.058134 -0.145015
v 0.601461 0.047779 -0.145015
v 0.591106 0.047779 -0.134660
v 0.580751 0.047779 -0.145015
v 0.591106 0.047779 -0.155370
v 0.591106 0.041049 -0.145015
v 0.734223 0.032791 0.061532
v 0.743784 0.023229 0.061532
v 0.734223 0.023229 0.071094
v 0.724661 0.023229 0.061532
v 0.734223 0.023229 0.051970
v 0.734223 0.017014 0.061532
v -0.330971 0.032884 -0.311695
v -0.316879 0.018791 -0.311695
v -0.330971 0.018791 -0.297602
v -0.345064 0.018791 -0.311695
v -0.330971 0.018791 -0.325788
v -0.330971 0.009631 -0.311695
v -0.315563 0.037610 0.300557
v -0.307370 0.029417 0.300557
v -0.315563 0.029417 0.308750
v -0.323756 0.029417 0.300557
v -0.315563 0.029417 0.292364
v -0.315563 0.024092 0.300557
v 0.016138 0.156910 -0.214004
v 0.037649 0.135398 -0.214004
v 0.016138 0.135398 -0.192493
v -0.005374 0.135398 -0.214004
v 0.016138 0.135398 -0.235516
v 0.016138 0.121415 -0.214004
v 0.565640 0.048367 0.215254
v 0.580960 0.033048 0.215254
v 0.565640 0.033048 0.230573
v 0.550321 0.033048 0.215254
v 0.565640 0.033048 0.199935
v 0.565640 0.023090 0.215254
v 0.648709 0.066329 0.033967
v 0.654936 0.060102 0.033967
v 0.648709 0.060102 0.040195
v 0.642482 0.060102 0.033967
v 0.648709 0.060102 0.027740
v 0.648709 0.056054 0.033967
v 0.342023 0.203107 -0.033906
v 0.359939 0.185190 -0.033906
v 0.342023 0.185190 -0.015990
v 0.324106 0.185190 -0.033906
v 0.342023 0.185190 -0.051823
v 0.342023 0.173545 -0.033906
v -0.314701 0.043708 -0.311206
v -0.308316 0.037323 -0.311206
v -0.314701 0.037323 -0.304821
v -0.321087 0.037323 -0.311206
v -0.314701 0.037323 -0.317591
v -0.314701 0.033172 -0.311206
v -0.040945 0.232951 -0.107873
v -0.020461 0.212466 -0.107873
v -0.040945 0.212466 -0.087388
v -0.061429 0.212466 -0.107873
v -0.040945 0.212466 -0.128357
v -0.040945 0.199152 -0.107873
v 0.229625 0.186492 -0.137423
v 0.243252 0.172865 -0.137423
v 0.229625 0.172865 -0.123797
v 0.215999 0.172865 -0.137423
v 0.229625 0.172865 -0.151049
v 0.229625 0.164008 -0.137423
v -0.489687 0.049622 -0.233457
v -0.473717 0.033652 -0.233457
v -0.489687 0.033652 -0.217487
v -0.505656 0.033652 -0.233457
v -0.489687 0.033652 -0.249426
v -0.489687 0.023272 -0.233457
v -0.004304 0.187225 -0.193183
v 0.018534 0.164386 -0.193183
v -0.004304 0.164386 -0.170344
v -0.027143 0.164386 -0.193183
v -0.004304 0.164386 -0.216021
v -0.004304 0.149541 -0.193183
v -0.073658 0.105760 -0.248679
v -0.065968 0.098071 -0.248679
v -0.073658 0.098071 -0.240989
v -0.081348 0.098071 -0.248679
v -0.073658 0.098071 -0.256369
v -0.073658 0.093072 -0.248679
v -0.232642 0.062290 -0.282145
v -0.223695 0.053343 -0.282145
v -0.232642 0.053343 -0.273198
v -0.241588 0.053343 -0.282145
v -0.232642 0.053343 -0.291091
v -0.232642 0.047528 -0.282145
v 0.102477 0.102328 0.267204
v 0.114268 0.090538 0.267204
v 0.102477 0.090538 0.278994
v 0.090687 0.090538 0.267204
v 0.102477 0.090538 0.255413
v 0.102477 0.082874 0.267204
v -0.126763 0.249265 0.016676
v -0.112847 0.235349 0.016676
v -0.126763 0.235349 0.030592
v -0.140679 0.235349 0.016676
v -0.126763 0.235349 0.002760
v -0.126763 0.226304 0.016676
v -0.644648 0.047813 -0.153514
v -0.638156 0.041321 -0.153514
v -0.644648 0.041321 -0.147022
v -0.651140 0.041321 -0.153514
v -0.644648 0.041321 -0.160006
v -0.644648 0.037101 -0.153514
v 0.004999 0.245638 0.089443
v 0.016581 0.234056 0.089443
v 0.004999 0.234056 0.101025
v -0.006584 0.234056 0.089443
v 0.004999 0.234056 0.077860
v 0.004999 0.226527 0.089443
v -0.337057 0.130465 -0.173567
v -0.323857 0.117264 -0.173567
v -0.337057 0.117264 -0.160367
v -0.350258 0.117264 -0.173567
v -0.337057 0.117264 -0.186767
v -0.337057 0.108684 -0.173567
v -0.688538 0.041905 0.144563
v -0.678630 0.031997 0.144563
v -0.688538 0.031997 0.154471
v -0.698445 0.031997 0.144563
v -0.688538 0.031997 0.134655
v -0.688538 0.025557 0.144563
v 0.128324 0.038618 -0.344877
v 0.143326 0.023616 -0.344877
v 0.128324 0.023616 -0.329874
v 0.113321 0.023616 -0.344877
v 0.128324 0.023616 -0.359879
v 0.128324 0.013864 -0.344877
v 0.479267 0.053475 0.245269
v 0.487324 0.045418 0.245269
v 0.479267 0.045418 0.253326
v 0.471210 0.045418 0.245269
v 0.479267 0.045418 0.237212
v 0.479267 0.040180 0.245269
v -0.575484 0.033737 -0.238479
v -0.563619 0.021872 -0.238479
v -0.575484 0.021872 -0.226614
v -0.587350 0.021872 -0.238479
v -0.575484 0.021872 -0.250344
v -0.575484 0.014160 -0.238479
v 0.649874 0.047418 0.152997
v 0.663546 0.033745 0.152997
v 0.649874 0.033745 0.166670
v 0.636202 0.033745 0.152997
v 0.649874 0.033745 0.139325
v 0.649874 0.024858 0.152997
v -0.062818 0.255002 0.035536
v -0.040887 0.233072 0.035536
v -0.062818 0.233072 0.057467
v -0.084748 0.233072 0.035536
v -0.062818 0.233072 0.013605
v -0.062818 0.218816 0.035536
v -0.393647 0.040577 0.289745
v -0.385264 0.032195 0.289745
v -0.393647 0.032195 0.298127
v -0.402029 0.032195 0.289745
v -0.393647 0.032195 0.281362
v -0.393647 0.026746 0.289745
v -0.547633 0.070638 -0.171262
v -0.533328 0.056333 -0.171262
v -0.547633 0.056333 -0.156957
v -0.561938 0.056333 -0.171262
v -0.547633 0.056333 -0.185567
v -0.547633 0.047035 -0.171262
v 0.035971 0.248133 0.057195
v 0.047858 0.236245 0.057195
v 0.035971 0.236245 0.069082
v 0.024083 0.236245 0.057195
v 0.035971 0.236245 0.045307
v 0.035971 0.228518 0.057195
v 0.148762 0.034627 -0.337781
v 0.158852 0.024537 -0.337781
v 0.148762 0.024537 -0.327691
v 0.138671 0.024537 -0.337781
v 0.148762 0.024537 -0.347872
v 0.148762 0.017978 -0.337781
v 0.675560 0.054758 0.099757
v 0.686275 0.044042 0.099757
v 0.675560 0.044042 0.110473
v 0.664844 0.044042 0.099757
v 0.675560 0.044042 0.089041
v 0.675560 0.037077 0.099757
v -0.390421 0.128205 -0.174530
v -0.373971 0.111754 -0.174530
v -0.390421 0.111754 -0.158079
v -0.406872 0.111754 -0.174530
v -0.390421 0.111754 -0.190981
v -0.390421 0.101061 -0.174530
v -0.283510 0.035114 -0.329967
v -0.271525 0.023129 -0.329967
v -0.283510 0.023129 -0.317982
v -0.295495 0.023129 -0.329967
v -0.283510 0.023129 -0.341952
v -0.283510 0.015339 -0.329967
v -0.117737 0.195819 -0.167493
v -0.095537 0.173620 -0.167493
v -0.117737 0.173620 -0.145294
v -0.139936 0.173620 -0.167493
v -0.117737 0.173620 -0.189693
v -0.117737 0.159190 -0.167493
v -0.238388 0.222354 -0.054816
v -0.227396 0.211361 -0.054816
v -0.238388 0.211361 -0.043824
v -0.249380 0.211361 -0.054816
v -0.238388 0.211361 -0.065808
v -0.238388 0.204217 -0.054816
v 0.437279 0.102343 0.164999
v 0.446381 0.093240 0.164999
v 0.437279 0.093240 0.174102
v 0.428176 0.093240 0.164999
v 0.437279 0.093240 0.155896
v 0.437279 0.087323 0.164999
v 0.691632 0.040007 -0.129916
v 0.699042 0.032597 -0.129916
v 0.691632 0.032597 -0.122506
v 0.684222 0.032597 -0.129916
v 0.691632 0.032597 -0.137326
v 0.691632 0.027780 -0.129916
v -0.410036 0.108599 0.179725
v -0.390471 0.089033 0.179725
v -0.410036 0.089033 0.199290
v -0.429602 0.089033 0.179725
v -0.410036 0.089033 0.160159
v -0.410036 0.076316 0.179725
v -0.006234 0.144129 -0.215754
v 0.006962 0.130933 -0.215754
v -0.006234 0.130933 -0.202558
v -0.019431 0.130933 -0.215754
v -0.006234 0.130933 -0.228950
v -0.006234 0.122355 -0.215754
v 0.243313 0.040479 0.309645
v 0.253140 0.030652 0.309645
v 0.243313 0.030652 0.319472
v 0.233486 0.030652 0.309645
v 0.243313 0.030652 0.299818
v 0.243313 0.024264 0.309645
v -0.647481 0.075077 -0.073608
v -0.631037 0.058634 -0.073608
v -0.647481 0.058634 -0.057164
v -0.663925 0.058634 -0.073608
v -0.647481 0.058634 -0.090052
v -0.647481 0.047945 -0.073608
v 0.635309 0.055018 -0.117822
v 0.652000 0.038327 -0.117822
v 0.635309 0.038327 -0.101131
v 0.618618 0.038327 -0.117822
v 0.635309 0.038327 -0.134514
v 0.635309 0.027478 -0.117822
v 0.362566 0.031580 -0.322993
v 0.371066 0.023080 -0.322993
v 0.362566 0.023080 -0.314493
v 0.354066 0.023080 -0.322993
v 0.362566 0.023080 -0.331493
v 0.362566 0.017555 -0.322993
v -0.185643 0.194881 -0.116129
v -0.178134 0.187372 -0.116129
v -0.185643 0.187372 -0.108620
v -0.193152 0.187372 -0.116129
v -0.185643 0.187372 -0.123638
v -0.185643 0.182491 -0.116129
v -0.324125 0.182846 -0.102488
v -0.314997 0.173719 -0.102488
v -0.324125 0.173719 -0.093360
v -0.333253 0.173719 -0.102488
v -0.324125 0.173719 -0.111615
v -0.324125 0.167786 -0.102488
v -0.211042 0.130948 0.221886
v -0.198239 0.118145 0.221886
v -0.211042 0.118145 0.234689
v -0.223845 0.118145 0.221886
v -0.211042 0.118145 0.209083
v -0.211042 0.109823 0.221886
v -0.663493 0.065641 -0.018310
v -0.646568 0.048715 -0.018310
v -0.663493 0.048715 -0.001384
v -0.680419 0.048715 -0.018310
v -0.663493 0.048715 -0.035235
v -0.663493 0.037714 -0.018310
v -0.451865 0.137136 -0.093668
v -0.444787 0.130057 -0.093668
v -0.451865 0.130057 -0.086590
v -0.458944 0.130057 -0.093668
v -0.451865 0.130057 -0.100747
v -0.451865 0.125456 -0.093668
v -0.131300 0.141900 0.215159
v -0.123967 0.134568 0.215159
v -0.131300 0.134568 0.222491
v -0.138632 0.134568 0.215159
v -0.131300 0.134568 0.207827
v -0.131300 0.129802 0.215159
v 0.618353 0.054963 -0.167659
v 0.633853 0.039463 -0.167659
v 0.618353 0.039463 -0.152159
v 0.602853 0.039463 -0.167659
v 0.618353 0.039463 -0.183159
v 0.618353 0.029388 -0.167659
v -0.236890 0.182947 -0.157103
v -0.220047 0.166104 -0.157103
v -0.236890 0.166104 -0.140260
v -0.253732 0.166104 -0.157103
v -0.236890 0.166104 -0.173946
v -0.236890 0.155157 -0.157103
v -0.350082 0.138125 0.149479
v -0.339164 0.127208 0.149479
v -0.350082 0.127208 0.160396
v -0.361000 0.127208 0.149479
v -0.350082 0.127208 0.138561
v -0.350082 0.120111 0.149479
v 0.613029 0.073918 0.092446
v 0.619005 0.067941 0.092446
v 0.613029 0.067941 0.098423
v 0.607052 0.067941 0.092446
v 0.613029 0.067941 0.086470
v 0.613029 0.064056 0.092446
v -0.391749 0.195212 -0.017120
v -0.369318 0.172782 -0.017120
v -0.391749 0.172782 0.005311
v -0.414180 0.172782 -0.017120
v -0.391749 0.172782 -0.039550
v -0.391749 0.158202 -0.017120
v -0.167050 0.173556 -0.171778
v -0.152093 0.158599 -0.171778
v -0.167050 0.158599 -0.156821
v -0.182007 0.158599 -0.171778
v -0.167050 0.158599 -0.186735
v -0.167050 0.148877 -0.171778
v 0.445381 0.114094 0.164557
v 0.462337 0.097138 0.164557
v 0.445381 0.097138 0.181513
v 0.428425 0.097138 0.164557
v 0.445381 0.097138 0.147601
v 0.445381 0.086116 0.164557
v 0.157878 0.207551 -0.118818
v 0.171482 0.193947 -0.118818
v 0.157878 0.193947 -0.105215
v 0.144275 0.193947 -0.118818
v 0.157878 0.193947 -0.132422
v 0.157878 0.185105 -0.118818
v 0.415470 0.033028 -0.290480
v 0.428587 0.019911 -0.290480
v 0.415470 0.019911 -0.277363
v 0.402353 0.019911 -0.290480
v 0.415470 0.019911 -0.303597
v 0.415470 0.011385 -0.290480
v -0.371963 0.028923 -0.300334
v -0.360943 0.017902 -0.300334
v -0.371963 0.017902 -0.289314
v -0.382984 0.017902 -0.300334
v -0.371963 0.017902 -0.311355
v -0.371963 0.010739 -0.300334
v -0.256484 0.047808 0.331376
v -0.240955 0.032279 0.331376
v -0.256484 0.032279 0.346906
v -0.272013 0.032279 0.331376
v -0.256484 0.032279 0.315847
v -0.256484 0.022185 0.331376
v -0.346080 0.040941 -0.286983
v -0.335010 0.029871 -0.286983
v -0.346080 0.029871 -0.275913
v -0.357150 0.029871 -0.286983
v -0.346080 0.029871 -0.298053
v -0.346080 0.022675 -0.286983
v 0.308783 0.200089 -0.036595
v 0.323181 0.185691 -0.036595
v 0.308783 0.185691 -0.022198
v 0.294386 0.185691 -0.036595
v 0.308783 0.185691 -0.050993
v 0.308783 0.176333 -0.036595
v 0.177093 0.219963 0.120135
v 0.198752 0.198303 0.120135
v 0.177093 0.198303 0.141795
v 0.155433 0.198303 0.120135
v 0.177093 0.198303 0.098475
v 0.177093 0.184225 0.120135
v 0.242034 0.090176 -0.261396
v 0.251869 0.080341 -0.261396
v 0.242034 0.080341 -0.251561
v 0.232199 0.080341 -0.261396
v 0.242034 0.080341 -0.271232
v 0.242034 0.073948 -0.261396
v 0.098454 0.238108 -0.087650
v 0.109675 0.226887 -0.087650
v 0.098454 0.226887 -0.076428
v 0.087232 0.226887 -0.087650
v 0.098454 0.226887 -0.098872
v 0.098454 0.219593 -0.087650
v -0.371784 0.119816 -0.175715
v -0.352556 0.100588 -0.175715
v -0.371784 0.100588 -0.156487
v -0.391012 0.100588 -0.175715
v -0.371784 0.100588 -0.194943
v -0.371784 0.088090 -0.175715
v 0.115229 0.225623 -0.119827
v 0.139664 0.201189 -0.119827
v 0.115229 0.201189 -0.095393
v 0.090795 0.201189 -0.119827
v 0.115229 0.201189 -0.144261
v 0.115229 0.185306 -0.119827
v 0.010782 0.186579 -0.185347
v 0.028368 0.168993 -0.185347
v 0.010782 0.168993 -0.167761
v -0.006804 0.168993 -0.185347
v 0.010782 0.168993 -0.202933
v 0.010782 0.157562 -0.185347
v -0.037149 0.159331 0.220181
v -0.016509 0.138690 0.220181
v -0.037149 0.138690 0.240821
v -0.057790 0.138690 0.220181
v -0.037149 0.138690 0.199540
v -0.037149 0.125274 0.220181
v -0.676587 0.026419 -0.142363
v -0.669588 0.019420 -0.142363
v -0.676587 0.019420 -0.135364
v -0.683586 0.019420 -0.142363
v -0.676587 0.019420 -0.149361
v -0.676587 0.014871 -0.142363
v 0.696205 0.054940 0.057404
v 0.705740 0.045405 0.057404
v 0.696205 0.045405 0.066939
v 0.686669 0.045405 0.057404
v 0.696205 0.045405 0.047868
v 0.696205 0.039207 0.057404
v 0.538939 0.113169 -0.035111
v 0.556360 0.095748 -0.035111
v 0.538939 0.095748 -0.017691
v 0.521519 0.095748 -0.035111
v 0.538939 0.095748 -0.052532
v 0.538939 0.084425 -0.035111
v 0.141528 0.226897 0.082764
v 0.155638 0.212787 0.082764
v 0.141528 0.212787 0.096874
v 0.127419 0.212787 0.082764
v 0.141528 0.212787 0.068654
v 0.141528 0.203616 0.082764
v -0.527904 0.051869 -0.204256
v -0.515305 0.039270 -0.204256
v -0.527904 0.039270 -0.191657
v -0.540503 0.039270 -0.204256
v -0.527904 0.039270 -0.216856
v -0.527904 0.031080 -0.204256
v 0.223218 0.125509 -0.204625
v 0.234761 0.113966 -0.204625
v 0.223218 0.113966 -0.193082
v 0.211676 0.113966 -0.204625
v 0.223218 0.113966 -0.216168
v 0.223218 0.106464 -0.204625
v 0.262487 0.111083 -0.217250
v 0.271822 0.101748 -0.217250
v 0.262487 0.101748 -0.207915
v 0.253151 0.101748 -0.217250
v 0.262487 0.101748 -0.226585
v 0.262487 0.095680 -0.217250
v 0.434654 0.144531 0.033151
v 0.443139 0.136046 0.033151
v 0.434654 0.136046 0.041636
v 0.426169 0.136046 0.033151
v 0.434654 0.136046 0.024666
v 0.434654 0.130531 0.033151
v -0.154123 0.243169 0.034595
v -0.144680 0.233727 0.034595
v -0.154123 0.233727 0.044038
v -0.163566 0.233727 0.034595
v -0.154123 0.233727 0.025152
v -0.154123 0.227589 0.034595
v -0.495049 0.096636 0.134830
v -0.484969 0.086556 0.134830
v -0.495049 0.086556 0.144910
v -0.505129 0.086556 0.134830
v -0.495049 0.086556 0.124750
v -0.495049 0.080003 0.134830
v -0.283219 0.039222 0.312700
v -0.271742 0.027745 0.312700
v -0.283219 0.027745 0.324177
v -0.294696 0.027745 0.312700
v -0.283219 0.027745 0.301223
v -0.283219 0.020285 0.312700
v -0.210229 0.246037 -0.057653
v -0.185371 0.221180 -0.057653
v -0.210229 0.221180 -0.032795
v -0.235086 0.221180 -0.057653
v -0.210229 0.221180 -0.082510
v -0.210229 0.205023 -0.057653
v -0.200514 0.138669 -0.208931
v -0.190807 0.128962 -0.208931
v -0.200514 0.128962 -0.199224
v -0.210220 0.128962 -0.208931
v -0.200514 0.128962 -0.218638
v -0.200514 0.122653 -0.208931
v -0.112233 0.144176 0.221054
v -0.092289 0.124232 0.221054
v -0.112233 0.124232 0.240998
v -0.132177 0.124232 0.221054
v -0.112233 0.124232 0.201111
v -0.112233 0.111268 0.221054
v -0.057546 0.124623 -0.232844
v -0.042770 0.109848 -0.232844
v -0.057546 0.109848 -0.218068
v -0.072322 0.109848 -0.232844
v -0.057546 0.109848 -0.247620
v -0.057546 0.100243 -0.232844
v 0.207061 0.066985 0.282758
v 0.220770 0.053277 0.282758
v 0.207061 0.053277 0.296467
v 0.193353 0.053277 0.282758
v 0.207061 0.053277 0.269050
v 0.207061 0.044366 0.282758
v -0.190118 0.232622 0.003080
v -0.177352 0.219856 0.003080
v -0.190118 0.219856 0.015846
v -0.202884 0.219856 0.003080
v -0.190118 0.219856 -0.009686
v -0.190118 0.211558 0.003080
v 0.031146 0.070072 0.293595
v 0.043322 0.057897 0.293595
v 0.031146 0.057897 0.305771
v 0.018970 0.057897 0.293595
v 0.031146 0.057897 0.281419
v 0.031146 0.049982 0.293595
v -0.445513 0.062048 -0.257611
v -0.428948 0.045484 -0.257611
v -0.445513 0.045484 -0.241046
v -0.462078 0.045484 -0.257611
v -0.445513 0.045484 -0.274176
v -0.445513 0.034716 -0.257611
v -0.025412 0.072702 -0.308172
v -0.014990 0.062280 -0.308172
v -0.025412 0.062280 -0.297749
v -0.035834 0.062280 -0.308172
v -0.025412 0.062280 -0.318594
v -0.025412 0.055505 -0.308172
vt 0.000000 0.000000
vt 0.020833 0.000000
vt 0.041667 0.000000
vt 0.062500 0.000000
vt 0.083333 0.000000
vt 0.104167 0.000000
vt 0.125000 0.000000
vt 0.145833 0.000000
vt 0.166667 0.000000
vt 0.187500 0.000000
vt 0.208333 0.000000
vt 0.229167 0.000000
vt 0.250000 0.000000
vt 0.270833 0.000000
vt 0.291667 0.000000
vt 0.312500 0.000000
vt 0.333333 0.000000
vt 0.354167 0.000000
vt 0.375000 0.000000
vt 0.395833 0.000000
vt 0.416667 0.000000
vt 0.437500 0.000000
vt 0.458333 0.000000
vt 0.479167 0.000000
vt 0.500000 0.000000
vt 0.520833 0.000000
vt 0.541667 0.000000
vt 0.562500 0.000000
vt 0.583333 0.000000
vt 0.604167 0.000000
vt 0.625000 0.000000
vt 0.645833 0.000000
vt 0.666667 0.000000
vt 0.687500 0.000000
vt 0.708333 0.000000
vt 0.729167 0.000000
vt 0.750000 0.000000
vt 0.770833 0.000000
vt 0.791667 0.000000
vt 0.812500 0.000000
vt 0.833333 0.000000
vt 0.854167 0.000000
vt 0.875000 0.000000
vt 0.895833 0.000000
vt 0.916667 0.000000
vt 0.937500 0.000000
vt 0.958333 0.000000
vt 0.979167 0.000000
vt 1.000000 0.000000
vt 0.000000 0.020833
vt 0.020833 0.020833
vt 0.041667 0.020833
vt 0.062500 0.020833
vt 0.083333 0.020833
vt 0.104167 0.020833
vt 0.125000 0.020833
vt 0.145833 0.020833
vt 0.166667 0.020833
vt 0.187500 0.020833
vt 0.208333 0.020833
vt 0.229167 0.020833
vt 0.250000 0.020833
vt 0.270833 0.020833
vt 0.291667 0.020833
vt 0.312500 0.020833
vt 0.333333 0.020833
vt 0.354167 0.020833
vt 0.375000 0.020833
vt 0.395833 0.020833
vt 0.416667 0.020833
vt 0.437500 0.020833
vt 0.458333 0.020833
vt 0.479167 0.020833
vt 0.500000 0.020833
vt 0.520833 0.020833
vt 0.541667 0.020833
vt 0.562500 0.020833
vt 0.583333 0.020833
vt 0.604167 0.020833
vt 0.625000 0.020833
vt 0.645833 0.020833
vt 0.666667 0.020833
vt 0.687500 0.020833
vt 0.708333 0.020833
vt 0.729167 0.020833
vt 0.750000 0.020833
vt 0.770833 0.020833
vt 0.791667 0.020833
vt 0.812500 0.020833
vt 0.833333 0.020833
vt 0.854167 0.020833
vt 0.875000 0.020833
vt 0.895833 0.020833
vt 0.916667 0.020833
vt 0.937500 0.020833
vt 0.958333 0.020833
vt 0.979167 0.020833
vt 1.000000 0.020833
vt 0.000000 0.041667
vt 0.020833 0.041667
vt 0.041667 0.041667
vt 0.062500 0.041667
vt 0.083333 0.041667
vt 0.104167 0.041667
vt 0.125000 0.041667
vt 0.145833 0.041667
vt 0.166667 0.041667
vt 0.187500 0.041667
vt 0.208333 0.041667
vt 0.229167 0.041667
vt 0.250000 0.041667
vt 0.270833 0.041667
vt 0.291667 0.041667
vt 0.312500 0.041667
vt 0.333333 0.041667
vt 0.354167 0.041667
vt 0.375000 0.041667
vt 0.395833 0.041667
vt 0.416667 0.041667
vt 0.437500 0.041667
vt 0.458333 0.041667
vt 0.479167 0.041667
vt 0.500000 0.041667
vt 0.520833 0.041667
vt 0.541667 0.041667
vt 0.562500 0.041667
vt 0.583333 0.041667
vt 0.604167 0.041667
vt 0.625000 0.041667
vt 0.645833 0.041667
vt 0.666667 0.041667
vt 0.687500 0.041667
vt 0.708333 0.041667
vt 0.729167 0.041667
vt 0.750000 0.041667
vt 0.770833 0.041667
vt 0.791667 0.041667
vt 0.812500 0.041667
vt 0.833333 0.041667
vt 0.854167 0.041667
vt 0.875000 0.041667
vt 0.895833 0.041667
vt 0.916667 0.041667
vt 0.937500 0.041667
vt 0.958333 0.041667
vt 0.979167 0.041667
vt 1.000000 0.041667
vt 0.000000 0.062500
vt 0.020833 0.062500
vt 0.041667 0.062500
vt 0.062500 0.062500
vt 0.083333 0.062500
vt 0.104167 0.062500
vt 0.125000 0.062500
vt 0.145833 0.062500
vt 0.166667 0.062500
vt 0.187500 0.062500
vt 0.208333 0.062500
vt 0.229167 0.062500
vt 0.250000 0.062500
vt 0.270833 0.062500
vt 0.291667 0.062500
vt 0.312500 0.062500
vt 0.333333 0.062500
vt 0.354167 0.062500
vt 0.375000 0.062500
vt 0.395833 0.062500
vt 0.416667 0.062500
vt 0.437500 0.062500
vt 0.458333 0.062500
vt 0.479167 0.062500
vt 0.500000 0.062500
vt 0.520833 0.062500
vt 0.541667 0.062500
vt 0.562500 0.062500
vt 0.583333 0.062500
vt 0.604167 0.062500
vt 0.625000 0.062500
vt 0.645833 0.062500
vt 0.666667 0.062500
vt 0.687500 0.062500
vt 0.708333 0.062500
vt 0.729167 0.062500
vt 0.750000 0.062500
vt 0.770833 0.062500
vt 0.791667 0.062500
vt 0.812500 0.062500
vt 0.833333 0.062500
vt 0.854167 0.062500
vt 0.875000 0.062500
vt 0.895833 0.062500
vt 0.916667 0.062500
vt 0.937500 0.062500
vt 0.958333 0.062500
vt 0.979167 0.062500
vt 1.000000 0.062500
vt 0.000000 0.083333
vt 0.020833 0.083333
vt 0.041667 0.083333
vt 0.062500 0.083333
vt 0.083333 0.083333
vt 0.104167 0.083333
vt 0.125000 0.083333
vt 0.145833 0.083333
vt 0.166667 0.083333
vt 0.187500 0.083333
vt 0.208333 0.083333
vt 0.229167 0.083333
vt 0.250000 0.083333
vt 0.270833 0.083333
vt 0.291667 0.083333
vt 0.312500 0.083333
vt 0.333333 0.083333
vt 0.354167 0.083333
vt 0.375000 0.083333
vt 0.395833 0.083333
vt 0.416667 0.083333
vt 0.437500 0.083333
vt 0.458333 0.083333
vt 0.479167 0.083333
vt 0.500000 0.083333
vt 0.520833 0.083333
vt 0.541667 0.083333
vt 0.562500 0.083333
vt 0.583333 0.083333
vt 0.604167 0.083333
vt 0.625000 0.083333
vt 0.645833 0.083333
vt 0.666667 0.083333
vt 0.687500 0.083333
vt 0.708333 0.083333
vt 0.729167 0.083333
vt 0.750000 0.083333
vt 0.770833 0.083333
vt 0.791667 0.083333
vt 0.812500 0.083333
vt 0.833333 0.083333
vt 0.854167 0.083333
vt 0.875000 0.083333
vt 0.895833 0.083333
vt 0.916667 0.083333
vt 0.937500 0.083333
vt 0.958333 0.083333
vt 0.979167 0.083333
vt 1.000000 0.083333
vt 0.000000 0.104167
vt 0.020833 0.104167
vt 0.041667 0.104167
vt 0.062500 0.104167
vt 0.083333 0.104167
vt 0.104167 0.104167
vt 0.125000 0.104167
vt 0.145833 0.104167
vt 0.166667 0.104167
vt 0.187500 0.104167
vt 0.208333 0.104167
vt 0.229167 0.104167
vt 0.250000 0.104167
vt 0.270833 0.104167
vt 0.291667 0.104167
vt 0.312500 0.104167
vt 0.333333 0.104167
vt 0.354167 0.104167
vt 0.375000 0.104167
vt 0.395833 0.104167
vt 0.416667 0.104167
vt 0.437500 0.104167
vt 0.458333 0.104167
vt 0.479167 0.104167
vt 0.500000 0.104167
vt 0.520833 0.104167
vt 0.541667 0.104167
vt 0.562500 0.104167
vt 0.583333 0.104167
vt 0.604167 0.104167
vt 0.625000 0.104167
vt 0.645833 0.104167
vt 0.666667 0.104167
vt 0.687500 0.104167
vt 0.708333 0.104167
vt 0.729167 0.104167
vt 0.750000 0.104167
vt 0.770833 0.104167
vt 0.791667 0.104167
vt 0.812500 0.104167
vt 0.833333 0.104167
vt 0.854167 0.104167
vt 0.875000 0.104167
vt 0.895833 0.104167
vt 0.916667 0.104167
vt 0.937500 0.104167
vt 0.958333 0.104167
vt 0.979167 0.104167
vt 1.000000 0.104167
vt 0.000000 0.125000
vt 0.020833 0.125000
vt 0.041667 0.125000
vt 0.062500 0.125000
vt 0.083333 0.125000
vt 0.104167 0.125000
vt 0.125000 0.125000
vt 0.145833 0.125000
vt 0.166667 0.125000
vt 0.187500 0.125000
vt 0.208333 0.125000
vt 0.229167 0.125000
vt 0.250000 0.125000
vt 0.270833 0.125000
vt 0.291667 0.125000
vt 0.312500 0.125000
vt 0.333333 0.125000
vt 0.354167 0.125000
vt 0.375000 0.125000
vt 0.395833 0.125000
vt 0.416667 0.125000
vt 0.437500 0.125000
vt 0.458333 0.125000
vt 0.479167 0.125000
vt 0.500000 0.125000
vt 0.520833 0.125000
vt 0.541667 0.125000
vt 0.562500 0.125000
vt 0.583333 0.125000
vt 0.604167 0.125000
vt 0.625000 0.125000
vt 0.645833 0.125000
vt 0.666667 0.125000
vt 0.687500 0.125000
vt 0.708333 0.125000
vt 0.729167 0.125000
vt 0.750000 0.125000
vt 0.770833 0.125000
vt 0.791667 0.125000
vt 0.812500 0.125000
vt 0.833333 0.125000
vt 0.854167 0.125000
vt 0.875000 0.125000
vt 0.895833 0.125000
vt 0.916667 0.125000
vt 0.937500 0.125000
vt 0.958333 0.125000
vt 0.979167 0.125000
vt 1.000000 0.125000
vt 0.000000 0.145833
vt 0.020833 0.145833
vt 0.041667 0.145833
vt 0.062500 0.145833
vt 0.083333 0.145833
vt 0.104167 0.145833
vt 0.125000 0.145833
vt 0.145833 0.145833
vt 0.166667 0.145833
vt 0.187500 0.145833
vt 0.208333 0.145833
vt 0.229167 0.145833
vt 0.250000 0.145833
vt 0.270833 0.145833
vt 0.291667 0.145833
vt 0.312500 0.145833
vt 0.333333 0.145833
vt 0.354167 0.145833
vt 0.375000 0.145833
vt 0.395833 0.145833
vt 0.416667 0.145833
vt 0.437500 0.145833
vt 0.458333 0.145833
vt 0.479167 0.145833
vt 0.500000 0.145833
vt 0.520833 0.145833
vt 0.541667 0.145833
vt 0.562500 0.145833
vt 0.583333 0.145833
vt 0.604167 0.145833
vt 0.625000 0.145833
vt 0.645833 0.145833
vt 0.666667 0.145833
vt 0.687500 0.145833
vt 0.708333 0.145833
vt 0.729167 0.145833
vt 0.750000 0.145833
vt 0.770833 0.145833
vt 0.791667 0.145833
vt 0.812500 0.145833
vt 0.833333 0.145833
vt 0.854167 0.145833
vt 0.875000 0.145833
vt 0.895833 0.145833
vt 0.916667 0.145833
vt 0.937500 0.145833
vt 0.958333 0.145833
vt 0.979167 0.145833
vt 1.000000 0.145833
vt 0.000000 0.166667
vt 0.020833 0.166667
vt 0.041667 0.166667
vt 0.062500 0.166667
vt 0.083333 0.166667
vt 0.104167 0.166667
vt 0.125000 0.166667
vt 0.145833 0.166667
vt 0.166667 0.166667
vt 0.187500 0.166667
vt 0.208333 0.166667
vt 0.229167 0.166667
vt 0.250000 0.166667
vt 0.270833 0.166667
vt 0.291667 0.166667
vt 0.312500 0.166667
vt 0.333333 0.166667
vt 0.354167 0.166667
vt 0.375000 0.166667
vt 0.395833 0.166667
vt 0.416667 0.166667
vt 0.437500 0.166667
vt 0.458333 0.166667
vt 0.479167 0.166667
vt 0.500000 0.166667
vt 0.520833 0.166667
vt 0.541667 0.166667
vt 0.562500 0.166667
vt 0.583333 0.166667
vt 0.604167 0.166667
vt 0.625000 0.166667
vt 0.645833 0.166667
vt 0.666667 0.166667
vt 0.687500 0.166667
vt 0.708333 0.166667
vt 0.729167 0.166667
vt 0.750000 0.166667
vt 0.770833 0.166667
vt 0.791667 0.166667
vt 0.812500 0.166667
vt 0.833333 0.166667
vt 0.854167 0.166667
vt 0.875000 0.166667
vt 0.895833 0.166667
vt 0.916667 0.166667
vt 0.937500 0.166667
vt 0.958333 0.166667
vt 0.979167 0.166667
vt 1.000000 0.166667
vt 0.000000 0.187500
vt 0.020833 0.187500
vt 0.041667 0.187500
vt 0.062500 0.187500
vt 0.083333 0.187500
vt 0.104167 0.187500
vt 0.125000 0.187500
vt 0.145833 0.187500
vt 0.166667 0.187500
vt 0.187500 0.187500
vt 0.208333 0.187500
vt 0.229167 0.187500
vt 0.250000 0.187500
vt 0.270833 0.187500
vt 0.291667 0.187500
vt 0.312500 0.187500
vt 0.333333 0.187500
vt 0.354167 0.187500
vt 0.375000 0.187500
vt 0.395833 0.187500
vt 0.416667 0.187500
vt 0.437500 0.187500
vt 0.458333 0.187500
vt 0.479167 0.187500
vt 0.500000 0.187500
vt 0.520833 0.187500
vt 0.541667 0.187500
vt 0.562500 0.187500
vt 0.583333 0.187500
vt 0.604167 0.187500
vt 0.625000 0.187500
vt 0.645833 0.187500
vt 0.666667 0.187500
vt 0.687500 0.187500
vt 0.708333 0.187500
vt 0.729167 0.187500
vt 0.750000 0.187500
vt 0.770833 0.187500
vt 0.791667 0.187500
vt 0.812500 0.187500
vt 0.833333 0.187500
vt 0.854167 0.187500
vt 0.875000 0.187500
vt 0.895833 0.187500
vt 0.916667 0.187500
vt 0.937500 0.187500
vt 0.958333 0.187500
vt 0.979167 0.187500
vt 1.000000 0.187500
vt 0.000000 0.208333
vt 0.020833 0.208333
vt 0.041667 0.208333
vt 0.062500 0.208333
vt 0.083333 0.208333
vt 0.104167 0.208333
vt 0.125000 0.208333
vt 0.145833 0.208333
vt 0.166667 0.208333
vt 0.187500 0.208333
vt 0.208333 0.208333
vt 0.229167 0.208333
vt 0.250000 0.208333
vt 0.270833 0.208333
vt 0.291667 0.208333
vt 0.312500 0.208333
vt 0.333333 0.208333
vt 0.354167 0.208333
vt 0.375000 0.208333
vt 0.395833 0.208333
vt 0.416667 0.208333
vt 0.437500 0.208333
vt 0.458333 0.208333
vt 0.479167 0.208333
vt 0.500000 0.208333
vt 0.520833 0.208333
vt 0.541667 0.208333
vt 0.562500 0.208333
vt 0.583333 0.208333
vt 0.604167 0.208333
vt 0.625000 0.208333
vt 0.645833 0.208333
vt 0.666667 0.208333
vt 0.687500 0.208333
vt 0.708333 0.208333
vt 0.729167 0.208333
vt 0.750000 0.208333
vt 0.770833 0.208333
vt 0.791667 0.208333
vt 0.812500 0.208333
vt 0.833333 0.208333
vt 0.854167 0.208333
vt 0.875000 0.208333
vt 0.895833 0.208333
vt 0.916667 0.208333
vt 0.937500 0.208333
vt 0.958333 0.208333
vt 0.979167 0.208333
vt 1.000000 0.208333
vt 0.000000 0.229167
vt 0.020833 0.229167
vt 0.041667 0.229167
vt 0.062500 0.229167
vt 0.083333 0.229167
vt 0.104167 0.229167
vt 0.125000 0.229167
vt 0.145833 0.229167
vt 0.166667 0.229167
vt 0.187500 0.229167
vt 0.208333 0.229167
vt 0.229167 0.229167
vt 0.250000 0.229167
vt 0.270833 0.229167
vt 0.291667 0.229167
vt 0.312500 0.229167
vt 0.333333 0.229167
vt 0.354167 0.229167
vt 0.375000 0.229167
vt 0.395833 0.229167
vt 0.416667 0.229167
vt 0.437500 0.229167
vt 0.458333 0.229167
vt 0.479167 0.229167
vt 0.500000 0.229167
vt 0.520833 0.229167
vt 0.541667 0.229167
vt 0.562500 0.229167
vt 0.583333 0.229167
vt 0.604167 0.229167
vt 0.625000 0.229167
vt 0.645833 0.229167
vt 0.666667 0.229167
vt 0.687500 0.229167
vt 0.708333 0.229167
vt 0.729167 0.229167
vt 0.750000 0.229167
vt 0.770833 0.229167
vt 0.791667 0.229167
vt 0.812500 0.229167
vt 0.833333 0.229167
vt 0.854167 0.229167
vt 0.875000 0.229167
vt 0.895833 0.229167
vt 0.916667 0.229167
vt 0.937500 0.229167
vt 0.958333 0.229167
vt 0.979167 0.229167
vt 1.000000 0.229167
vt 0.000000 0.250000
vt 0.020833 0.250000
vt 0.041667 0.250000
vt 0.062500 0.250000
vt 0.083333 0.250000
vt 0.104167 0.250000
vt 0.125000 0.250000
vt 0.145833 0.250000
vt 0.166667 0.250000
vt 0.187500 0.250000
vt 0.208333 0.250000
vt 0.229167 0.250000
vt 0.250000 0.250000
vt 0.270833 0.250000
vt 0.291667 0.250000
vt 0.312500 0.250000
vt 0.333333 0.250000
vt 0.354167 0.250000
vt 0.375000 0.250000
vt 0.395833 0.250000
vt 0.416667 0.250000
vt 0.437500 0.250000
vt 0.458333 0.250000
vt 0.479167 0.250000
vt 0.500000 0.250000
vt 0.520833 0.250000
vt 0.541667 0.250000
vt 0.562500 0.250000
vt 0.583333 0.250000
vt 0.604167 0.250000
vt 0.625000 0.250000
vt 0.645833 0.250000
vt 0.666667 0.250000
vt 0.687500 0.250000
vt 0.708333 0.250000
vt 0.729167 0.250000
vt 0.750000 0.250000
vt 0.770833 0.250000
vt 0.791667 0.250000
vt 0.812500 0.250000
vt 0.833333 0.250000
vt 0.854167 0.250000
vt 0.875000 0.250000
vt 0.895833 0.250000
vt 0.916667 0.250000
vt 0.937500 0.250000
vt 0.958333 0.250000
vt 0.979167 0.250000
vt 1.000000 0.250000
vt 0.000000 0.270833
vt 0.020833 0.270833
vt 0.041667 0.270833
vt 0.062500 0.270833
vt 0.083333 0.270833
vt 0.104167 0.270833
vt 0.125000 0.270833
vt 0.145833 0.270833
vt 0.166667 0.270833
vt 0.187500 0.270833
vt 0.208333 0.270833
vt 0.229167 0.270833
vt 0.250000 0.270833
vt 0.270833 0.270833
vt 0.291667 0.270833
vt 0.312500 0.270833
vt 0.333333 0.270833
vt 0.354167 0.270833
vt 0.375000 0.270833
vt 0.395833 0.270833
vt 0.416667 0.270833
vt 0.437500 0.270833
vt 0.458333 0.270833
vt 0.479167 0.270833
vt 0.500000 0.270833
vt 0.520833 0.270833
vt 0.541667 0.270833
vt 0.562500 0.270833
vt 0.583333 0.270833
vt 0.604167 0.270833
vt 0.625000 0.270833
vt 0.645833 0.270833
vt 0.666667 0.270833
vt 0.687500 0.270833
vt 0.708333 0.270833
vt 0.729167 0.270833
vt 0.750000 0.270833
vt 0.770833 0.270833
vt 0.791667 0.270833
vt 0.812500 0.270833
vt 0.833333 0.270833
vt 0.854167 0.270833
vt 0.875000 0.270833
vt 0.895833 0.270833
vt 0.916667 0.270833
vt 0.937500 0.270833
vt 0.958333 0.270833
vt 0.979167 0.270833
vt 1.000000 0.270833
vt 0.000000 0.291667
vt 0.020833 0.291667
vt 0.041667 0.291667
vt 0.062500 0.291667
vt 0.083333 0.291667
vt 0.104167 0.291667
vt 0.125000 0.291667
vt 0.145833 0.291667
vt 0.166667 0.291667
vt 0.187500 0.291667
vt 0.208333 0.291667
vt 0.229167 0.291667
vt 0.250000 0.291667
vt 0.270833 0.291667
vt 0.291667 0.291667
vt 0.312500 0.291667
vt 0.333333 0.291667
vt 0.354167 0.291667
vt 0.375000 0.291667
vt 0.395833 0.291667
vt 0.416667 0.291667
vt 0.437500 0.291667
vt 0.458333 0.291667
vt 0.479167 0.291667
vt 0.500000 0.291667
vt 0.520833 0.291667
vt 0.541667 0.291667
vt 0.562500 0.291667
vt 0.583333 0.291667
vt 0.604167 0.291667
vt 0.625000 0.291667
vt 0.645833 0.291667
vt 0.666667 0.291667
vt 0.687500 0.291667
vt 0.708333 0.291667
vt 0.729167 0.291667
vt 0.750000 0.291667
vt 0.770833 0.291667
vt 0.791667 0.291667
vt 0.812500 0.291667
vt 0.833333 0.291667
vt 0.854167 0.291667
vt 0.875000 0.291667
vt 0.895833 0.291667
vt 0.916667 0.291667
vt 0.937500 0.291667
vt 0.958333 0.291667
vt 0.979167 0.291667
vt 1.000000 0.291667
vt 0.000000 0.312500
vt 0.020833 0.312500
vt 0.041667 0.312500
vt 0.062500 0.312500
vt 0.083333 0.312500
vt 0.104167 0.312500
vt 0.125000 0.312500
vt 0.145833 0.312500
vt 0.166667 0.312500
vt 0.187500 0.312500
vt 0.208333 0.312500
vt 0.229167 0.312500
vt 0.250000 0.312500
vt 0.270833 0.312500
vt 0.291667 0.312500
vt 0.312500 0.312500
vt 0.333333 0.312500
vt 0.354167 0.312500
vt 0.375000 0.312500
vt 0.395833 0.312500
vt 0.416667 0.312500
vt 0.437500 0.312500
vt 0.458333 0.312500
vt 0.479167 0.312500
vt 0.500000 0.312500
vt 0.520833 0.312500
vt 0.541667 0.312500
vt 0.562500 0.312500
vt 0.583333 0.312500
vt 0.604167 0.312500
vt 0.625000 0.312500
vt 0.645833 0.312500
vt 0.666667 0.312500
vt 0.687500 0.312500
vt 0.708333 0.312500
vt 0.729167 0.312500
vt 0.750000 0.312500
vt 0.770833 0.312500
vt 0.791667 0.312500
vt 0.812500 0.312500
vt 0.833333 0.312500
vt 0.854167 0.312500
vt 0.875000 0.312500
vt 0.895833 0.312500
vt 0.916667 0.312500
vt 0.937500 0.312500
vt 0.958333 0.312500
vt 0.979167 0.312500
vt 1.000000 0.312500
vt 0.000000 0.333333
vt 0.020833 0.333333
vt 0.041667 0.333333
vt 0.062500 0.333333
vt 0.083333 0.333333
vt 0.104167 0.333333
vt 0.125000 0.333333
vt 0.145833 0.333333
vt 0.166667 0.333333
vt 0.187500 0.333333
vt 0.208333 0.333333
vt 0.229167 0.333333
vt 0.250000 0.333333
vt 0.270833 0.333333
vt 0.291667 0.333333
vt 0.312500 0.333333
vt 0.333333 0.333333
vt 0.354167 0.333333
vt 0.375000 0.333333
vt 0.395833 0.333333
vt 0.416667 0.333333
vt 0.437500 0.333333
vt 0.458333 0.333333
vt 0.479167 0.333333
vt 0.500000 0.333333
vt 0.520833 0.333333
vt 0.541667 0.333333
vt 0.562500 0.333333
vt 0.583333 0.333333
vt 0.604167 0.333333
vt 0.625000 0.333333
vt 0.645833 0.333333
vt 0.666667 0.333333
vt 0.687500 0.333333
vt 0.708333 0.333333
vt 0.729167 0.333333
vt 0.750000 0.333333
vt 0.770833 0.333333
vt 0.791667 0.333333
vt 0.812500 0.333333
vt 0.833333 0.333333
vt 0.854167 0.333333
vt 0.875000 0.333333
vt 0.895833 0.333333
vt 0.916667 0.333333
vt 0.937500 0.333333
vt 0.958333 0.333333
vt 0.979167 0.333333
vt 1.000000 0.333333
vt 0.000000 0.354167
vt 0.020833 0.354167
vt 0.041667 0.354167
vt 0.062500 0.354167
vt 0.083333 0.354167
vt 0.104167 0.354167
vt 0.125000 0.354167
vt 0.145833 0.354167
vt 0.166667 0.354167
vt 0.187500 0.354167
vt 0.208333 0.354167
vt 0.229167 0.354167
vt 0.250000 0.354167
vt 0.270833 0.354167
vt 0.291667 0.354167
vt 0.312500 0.354167
vt 0.333333 0.354167
vt 0.354167 0.354167
vt 0.375000 0.354167
vt 0.395833 0.354167
vt 0.416667 0.354167
vt 0.437500 0.354167
vt 0.458333 0.354167
vt 0.479167 0.354167
vt 0.500000 0.354167
vt 0.520833 0.354167
vt 0.541667 0.354167
vt 0.562500 0.354167
vt 0.583333 0.354167
vt 0.604167 0.354167
vt 0.625000 0.354167
vt 0.645833 0.354167
vt 0.666667 0.354167
vt 0.687500 0.354167
vt 0.708333 0.354167
vt 0.729167 0.354167
vt 0.750000 0.354167
vt 0.770833 0.354167
vt 0.791667 0.354167
vt 0.812500 0.354167
vt 0.833333 0.354167
vt 0.854167 0.354167
vt 0.875000 0.354167
vt 0.895833 0.354167
vt 0.916667 0.354167
vt 0.937500 0.354167
vt 0.958333 0.354167
vt 0.979167 0.354167
vt 1.000000 0.354167
vt 0.000000 0.375000
vt 0.020833 0.375000
vt 0.041667 0.375000
vt 0.062500 0.375000
vt 0.083333 0.375000
vt 0.104167 0.375000
vt 0.125000 0.375000
vt 0.145833 0.375000
vt 0.166667 0.375000
vt 0.187500 0.375000
vt 0.208333 0.375000
vt 0.229167 0.375000
vt 0.250000 0.375000
vt 0.270833 0.375000
vt 0.291667 0.375000
vt 0.312500 0.375000
vt 0.333333 0.375000
vt 0.354167 0.375000
vt 0.375000 0.375000
vt 0.395833 0.375000
vt 0.416667 0.375000
vt 0.437500 0.375000
vt 0.458333 0.375000
vt 0.479167 0.375000
vt 0.500000 0.375000
vt 0.520833 0.375000
vt 0.541667 0.375000
vt 0.562500 0.375000
vt 0.583333 0.375000
vt 0.604167 0.375000
vt 0.625000 0.375000
vt 0.645833 0.375000
vt 0.666667 0.375000
vt 0.687500 0.375000
vt 0.708333 0.375000
vt 0.729167 0.375000
vt 0.750000 0.375000
vt 0.770833 0.375000
vt 0.791667 0.375000
vt 0.812500 0.375000
vt 0.833333 0.375000
vt 0.854167 0.375000
vt 0.875000 0.375000
vt 0.895833 0.375000
vt 0.916667 0.375000
vt 0.937500 0.375000
vt 0.958333 0.375000
vt 0.979167 0.375000
vt 1.000000 0.375000
vt 0.000000 0.395833
vt 0.020833 0.395833
vt 0.041667 0.395833
vt 0.062500 0.395833
vt 0.083333 0.395833
vt 0.104167 0.395833
vt 0.125000 0.395833
vt 0.145833 0.395833
vt 0.166667 0.395833
vt 0.187500 0.395833
vt 0.208333 0.395833
vt 0.229167 0.395833
vt 0.250000 0.395833
vt 0.270833 0.395833
vt 0.291667 0.395833
vt 0.312500 0.395833
vt 0.333333 0.395833
vt 0.354167 0.395833
vt 0.375000 0.395833
vt 0.395833 0.395833
vt 0.416667 0.395833
vt 0.437500 0.395833
vt 0.458333 0.395833
vt 0.479167 0.395833
vt 0.500000 0.395833
vt 0.520833 0.395833
vt 0.541667 0.395833
vt 0.562500 0.395833
vt 0.583333 0.395833
vt 0.604167 0.395833
vt 0.625000 0.395833
vt 0.645833 0.395833
vt 0.666667 0.395833
vt 0.687500 0.395833
vt 0.708333 0.395833
vt 0.729167 0.395833
vt 0.750000 0.395833
vt 0.770833 0.395833
vt 0.791667 0.395833
vt 0.812500 0.395833
vt 0.833333 0.395833
vt 0.854167 0.395833
vt 0.875000 0.395833
vt 0.895833 0.395833
vt 0.916667 0.395833
vt 0.937500 0.395833
vt 0.958333 0.395833
vt 0.979167 0.395833
vt 1.000000 0.395833
vt 0.000000 0.416667
vt 0.020833 0.416667
vt 0.041667 0.416667
vt 0.062500 0.416667
vt 0.083333 0.416667
vt 0.104167 0.416667
vt 0.125000 0.416667
vt 0.145833 0.416667
vt 0.166667 0.416667
vt 0.187500 0.416667
vt 0.208333 0.416667
vt 0.229167 0.416667
vt 0.250000 0.416667
vt 0.270833 0.416667
vt 0.291667 0.416667
vt 0.312500 0.416667
vt 0.333333 0.416667
vt 0.354167 0.416667
vt 0.375000 0.416667
vt 0.395833 0.416667
vt 0.416667 0.416667
vt 0.437500 0.416667
vt 0.458333 0.416667
vt 0.479167 0.416667
vt 0.500000 0.416667
vt 0.520833 0.416667
vt 0.541667 0.416667
vt 0.562500 0.416667
vt 0.583333 0.416667
vt 0.604167 0.416667
vt 0.625000 0.416667
vt 0.645833 0.416667
vt 0.666667 0.416667
vt 0.687500 0.416667
vt 0.708333 0.416667
vt 0.729167 0.416667
vt 0.750000 0.416667
vt 0.770833 0.416667
vt 0.791667 0.416667
vt 0.812500 0.416667
vt 0.833333 0.416667
vt 0.854167 0.416667
vt 0.875000 0.416667
vt 0.895833 0.416667
vt 0.916667 0.416667
vt 0.937500 0.416667
vt 0.958333 0.416667
vt 0.979167 0.416667
vt 1.000000 0.416667
vt 0.000000 0.437500
vt 0.020833 0.437500
vt 0.041667 0.437500
vt 0.062500 0.437500
vt 0.083333 0.437500
vt 0.104167 0.437500
vt 0.125000 0.437500
vt 0.145833 0.437500
vt 0.166667 0.437500
vt 0.187500 0.437500
vt 0.208333 0.437500
vt 0.229167 0.437500
vt 0.250000 0.437500
vt 0.270833 0.437500
vt 0.291667 0.437500
vt 0.312500 0.437500
vt 0.333333 0.437500
vt 0.354167 0.437500
vt 0.375000 0.437500
vt 0.395833 0.437500
vt 0.416667 0.437500
vt 0.437500 0.437500
vt 0.458333 0.437500
vt 0.479167 0.437500
vt 0.500000 0.437500
vt 0.520833 0.437500
vt 0.541667 0.437500
vt 0.562500 0.437500
vt 0.583333 0.437500
vt 0.604167 0.437500
vt 0.625000 0.437500
vt 0.645833 0.437500
vt 0.666667 0.437500
vt 0.687500 0.437500
vt 0.708333 0.437500
vt 0.729167 0.437500
vt 0.750000 0.437500
vt 0.770833 0.437500
vt 0.791667 0.437500
vt 0.812500 0.437500
vt 0.833333 0.437500
vt 0.854167 0.437500
vt 0.875000 0.437500
vt 0.895833 0.437500
vt 0.916667 0.437500
vt 0.937500 0.437500
vt 0.958333 0.437500
vt 0.979167 0.437500
vt 1.000000 0.437500
vt 0.000000 0.458333
vt 0.020833 0.458333
vt 0.041667 0.458333
vt 0.062500 0.458333
vt 0.083333 0.458333
vt 0.104167 0.458333
vt 0.125000 0.458333
vt 0.145833 0.458333
vt 0.166667 0.458333
vt 0.187500 0.458333
vt 0.208333 0.458333
vt 0.229167 0.458333
vt 0.250000 0.458333
vt 0.270833 0.458333
vt 0.291667 0.458333
vt 0.312500 0.458333
vt 0.333333 0.458333
vt 0.354167 0.458333
vt 0.375000 0.458333
vt 0.395833 0.458333
vt 0.416667 0.458333
vt 0.437500 0.458333
vt 0.458333 0.458333
vt 0.479167 0.458333
vt 0.500000 0.458333
vt 0.520833 0.458333
vt 0.541667 0.458333
vt 0.562500 0.458333
vt 0.583333 0.458333
vt 0.604167 0.458333
vt 0.625000 0.458333
vt 0.645833 0.458333
vt 0.666667 0.458333
vt 0.687500 0.458333
vt 0.708333 0.458333
vt 0.729167 0.458333
vt 0.750000 0.458333
vt 0.770833 0.458333
vt 0.791667 0.458333
vt 0.812500 0.458333
vt 0.833333 0.458333
vt 0.854167 0.458333
vt 0.875000 0.458333
vt 0.895833 0.458333
vt 0.916667 0.458333
vt 0.937500 0.458333
vt 0.958333 0.458333
vt 0.979167 0.458333
vt 1.000000 0.458333
vt 0.000000 0.479167
vt 0.020833 0.479167
vt 0.041667 0.479167
vt 0.062500 0.479167
vt 0.083333 0.479167
vt 0.104167 0.479167
vt 0.125000 0.479167
vt 0.145833 0.479167
vt 0.166667 0.479167
vt 0.187500 0.479167
vt 0.208333 0.479167
vt 0.229167 0.479167
vt 0.250000 0.479167
vt 0.270833 0.479167
vt 0.291667 0.479167
vt 0.312500 0.479167
vt 0.333333 0.479167
vt 0.354167 0.479167
vt 0.375000 0.479167
vt 0.395833 0.479167
vt 0.416667 0.479167
vt 0.437500 0.479167
vt 0.458333 0.479167
vt 0.479167 0.479167
vt 0.500000 0.479167
vt 0.520833 0.479167
vt 0.541667 0.479167
vt 0.562500 0.479167
vt 0.583333 0.479167
vt 0.604167 0.479167
vt 0.625000 0.479167
vt 0.645833 0.479167
vt 0.666667 0.479167
vt 0.687500 0.479167
vt 0.708333 0.479167
vt 0.729167 0.479167
vt 0.750000 0.479167
vt 0.770833 0.479167
vt 0.791667 0.479167
vt 0.812500 0.479167
vt 0.833333 0.479167
vt 0.854167 0.479167
vt 0.875000 0.479167
vt 0.895833 0.479167
vt 0.916667 0.479167
vt 0.937500 0.479167
vt 0.958333 0.479167
vt 0.979167 0.479167
vt 1.000000 0.479167
vt 0.000000 0.500000
vt 0.020833 0.500000
vt 0.041667 0.500000
vt 0.062500 0.500000
vt 0.083333 0.500000
vt 0.104167 0.500000
vt 0.125000 0.500000
vt 0.145833 0.500000
vt 0.166667 0.500000
vt 0.187500 0.500000
vt 0.208333 0.500000
vt 0.229167 0.500000
vt 0.250000 0.500000
vt 0.270833 0.500000
vt 0.291667 0.500000
vt 0.312500 0.500000
vt 0.333333 0.500000
vt 0.354167 0.500000
vt 0.375000 0.500000
vt 0.395833 0.500000
vt 0.416667 0.500000
vt 0.437500 0.500000
vt 0.458333 0.500000
vt 0.479167 0.500000
vt 0.500000 0.500000
vt 0.520833 0.500000
vt 0.541667 0.500000
vt 0.562500 0.500000
vt 0.583333 0.500000
vt 0.604167 0.500000
vt 0.625000 0.500000
vt 0.645833 0.500000
vt 0.666667 0.500000
vt 0.687500 0.500000
vt 0.708333 0.500000
vt 0.729167 0.500000
vt 0.750000 0.500000
vt 0.770833 0.500000
vt 0.791667 0.500000
vt 0.812500 0.500000
vt 0.833333 0.500000
vt 0.854167 0.500000
vt 0.875000 0.500000
vt 0.895833 0.500000
vt 0.916667 0.500000
vt 0.937500 0.500000
vt 0.958333 0.500000
vt 0.979167 0.500000
vt 1.000000 0.500000
vt 0.000000 0.520833
vt 0.020833 0.520833
vt 0.041667 0.520833
vt 0.062500 0.520833
vt 0.083333 0.520833
vt 0.104167 0.520833
vt 0.125000 0.520833
vt 0.145833 0.520833
vt 0.166667 0.520833
vt 0.187500 0.520833
vt 0.208333 0.520833
vt 0.229167 0.520833
vt 0.250000 0.520833
vt 0.270833 0.520833
vt 0.291667 0.520833
vt 0.312500 0.520833
vt 0.333333 0.520833
vt 0.354167 0.520833
vt 0.375000 0.520833
vt 0.395833 0.520833
vt 0.416667 0.520833
vt 0.437500 0.520833
vt 0.458333 0.520833
vt 0.479167 0.520833
vt 0.500000 0.520833
vt 0.520833 0.520833
vt 0.541667 0.520833
vt 0.562500 0.520833
vt 0.583333 0.520833
vt 0.604167 0.520833
vt 0.625000 0.520833
vt 0.645833 0.520833
vt 0.666667 0.520833
vt 0.687500 0.520833
vt 0.708333 0.520833
vt 0.729167 0.520833
vt 0.750000 0.520833
vt 0.770833 0.520833
vt 0.791667 0.520833
vt 0.812500 0.520833
vt 0.833333 0.520833
vt 0.854167 0.520833
vt 0.875000 0.520833
vt 0.895833 0.520833
vt 0.916667 0.520833
vt 0.937500 0.520833
vt 0.958333 0.520833
vt 0.979167 0.520833
vt 1.000000 0.520833
vt 0.000000 0.541667
vt 0.020833 0.541667
vt 0.041667 0.541667
vt 0.062500 0.541667
vt 0.083333 0.541667
vt 0.104167 0.541667
vt 0.125000 0.541667
vt 0.145833 0.541667
vt 0.166667 0.541667
vt 0.187500 0.541667
vt 0.208333 0.541667
vt 0.229167 0.541667
vt 0.250000 0.541667
vt 0.270833 0.541667
vt 0.291667 0.541667
vt 0.312500 0.541667
vt 0.333333 0.541667
vt 0.354167 0.541667
vt 0.375000 0.541667
vt 0.395833 0.541667
vt 0.416667 0.541667
vt 0.437500 0.541667
vt 0.458333 0.541667
vt 0.479167 0.541667
vt 0.500000 0.541667
vt 0.520833 0.541667
vt 0.541667 0.541667
vt 0.562500 0.541667
vt 0.583333 0.541667
vt 0.604167 0.541667
vt 0.625000 0.541667
vt 0.645833 0.541667
vt 0.666667 0.541667
vt 0.687500 0.541667
vt 0.708333 0.541667
vt 0.729167 0.541667
vt 0.750000 0.541667
vt 0.770833 0.541667
vt 0.791667 0.541667
vt 0.812500 0.541667
vt 0.833333 0.541667
vt 0.854167 0.541667
vt 0.875000 0.541667
vt 0.895833 0.541667
vt 0.916667 0.541667
vt 0.937500 0.541667
vt 0.958333 0.541667
vt 0.979167 0.541667
vt 1.000000 0.541667
vt 0.000000 0.562500
vt 0.020833 0.562500
vt 0.041667 0.562500
vt 0.062500 0.562500
vt 0.083333 0.562500
vt 0.104167 0.562500
vt 0.125000 0.562500
vt 0.145833 0.562500
vt 0.166667 0.562500
vt 0.187500 0.562500
vt 0.208333 0.562500
vt 0.229167 0.562500
vt 0.250000 0.562500
vt 0.270833 0.562500
vt 0.291667 0.562500
vt 0.312500 0.562500
vt 0.333333 0.562500
vt 0.354167 0.562500
vt 0.375000 0.562500
vt 0.395833 0.562500
vt 0.416667 0.562500
vt 0.437500 0.562500
vt 0.458333 0.562500
vt 0.479167 0.562500
vt 0.500000 0.562500
vt 0.520833 0.562500
vt 0.541667 0.562500
vt 0.562500 0.562500
vt 0.583333 0.562500
vt 0.604167 0.562500
vt 0.625000 0.562500
vt 0.645833 0.562500
vt 0.666667 0.562500
vt 0.687500 0.562500
vt 0.708333 0.562500
vt 0.729167 0.562500
vt 0.750000 0.562500
vt 0.770833 0.562500
vt 0.791667 0.562500
vt 0.812500 0.562500
vt 0.833333 0.562500
vt 0.854167 0.562500
vt 0.875000 0.562500
vt 0.895833 0.562500
vt 0.916667 0.562500
vt 0.937500 0.562500
vt 0.958333 0.562500
vt 0.979167 0.562500
vt 1.000000 0.562500
vt 0.000000 0.583333
vt 0.020833 0.583333
vt 0.041667 0.583333
vt 0.062500 0.583333
vt 0.083333 0.583333
vt 0.104167 0.583333
vt 0.125000 0.583333
vt 0.145833 0.583333
vt 0.166667 0.583333
vt 0.187500 0.583333
vt 0.208333 0.583333
vt 0.229167 0.583333
vt 0.250000 0.583333
vt 0.270833 0.583333
vt 0.291667 0.583333
vt 0.312500 0.583333
vt 0.333333 0.583333
vt 0.354167 0.583333
vt 0.375000 0.583333
vt 0.395833 0.583333
vt 0.416667 0.583333
vt 0.437500 0.583333
vt 0.458333 0.583333
vt 0.479167 0.583333
vt 0.500000 0.583333
vt 0.520833 0.583333
vt 0.541667 0.583333
vt 0.562500 0.583333
vt 0.583333 0.583333
vt 0.604167 0.583333
vt 0.625000 0.583333
vt 0.645833 0.583333
vt 0.666667 0.583333
vt 0.687500 0.583333
vt 0.708333 0.583333
vt 0.729167 0.583333
vt 0.750000 0.583333
vt 0.770833 0.583333
vt 0.791667 0.583333
vt 0.812500 0.583333
vt 0.833333 0.583333
vt 0.854167 0.583333
vt 0.875000 0.583333
vt 0.895833 0.583333
vt 0.916667 0.583333
vt 0.937500 0.583333
vt 0.958333 0.583333
vt 0.979167 0.583333
vt 1.000000 0.583333
vt 0.000000 0.604167
vt 0.020833 0.604167
vt 0.041667 0.604167
vt 0.062500 0.604167
vt 0.083333 0.604167
vt 0.104167 0.604167
vt 0.125000 0.604167
vt 0.145833 0.604167
vt 0.166667 0.604167
vt 0.187500 0.604167
vt 0.208333 0.604167
vt 0.229167 0.604167
vt 0.250000 0.604167
vt 0.270833 0.604167
vt 0.291667 0.604167
vt 0.312500 0.604167
vt 0.333333 0.604167
vt 0.354167 0.604167
vt 0.375000 0.604167
vt 0.395833 0.604167
vt 0.416667 0.604167
vt 0.437500 0.604167
vt 0.458333 0.604167
vt 0.479167 0.604167
vt 0.500000 0.604167
vt 0.520833 0.604167
vt 0.541667 0.604167
vt 0.562500 0.604167
vt 0.583333 0.604167
vt 0.604167 0.604167
vt 0.625000 0.604167
vt 0.645833 0.604167
vt 0.666667 0.604167
vt 0.687500 0.604167
vt 0.708333 0.604167
vt 0.729167 0.604167
vt 0.750000 0.604167
vt 0.770833 0.604167
vt 0.791667 0.604167
vt 0.812500 0.604167
vt 0.833333 0.604167
vt 0.854167 0.604167
vt 0.875000 0.604167
vt 0.895833 0.604167
vt 0.916667 0.604167
vt 0.937500 0.604167
vt 0.958333 0.604167
vt 0.979167 0.604167
vt 1.000000 0.604167
vt 0.000000 0.625000
vt 0.020833 0.625000
vt 0.041667 0.625000
vt 0.062500 0.625000
vt 0.083333 0.625000
vt 0.104167 0.625000
vt 0.125000 0.625000
vt 0.145833 0.625000
vt 0.166667 0.625000
vt 0.187500 0.625000
vt 0.208333 0.625000
vt 0.229167 0.625000
vt 0.250000 0.625000
vt 0.270833 0.625000
vt 0.291667 0.625000
vt 0.312500 0.625000
vt 0.333333 0.625000
vt 0.354167 0.625000
vt 0.375000 0.625000
vt 0.395833 0.625000
vt 0.416667 0.625000
vt 0.437500 0.625000
vt 0.458333 0.625000
vt 0.479167 0.625000
vt 0.500000 0.625000
vt 0.520833 0.625000
vt 0.541667 0.625000
vt 0.562500 0.625000
vt 0.583333 0.625000
vt 0.604167 0.625000
vt 0.625000 0.625000
vt 0.645833 0.625000
vt 0.666667 0.625000
vt 0.687500 0.625000
vt 0.708333 0.625000
vt 0.729167 0.625000
vt 0.750000 0.625000
vt 0.770833 0.625000
vt 0.791667 0.625000
vt 0.812500 0.625000
vt 0.833333 0.625000
vt 0.854167 0.625000
vt 0.875000 0.625000
vt 0.895833 0.625000
vt 0.916667 0.625000
vt 0.937500 0.625000
vt 0.958333 0.625000
vt 0.979167 0.625000
vt 1.000000 0.625000
vt 0.000000 0.645833
vt 0.020833 0.645833
vt 0.041667 0.645833
vt 0.062500 0.645833
vt 0.083333 0.645833
vt 0.104167 0.645833
vt 0.125000 0.645833
vt 0.145833 0.645833
vt 0.166667 0.645833
vt 0.187500 0.645833
vt 0.208333 0.645833
vt 0.229167 0.645833
vt 0.250000 0.645833
vt 0.270833 0.645833
vt 0.291667 0.645833
vt 0.312500 0.645833
vt 0.333333 0.645833
vt 0.354167 0.645833
vt 0.375000 0.645833
vt 0.395833 0.645833
vt 0.416667 0.645833
vt 0.437500 0.645833
vt 0.458333 0.645833
vt 0.479167 0.645833
vt 0.500000 0.645833
vt 0.520833 0.645833
vt 0.541667 0.645833
vt 0.562500 0.645833
vt 0.583333 0.645833
vt 0.604167 0.645833
vt 0.625000 0.645833
vt 0.645833 0.645833
vt 0.666667 0.645833
vt 0.687500 0.645833
vt 0.708333 0.645833
vt 0.729167 0.645833
vt 0.750000 0.645833
vt 0.770833 0.645833
vt 0.791667 0.645833
vt 0.812500 0.645833
vt 0.833333 0.645833
vt 0.854167 0.645833
vt 0.875000 0.645833
vt 0.895833 0.645833
vt 0.916667 0.645833
vt 0.937500 0.645833
vt 0.958333 0.645833
vt 0.979167 0.645833
vt 1.000000 0.645833
vt 0.000000 0.666667
vt 0.020833 0.666667
vt 0.041667 0.666667
vt 0.062500 0.666667
vt 0.083333 0.666667
vt 0.104167 0.666667
vt 0.125000 0.666667
vt 0.145833 0.666667
vt 0.166667 0.666667
vt 0.187500 0.666667
vt 0.208333 0.666667
vt 0.229167 0.666667
vt 0.250000 0.666667
vt 0.270833 0.666667
vt 0.291667 0.666667
vt 0.312500 0.666667
vt 0.333333 0.666667
vt 0.354167 0.666667
vt 0.375000 0.666667
vt 0.395833 0.666667
vt 0.416667 0.666667
vt 0.437500 0.666667
vt 0.458333 0.666667
vt 0.479167 0.666667
vt 0.500000 0.666667
vt 0.520833 0.666667
vt 0.541667 0.666667
vt 0.562500 0.666667
vt 0.583333 0.666667
vt 0.604167 0.666667
vt 0.625000 0.666667
vt 0.645833 0.666667
vt 0.666667 0.666667
vt 0.687500 0.666667
vt 0.708333 0.666667
vt 0.729167 0.666667
vt 0.750000 0.666667
vt 0.770833 0.666667
vt 0.791667 0.666667
vt 0.812500 0.666667
vt 0.833333 0.666667
vt 0.854167 0.666667
vt 0.875000 0.666667
vt 0.895833 0.666667
vt 0.916667 0.666667
vt 0.937500 0.666667
vt 0.958333 0.666667
vt 0.979167 0.666667
vt 1.000000 0.666667
vt 0.000000 0.687500
vt 0.020833 0.687500
vt 0.041667 0.687500
vt 0.062500 0.687500
vt 0.083333 0.687500
vt 0.104167 0.687500
vt 0.125000 0.687500
vt 0.145833 0.687500
vt 0.166667 0.687500
vt 0.187500 0.687500
vt 0.208333 0.687500
vt 0.229167 0.687500
vt 0.250000 0.687500
vt 0.270833 0.687500
vt 0.291667 0.687500
vt 0.312500 0.687500
vt 0.333333 0.687500
vt 0.354167 0.687500
vt 0.375000 0.687500
vt 0.395833 0.687500
vt 0.416667 0.687500
vt 0.437500 0.687500
vt 0.458333 0.687500
vt 0.479167 0.687500
vt 0.500000 0.687500
vt 0.520833 0.687500
vt 0.541667 0.687500
vt 0.562500 0.687500
vt 0.583333 0.687500
vt 0.604167 0.687500
vt 0.625000 0.687500
vt 0.645833 0.687500
vt 0.666667 0.687500
vt 0.687500 0.687500
vt 0.708333 0.687500
vt 0.729167 0.687500
vt 0.750000 0.687500
vt 0.770833 0.687500
vt 0.791667 0.687500
vt 0.812500 0.687500
vt 0.833333 0.687500
vt 0.854167 0.687500
vt 0.875000 0.687500
vt 0.895833 0.687500
vt 0.916667 0.687500
vt 0.937500 0.687500
vt 0.958333 0.687500
vt 0.979167 0.687500
vt 1.000000 0.687500
vt 0.000000 0.708333
vt 0.020833 0.708333
vt 0.041667 0.708333
vt 0.062500 0.708333
vt 0.083333 0.708333
vt 0.104167 0.708333
vt 0.125000 0.708333
vt 0.145833 0.708333
vt 0.166667 0.708333
vt 0.187500 0.708333
vt 0.208333 0.708333
vt 0.229167 0.708333
vt 0.250000 0.708333
vt 0.270833 0.708333
vt 0.291667 0.708333
vt 0.312500 0.708333
vt 0.333333 0.708333
vt 0.354167 0.708333
vt 0.375000 0.708333
vt 0.395833 0.708333
vt 0.416667 0.708333
vt 0.437500 0.708333
vt 0.458333 0.708333
vt 0.479167 0.708333
vt 0.500000 0.708333
vt 0.520833 0.708333
vt 0.541667 0.708333
vt 0.562500 0.708333
vt 0.583333 0.708333
vt 0.604167 0.708333
vt 0.625000 0.708333
vt 0.645833 0.708333
vt 0.666667 0.708333
vt 0.687500 0.708333
vt 0.708333 0.708333
vt 0.729167 0.708333
vt 0.750000 0.708333
vt 0.770833 0.708333
vt 0.791667 0.708333
vt 0.812500 0.708333
vt 0.833333 0.708333
vt 0.854167 0.708333
vt 0.875000 0.708333
vt 0.895833 0.708333
vt 0.916667 0.708333
vt 0.937500 0.708333
vt 0.958333 0.708333
vt 0.979167 0.708333
vt 1.000000 0.708333
vt 0.000000 0.729167
vt 0.020833 0.729167
vt 0.041667 0.729167
vt 0.062500 0.729167
vt 0.083333 0.729167
vt 0.104167 0.729167
vt 0.125000 0.729167
vt 0.145833 0.729167
vt 0.166667 0.729167
vt 0.187500 0.729167
vt 0.208333 0.729167
vt 0.229167 0.729167
vt 0.250000 0.729167
vt 0.270833 0.729167
vt 0.291667 0.729167
vt 0.312500 0.729167
vt 0.333333 0.729167
vt 0.354167 0.729167
vt 0.375000 0.729167
vt 0.395833 0.729167
vt 0.416667 0.729167
vt 0.437500 0.729167
vt 0.458333 0.729167
vt 0.479167 0.729167
vt 0.500000 0.729167
vt 0.520833 0.729167
vt 0.541667 0.729167
vt 0.562500 0.729167
vt 0.583333 0.729167
vt 0.604167 0.729167
vt 0.625000 0.729167
vt 0.645833 0.729167
vt 0.666667 0.729167
vt 0.687500 0.729167
vt 0.708333 0.729167
vt 0.729167 0.729167
vt 0.750000 0.729167
vt 0.770833 0.729167
vt 0.791667 0.729167
vt 0.812500 0.729167
vt 0.833333 0.729167
vt 0.854167 0.729167
vt 0.875000 0.729167
vt 0.895833 0.729167
vt 0.916667 0.729167
vt 0.937500 0.729167
vt 0.958333 0.729167
vt 0.979167 0.729167
vt 1.000000 0.729167
vt 0.000000 0.750000
vt 0.020833 0.750000
vt 0.041667 0.750000
vt 0.062500 0.750000
vt 0.083333 0.750000
vt 0.104167 0.750000
vt 0.125000 0.750000
vt 0.145833 0.750000
vt 0.166667 0.750000
vt 0.187500 0.750000
vt 0.208333 0.750000
vt 0.229167 0.750000
vt 0.250000 0.750000
vt 0.270833 0.750000
vt 0.291667 0.750000
vt 0.312500 0.750000
vt 0.333333 0.750000
vt 0.354167 0.750000
vt 0.375000 0.750000
vt 0.395833 0.750000
vt 0.416667 0.750000
vt 0.437500 0.750000
vt 0.458333 0.750000
vt 0.479167 0.750000
vt 0.500000 0.750000
vt 0.520833 0.750000
vt 0.541667 0.750000
vt 0.562500 0.750000
vt 0.583333 0.750000
vt 0.604167 0.750000
vt 0.625000 0.750000
vt 0.645833 0.750000
vt 0.666667 0.750000
vt 0.687500 0.750000
vt 0.708333 0.750000
vt 0.729167 0.750000
vt 0.750000 0.750000
vt 0.770833 0.750000
vt 0.791667 0.750000
vt 0.812500 0.750000
vt 0.833333 0.750000
vt 0.854167 0.750000
vt 0.875000 0.750000
vt 0.895833 0.750000
vt 0.916667 0.750000
vt 0.937500 0.750000
vt 0.958333 0.750000
vt 0.979167 0.750000
vt 1.000000 0.750000
vt 0.000000 0.770833
vt 0.020833 0.770833
vt 0.041667 0.770833
vt 0.062500 0.770833
vt 0.083333 0.770833
vt 0.104167 0.770833
vt 0.125000 0.770833
vt 0.145833 0.770833
vt 0.166667 0.770833
vt 0.187500 0.770833
vt 0.208333 0.770833
vt 0.229167 0.770833
vt 0.250000 0.770833
vt 0.270833 0.770833
vt 0.291667 0.770833
vt 0.312500 0.770833
vt 0.333333 0.770833
vt 0.354167 0.770833
vt 0.375000 0.770833
vt 0.395833 0.770833
vt 0.416667 0.770833
vt 0.437500 0.770833
vt 0.458333 0.770833
vt 0.479167 0.770833
vt 0.500000 0.770833
vt 0.520833 0.770833
vt 0.541667 0.770833
vt 0.562500 0.770833
vt 0.583333 0.770833
vt 0.604167 0.770833
vt 0.625000 0.770833
vt 0.645833 0.770833
vt 0.666667 0.770833
vt 0.687500 0.770833
vt 0.708333 0.770833
vt 0.729167 0.770833
vt 0.750000 0.770833
vt 0.770833 0.770833
vt 0.791667 0.770833
vt 0.812500 0.770833
vt 0.833333 0.770833
vt 0.854167 0.770833
vt 0.875000 0.770833
vt 0.895833 0.770833
vt 0.916667 0.770833
vt 0.937500 0.770833
vt 0.958333 0.770833
vt 0.979167 0.770833
vt 1.000000 0.770833
vt 0.000000 0.791667
vt 0.020833 0.791667
vt 0.041667 0.791667
vt 0.062500 0.791667
vt 0.083333 0.791667
vt 0.104167 0.791667
vt 0.125000 0.791667
vt 0.145833 0.791667
vt 0.166667 0.791667
vt 0.187500 0.791667
vt 0.208333 0.791667
vt 0.229167 0.791667
vt 0.250000 0.791667
vt 0.270833 0.791667
vt 0.291667 0.791667
vt 0.312500 0.791667
vt 0.333333 0.791667
vt 0.354167 0.791667
vt 0.375000 0.791667
vt 0.395833 0.791667
vt 0.416667 0.791667
vt 0.437500 0.791667
vt 0.458333 0.791667
vt 0.479167 0.791667
vt 0.500000 0.791667
vt 0.520833 0.791667
vt 0.541667 0.791667
vt 0.562500 0.791667
vt 0.583333 0.791667
vt 0.604167 0.791667
vt 0.625000 0.791667
vt 0.645833 0.791667
vt 0.666667 0.791667
vt 0.687500 0.791667
vt 0.708333 0.791667
vt 0.729167 0.791667
vt 0.750000 0.791667
vt 0.770833 0.791667
vt 0.791667 0.791667
vt 0.812500 0.791667
vt 0.833333 0.791667
vt 0.854167 0.791667
vt 0.875000 0.791667
vt 0.895833 0.791667
vt 0.916667 0.791667
vt 0.937500 0.791667
vt 0.958333 0.791667
vt 0.979167 0.791667
vt 1.000000 0.791667
vt 0.000000 0.812500
vt 0.020833 0.812500
vt 0.041667 0.812500
vt 0.062500 0.812500
vt 0.083333 0.812500
vt 0.104167 0.812500
vt 0.125000 0.812500
vt 0.145833 0.812500
vt 0.166667 0.812500
vt 0.187500 0.812500
vt 0.208333 0.812500
vt 0.229167 0.812500
vt 0.250000 0.812500
vt 0.270833 0.812500
vt 0.291667 0.812500
vt 0.312500 0.812500
vt 0.333333 0.812500
vt 0.354167 0.812500
vt 0.375000 0.812500
vt 0.395833 0.812500
vt 0.416667 0.812500
vt 0.437500 0.812500
vt 0.458333 0.812500
vt 0.479167 0.812500
vt 0.500000 0.812500
vt 0.520833 0.812500
vt 0.541667 0.812500
vt 0.562500 0.812500
vt 0.583333 0.812500
vt 0.604167 0.812500
vt 0.625000 0.812500
vt 0.645833 0.812500
vt 0.666667 0.812500
vt 0.687500 0.812500
vt 0.708333 0.812500
vt 0.729167 0.812500
vt 0.750000 0.812500
vt 0.770833 0.812500
vt 0.791667 0.812500
vt 0.812500 0.812500
vt 0.833333 0.812500
vt 0.854167 0.812500
vt 0.875000 0.812500
vt 0.895833 0.812500
vt 0.916667 0.812500
vt 0.937500 0.812500
vt 0.958333 0.812500
vt 0.979167 0.812500
vt 1.000000 0.812500
vt 0.000000 0.833333
vt 0.020833 0.833333
vt 0.041667 0.833333
vt 0.062500 0.833333
vt 0.083333 0.833333
vt 0.104167 0.833333
vt 0.125000 0.833333
vt 0.145833 0.833333
vt 0.166667 0.833333
vt 0.187500 0.833333
vt 0.208333 0.833333
vt 0.229167 0.833333
vt 0.250000 0.833333
vt 0.270833 0.833333
vt 0.291667 0.833333
vt 0.312500 0.833333
vt 0.333333 0.833333
vt 0.354167 0.833333
vt 0.375000 0.833333
vt 0.395833 0.833333
vt 0.416667 0.833333
vt 0.437500 0.833333
vt 0.458333 0.833333
vt 0.479167 0.833333
vt 0.500000 0.833333
vt 0.520833 0.833333
vt 0.541667 0.833333
vt 0.562500 0.833333
vt 0.583333 0.833333
vt 0.604167 0.833333
vt 0.625000 0.833333
vt 0.645833 0.833333
vt 0.666667 0.833333
vt 0.687500 0.833333
vt 0.708333 0.833333
vt 0.729167 0.833333
vt 0.750000 0.833333
vt 0.770833 0.833333
vt 0.791667 0.833333
vt 0.812500 0.833333
vt 0.833333 0.833333
vt 0.854167 0.833333
vt 0.875000 0.833333
vt 0.895833 0.833333
vt 0.916667 0.833333
vt 0.937500 0.833333
vt 0.958333 0.833333
vt 0.979167 0.833333
vt 1.000000 0.833333
vt 0.000000 0.854167
vt 0.020833 0.854167
vt 0.041667 0.854167
vt 0.062500 0.854167
vt 0.083333 0.854167
vt 0.104167 0.854167
vt 0.125000 0.854167
vt 0.145833 0.854167
vt 0.166667 0.854167
vt 0.187500 0.854167
vt 0.208333 0.854167
vt 0.229167 0.854167
vt 0.250000 0.854167
vt 0.270833 0.854167
vt 0.291667 0.854167
vt 0.312500 0.854167
vt 0.333333 0.854167
vt 0.354167 0.854167
vt 0.375000 0.854167
vt 0.395833 0.854167
vt 0.416667 0.854167
vt 0.437500 0.854167
vt 0.458333 0.854167
vt 0.479167 0.854167
vt 0.500000 0.854167
vt 0.520833 0.854167
vt 0.541667 0.854167
vt 0.562500 0.854167
vt 0.583333 0.854167
vt 0.604167 0.854167
vt 0.625000 0.854167
vt 0.645833 0.854167
vt 0.666667 0.854167
vt 0.687500 0.854167
vt 0.708333 0.854167
vt 0.729167 0.854167
vt 0.750000 0.854167
vt 0.770833 0.854167
vt 0.791667 0.854167
vt 0.812500 0.854167
vt 0.833333 0.854167
vt 0.854167 0.854167
vt 0.875000 0.854167
vt 0.895833 0.854167
vt 0.916667 0.854167
vt 0.937500 0.854167
vt 0.958333 0.854167
vt 0.979167 0.854167
vt 1.000000 0.854167
vt 0.000000 0.875000
vt 0.020833 0.875000
vt 0.041667 0.875000
vt 0.062500 0.875000
vt 0.083333 0.875000
vt 0.104167 0.875000
vt 0.125000 0.875000
vt 0.145833 0.875000
vt 0.166667 0.875000
vt 0.187500 0.875000
vt 0.208333 0.875000
vt 0.229167 0.875000
vt 0.250000 0.875000
vt 0.270833 0.875000
vt 0.291667 0.875000
vt 0.312500 0.875000
vt 0.333333 0.875000
vt 0.354167 0.875000
vt 0.375000 0.875000
vt 0.395833 0.875000
vt 0.416667 0.875000
vt 0.437500 0.875000
vt 0.458333 0.875000
vt 0.479167 0.875000
vt 0.500000 0.875000
vt 0.520833 0.875000
vt 0.541667 0.875000
vt 0.562500 0.875000
vt 0.583333 0.875000
vt 0.604167 0.875000
vt 0.625000 0.875000
vt 0.645833 0.875000
vt 0.666667 0.875000
vt 0.687500 0.875000
vt 0.708333 0.875000
vt 0.729167 0.875000
vt 0.750000 0.875000
vt 0.770833 0.875000
vt 0.791667 0.875000
vt 0.812500 0.875000
vt 0.833333 0.875000
vt 0.854167 0.875000
vt 0.875000 0.875000
vt 0.895833 0.875000
vt 0.916667 0.875000
vt 0.937500 0.875000
vt 0.958333 0.875000
vt 0.979167 0.875000
vt 1.000000 0.875000
vt 0.000000 0.895833
vt 0.020833 0.895833
vt 0.041667 0.895833
vt 0.062500 0.895833
vt 0.083333 0.895833
vt 0.104167 0.895833
vt 0.125000 0.895833
vt 0.145833 0.895833
vt 0.166667 0.895833
vt 0.187500 0.895833
vt 0.208333 0.895833
vt 0.229167 0.895833
vt 0.250000 0.895833
vt 0.270833 0.895833
vt 0.291667 0.895833
vt 0.312500 0.895833
vt 0.333333 0.895833
vt 0.354167 0.895833
vt 0.375000 0.895833
vt 0.395833 0.895833
vt 0.416667 0.895833
vt 0.437500 0.895833
vt 0.458333 0.895833
vt 0.479167 0.895833
vt 0.500000 0.895833
vt 0.520833 0.895833
vt 0.541667 0.895833
vt 0.562500 0.895833
vt 0.583333 0.895833
vt 0.604167 0.895833
vt 0.625000 0.895833
vt 0.645833 0.895833
vt 0.666667 0.895833
vt 0.687500 0.895833
vt 0.708333 0.895833
vt 0.729167 0.895833
vt 0.750000 0.895833
vt 0.770833 0.895833
vt 0.791667 0.895833
vt 0.812500 0.895833
vt 0.833333 0.895833
vt 0.854167 0.895833
vt 0.875000 0.895833
vt 0.895833 0.895833
vt 0.916667 0.895833
vt 0.937500 0.895833
vt 0.958333 0.895833
vt 0.979167 0.895833
vt 1.000000 0.895833
vt 0.000000 0.916667
vt 0.020833 0.916667
vt 0.041667 0.916667
vt 0.062500 0.916667
vt 0.083333 0.916667
vt 0.104167 0.916667
vt 0.125000 0.916667
vt 0.145833 0.916667
vt 0.166667 0.916667
vt 0.187500 0.916667
vt 0.208333 0.916667
vt 0.229167 0.916667
vt 0.250000 0.916667
vt 0.270833 0.916667
vt 0.291667 0.916667
vt 0.312500 0.916667
vt 0.333333 0.916667
vt 0.354167 0.916667
vt 0.375000 0.916667
vt 0.395833 0.916667
vt 0.416667 0.916667
vt 0.437500 0.916667
vt 0.458333 0.916667
vt 0.479167 0.916667
vt 0.500000 0.916667
vt 0.520833 0.916667
vt 0.541667 0.916667
vt 0.562500 0.916667
vt 0.583333 0.916667
vt 0.604167 0.916667
vt 0.625000 0.916667
vt 0.645833 0.916667
vt 0.666667 0.916667
vt 0.687500 0.916667
vt 0.708333 0.916667
vt 0.729167 0.916667
vt 0.750000 0.916667
vt 0.770833 0.916667
vt 0.791667 0.916667
vt 0.812500 0.916667
vt 0.833333 0.916667
vt 0.854167 0.916667
vt 0.875000 0.916667
vt 0.895833 0.916667
vt 0.916667 0.916667
vt 0.937500 0.916667
vt 0.958333 0.916667
vt 0.979167 0.916667
vt 1.000000 0.916667
vt 0.000000 0.937500
vt 0.020833 0.937500
vt 0.041667 0.937500
vt 0.062500 0.937500
vt 0.083333 0.937500
vt 0.104167 0.937500
vt 0.125000 0.937500
vt 0.145833 0.937500
vt 0.166667 0.937500
vt 0.187500 0.937500
vt 0.208333 0.937500
vt 0.229167 0.937500
vt 0.250000 0.937500
vt 0.270833 0.937500
vt 0.291667 0.937500
vt 0.312500 0.937500
vt 0.333333 0.937500
vt 0.354167 0.937500
vt 0.375000 0.937500
vt 0.395833 0.937500
vt 0.416667 0.937500
vt 0.437500 0.937500
vt 0.458333 0.937500
vt 0.479167 0.937500
vt 0.500000 0.937500
vt 0.520833 0.937500
vt 0.541667 0.937500
vt 0.562500 0.937500
vt 0.583333 0.937500
vt 0.604167 0.937500
vt 0.625000 0.937500
vt 0.645833 0.937500
vt 0.666667 0.937500
vt 0.687500 0.937500
vt 0.708333 0.937500
vt 0.729167 0.937500
vt 0.750000 0.937500
vt 0.770833 0.937500
vt 0.791667 0.937500
vt 0.812500 0.937500
vt 0.833333 0.937500
vt 0.854167 0.937500
vt 0.875000 0.937500
vt 0.895833 0.937500
vt 0.916667 0.937500
vt 0.937500 0.937500
vt 0.958333 0.937500
vt 0.979167 0.937500
vt 1.000000 0.937500
vt 0.000000 0.958333
vt 0.020833 0.958333
vt 0.041667 0.958333
vt 0.062500 0.958333
vt 0.083333 0.958333
vt 0.104167 0.958333
vt 0.125000 0.958333
vt 0.145833 0.958333
vt 0.166667 0.958333
vt 0.187500 0.958333
vt 0.208333 0.958333
vt 0.229167 0.958333
vt 0.250000 0.958333
vt 0.270833 0.958333
vt 0.291667 0.958333
vt 0.312500 0.958333
vt 0.333333 0.958333
vt 0.354167 0.958333
vt 0.375000 0.958333
vt 0.395833 0.958333
vt 0.416667 0.958333
vt 0.437500 0.958333
vt 0.458333 0.958333
vt 0.479167 0.958333
vt 0.500000 0.958333
vt 0.520833 0.958333
vt 0.541667 0.958333
vt 0.562500 0.958333
vt 0.583333 0.958333
vt 0.604167 0.958333
vt 0.625000 0.958333
vt 0.645833 0.958333
vt 0.666667 0.958333
vt 0.687500 0.958333
vt 0.708333 0.958333
vt 0.729167 0.958333
vt 0.750000 0.958333
vt 0.770833 0.958333
vt 0.791667 0.958333
vt 0.812500 0.958333
vt 0.833333 0.958333
vt 0.854167 0.958333
vt 0.875000 0.958333
vt 0.895833 0.958333
vt 0.916667 0.958333
vt 0.937500 0.958333
vt 0.958333 0.958333
vt 0.979167 0.958333
vt 1.000000 0.958333
vt 0.000000 0.979167
vt 0.020833 0.979167
vt 0.041667 0.979167
vt 0.062500 0.979167
vt 0.083333 0.979167
vt 0.104167 0.979167
vt 0.125000 0.979167
vt 0.145833 0.979167
vt 0.166667 0.979167
vt 0.187500 0.979167
vt 0.208333 0.979167
vt 0.229167 0.979167
vt 0.250000 0.979167
vt 0.270833 0.979167
vt 0.291667 0.979167
vt 0.312500 0.979167
vt 0.333333 0.979167
vt 0.354167 0.979167
vt 0.375000 0.979167
vt 0.395833 0.979167
vt 0.416667 0.979167
vt 0.437500 0.979167
vt 0.458333 0.979167
vt 0.479167 0.979167
vt 0.500000 0.979167
vt 0.520833 0.979167
vt 0.541667 0.979167
vt 0.562500 0.979167
vt 0.583333 0.979167
vt 0.604167 0.979167
vt 0.625000 0.979167
vt 0.645833 0.979167
vt 0.666667 0.979167
vt 0.687500 0.979167
vt 0.708333 0.979167
vt 0.729167 0.979167
vt 0.750000 0.979167
vt 0.770833 0.979167
vt 0.791667 0.979167
vt 0.812500 0.979167
vt 0.833333 0.979167
vt 0.854167 0.979167
vt 0.875000 0.979167
vt 0.895833 0.979167
vt 0.916667 0.979167
vt 0.937500 0.979167
vt 0.958333 0.979167
vt 0.979167 0.979167
vt 1.000000 0.979167
vt 0.000000 1.000000
vt 0.020833 1.000000
vt 0.041667 1.000000
vt 0.062500 1.000000
vt 0.083333 1.000000
vt 0.104167 1.000000
vt 0.125000 1.000000
vt 0.145833 1.000000
vt 0.166667 1.000000
vt 0.187500 1.000000
vt 0.208333 1.000000
vt 0.229167 1.000000
vt 0.250000 1.000000
vt 0.270833 1.000000
vt 0.291667 1.000000
vt 0.312500 1.000000
vt 0.333333 1.000000
vt 0.354167 1.000000
vt 0.375000 1.000000
vt 0.395833 1.000000
vt 0.416667 1.000000
vt 0.437500 1.000000
vt 0.458333 1.000000
vt 0.479167 1.000000
vt 0.500000 1.000000
vt 0.520833 1.000000
vt 0.541667 1.000000
vt 0.562500 1.000000
vt 0.583333 1.000000
vt 0.604167 1.000000
vt 0.625000 1.000000
vt 0.645833 1.000000
vt 0.666667 1.000000
vt 0.687500 1.000000
vt 0.708333 1.000000
vt 0.729167 1.000000
vt 0.750000 1.000000
vt 0.770833 1.000000
vt 0.791667 1.000000
vt 0.812500 1.000000
vt 0.833333 1.000000
vt 0.854167 1.000000
vt 0.875000 1.000000
vt 0.895833 1.000000
vt 0.916667 1.000000
vt 0.937500 1.000000
vt 0.958333 1.000000
vt 0.979167 1.000000
vt 1.000000 1.000000
vt 0.337926 0.178781
vt 0.337926 0.178781
vt 0.337926 0.178781
vt 0.337926 0.178781
vt 0.337926 0.178781
vt 0.337926 0.178781
vt 0.533011 0.376434
vt 0.533011 0.376434
vt 0.533011 0.376434
vt 0.533011 0.376434
vt 0.533011 0.376434
vt 0.533011 0.376434
vt 0.074496 0.438954
vt 0.074496 0.438954
vt 0.074496 0.438954
vt 0.074496 0.438954
vt 0.074496 0.438954
vt 0.074496 0.438954
vt 0.430558 0.800704
vt 0.430558 0.800704
vt 0.430558 0.800704
vt 0.430558 0.800704
vt 0.430558 0.800704
vt 0.430558 0.800704
vt 0.617239 0.911892
vt 0.617239 0.911892
vt 0.617239 0.911892
vt 0.617239 0.911892
vt 0.617239 0.911892
vt 0.617239 0.911892
vt 0.829791 0.306441
vt 0.829791 0.306441
vt 0.829791 0.306441
vt 0.829791 0.306441
vt 0.829791 0.306441
vt 0.829791 0.306441
vt 0.323803 0.790836
vt 0.323803 0.790836
vt 0.323803 0.790836
vt 0.323803 0.790836
vt 0.323803 0.790836
vt 0.323803 0.790836
vt 0.627800 0.382606
vt 0.627800 0.382606
vt 0.627800 0.382606
vt 0.627800 0.382606
vt 0.627800 0.382606
vt 0.627800 0.382606
vt 0.094833 0.229482
vt 0.094833 0.229482
vt 0.094833 0.229482
vt 0.094833 0.229482
vt 0.094833 0.229482
vt 0.094833 0.229482
vt 0.329015 0.578717
vt 0.329015 0.578717
vt 0.329015 0.578717
vt 0.329015 0.578717
vt 0.329015 0.578717
vt 0.329015 0.578717
vt 0.770829 0.683075
vt 0.770829 0.683075
vt 0.770829 0.683075
vt 0.770829 0.683075
vt 0.770829 0.683075
vt 0.770829 0.683075
vt 0.523181 0.845126
vt 0.523181 0.845126
vt 0.523181 0.845126
vt 0.523181 0.845126
vt 0.523181 0.845126
vt 0.523181 0.845126
vt 0.424673 0.736570
vt 0.424673 0.736570
vt 0.424673 0.736570
vt 0.424673 0.736570
vt 0.424673 0.736570
vt 0.424673 0.736570
vt 0.076071 0.654759
vt 0.076071 0.654759
vt 0.076071 0.654759
vt 0.076071 0.654759
vt 0.076071 0.654759
vt 0.076071 0.654759
vt 0.845440 0.328648
vt 0.845440 0.328648
vt 0.845440 0.328648
vt 0.845440 0.328648
vt 0.845440 0.328648
vt 0.845440 0.328648
vt 0.573504 0.459709
vt 0.573504 0.459709
vt 0.573504 0.459709
vt 0.573504 0.459709
vt 0.573504 0.459709
vt 0.573504 0.459709
vt 0.476170 0.651020
vt 0.476170 0.651020
vt 0.476170 0.651020
vt 0.476170 0.651020
vt 0.476170 0.651020
vt 0.476170 0.651020
vt 0.635359 0.953648
vt 0.635359 0.953648
vt 0.635359 0.953648
vt 0.635359 0.953648
vt 0.635359 0.953648
vt 0.635359 0.953648
vt 0.394928 0.655160
vt 0.394928 0.655160
vt 0.394928 0.655160
vt 0.394928 0.655160
vt 0.394928 0.655160
vt 0.394928 0.655160
vt 0.194605 0.147728
vt 0.194605 0.147728
vt 0.194605 0.147728
vt 0.194605 0.147728
vt 0.194605 0.147728
vt 0.194605 0.147728
vt 0.158993 0.267806
vt 0.158993 0.267806
vt 0.158993 0.267806
vt 0.158993 0.267806
vt 0.158993 0.267806
vt 0.158993 0.267806
vt 0.114135 0.453252
vt 0.114135 0.453252
vt 0.114135 0.453252
vt 0.114135 0.453252
vt 0.114135 0.453252
vt 0.114135 0.453252
vt 0.793737 0.834866
vt 0.793737 0.834866
vt 0.793737 0.834866
vt 0.793737 0.834866
vt 0.793737 0.834866
vt 0.793737 0.834866
vt 0.370069 0.853457
vt 0.370069 0.853457
vt 0.370069 0.853457
vt 0.370069 0.853457
vt 0.370069 0.853457
vt 0.370069 0.853457
vt 0.202120 0.253400
vt 0.202120 0.253400
vt 0.202120 0.253400
vt 0.202120 0.253400
vt 0.202120 0.253400
vt 0.202120 0.253400
vt 0.581994 0.281727
vt 0.581994 0.281727
vt 0.581994 0.281727
vt 0.581994 0.281727
vt 0.581994 0.281727
vt 0.581994 0.281727
vt 0.379713 0.561034
vt 0.379713 0.561034
vt 0.379713 0.561034
vt 0.379713 0.561034
vt 0.379713 0.561034
vt 0.379713 0.561034
vt 0.514252 0.608185
vt 0.514252 0.608185
vt 0.514252 0.608185
vt 0.514252 0.608185
vt 0.514252 0.608185
vt 0.514252 0.608185
vt 0.867570 0.757572
vt 0.867570 0.757572
vt 0.867570 0.757572
vt 0.867570 0.757572
vt 0.867570 0.757572
vt 0.867570 0.757572
vt 0.400989 0.407061
vt 0.400989 0.407061
vt 0.400989 0.407061
vt 0.400989 0.407061
vt 0.400989 0.407061
vt 0.400989 0.407061
vt 0.232062 0.189319
vt 0.232062 0.189319
vt 0.232062 0.189319
vt 0.232062 0.189319
vt 0.232062 0.189319
vt 0.232062 0.189319
vt 0.133347 0.374521
vt 0.133347 0.374521
vt 0.133347 0.374521
vt 0.133347 0.374521
vt 0.133347 0.374521
vt 0.133347 0.374521
vt 0.604943 0.176666
vt 0.604943 0.176666
vt 0.604943 0.176666
vt 0.604943 0.176666
vt 0.604943 0.176666
vt 0.604943 0.176666
vt 0.375030 0.153015
vt 0.375030 0.153015
vt 0.375030 0.153015
vt 0.375030 0.153015
vt 0.375030 0.153015
vt 0.375030 0.153015
vt 0.468710 0.485128
vt 0.468710 0.485128
vt 0.468710 0.485128
vt 0.468710 0.485128
vt 0.468710 0.485128
vt 0.468710 0.485128
vt 0.355225 0.283576
vt 0.355225 0.283576
vt 0.355225 0.283576
vt 0.355225 0.283576
vt 0.355225 0.283576
vt 0.355225 0.283576
vt 0.525997 0.174874
vt 0.525997 0.174874
vt 0.525997 0.174874
vt 0.525997 0.174874
vt 0.525997 0.174874
vt 0.525997 0.174874
vt 0.525861 0.940221
vt 0.525861 0.940221
vt 0.525861 0.940221
vt 0.525861 0.940221
vt 0.525861 0.940221
vt 0.525861 0.940221
vt 0.280226 0.377364
vt 0.280226 0.377364
vt 0.280226 0.377364
vt 0.280226 0.377364
vt 0.280226 0.377364
vt 0.280226 0.377364
vt 0.529985 0.756731
vt 0.529985 0.756731
vt 0.529985 0.756731
vt 0.529985 0.756731
vt 0.529985 0.756731
vt 0.529985 0.756731
vt 0.824418 0.781592
vt 0.824418 0.781592
vt 0.824418 0.781592
vt 0.824418 0.781592
vt 0.824418 0.781592
vt 0.824418 0.781592
vt 0.248600 0.516228
vt 0.248600 0.516228
vt 0.248600 0.516228
vt 0.248600 0.516228
vt 0.248600 0.516228
vt 0.248600 0.516228
vt 0.065702 0.297065
vt 0.065702 0.297065
vt 0.065702 0.297065
vt 0.065702 0.297065
vt 0.065702 0.297065
vt 0.065702 0.297065
vt 0.919994 0.451449
vt 0.919994 0.451449
vt 0.919994 0.451449
vt 0.919994 0.451449
vt 0.919994 0.451449
vt 0.919994 0.451449
vt 0.918601 0.375465
vt 0.918601 0.375465
vt 0.918601 0.375465
vt 0.918601 0.375465
vt 0.918601 0.375465
vt 0.918601 0.375465
vt 0.220970 0.228023
vt 0.220970 0.228023
vt 0.220970 0.228023
vt 0.220970 0.228023
vt 0.220970 0.228023
vt 0.220970 0.228023
vt 0.813201 0.481116
vt 0.813201 0.481116
vt 0.813201 0.481116
vt 0.813201 0.481116
vt 0.813201 0.481116
vt 0.813201 0.481116
vt 0.117996 0.647739
vt 0.117996 0.647739
vt 0.117996 0.647739
vt 0.117996 0.647739
vt 0.117996 0.647739
vt 0.117996 0.647739
vt 0.730129 0.479790
vt 0.730129 0.479790
vt 0.730129 0.479790
vt 0.730129 0.479790
vt 0.730129 0.479790
vt 0.730129 0.479790
vt 0.345916 0.776758
vt 0.345916 0.776758
vt 0.345916 0.776758
vt 0.345916 0.776758
vt 0.345916 0.776758
vt 0.345916 0.776758
vt 0.409276 0.911053
vt 0.409276 0.911053
vt 0.409276 0.911053
vt 0.409276 0.911053
vt 0.409276 0.911053
vt 0.409276 0.911053
vt 0.156875 0.179059
vt 0.156875 0.179059
vt 0.156875 0.179059
vt 0.156875 0.179059
vt 0.156875 0.179059
vt 0.156875 0.179059
vt 0.174480 0.800390
vt 0.174480 0.800390
vt 0.174480 0.800390
vt 0.174480 0.800390
vt 0.174480 0.800390
vt 0.174480 0.800390
vt 0.362375 0.544767
vt 0.362375 0.544767
vt 0.362375 0.544767
vt 0.362375 0.544767
vt 0.362375 0.544767
vt 0.362375 0.544767
vt 0.933219 0.637701
vt 0.933219 0.637701
vt 0.933219 0.637701
vt 0.933219 0.637701
vt 0.933219 0.637701
vt 0.933219 0.637701
vt 0.439105 0.842003
vt 0.439105 0.842003
vt 0.439105 0.842003
vt 0.439105 0.842003
vt 0.439105 0.842003
vt 0.439105 0.842003
vt 0.271688 0.309529
vt 0.271688 0.309529
vt 0.271688 0.309529
vt 0.271688 0.309529
vt 0.271688 0.309529
vt 0.271688 0.309529
vt 0.278616 0.425492
vt 0.278616 0.425492
vt 0.278616 0.425492
vt 0.278616 0.425492
vt 0.278616 0.425492
vt 0.278616 0.425492
vt 0.365481 0.461508
vt 0.365481 0.461508
vt 0.365481 0.461508
vt 0.365481 0.461508
vt 0.365481 0.461508
vt 0.365481 0.461508
vt 0.426978 0.884303
vt 0.426978 0.884303
vt 0.426978 0.884303
vt 0.426978 0.884303
vt 0.426978 0.884303
vt 0.426978 0.884303
vt 0.521626 0.057208
vt 0.521626 0.057208
vt 0.521626 0.057208
vt 0.521626 0.057208
vt 0.521626 0.057208
vt 0.521626 0.057208
vt 0.198559 0.475613
vt 0.198559 0.475613
vt 0.198559 0.475613
vt 0.198559 0.475613
vt 0.198559 0.475613
vt 0.198559 0.475613
vt 0.339904 0.516881
vt 0.339904 0.516881
vt 0.339904 0.516881
vt 0.339904 0.516881
vt 0.339904 0.516881
vt 0.339904 0.516881
vt 0.137621 0.555472
vt 0.137621 0.555472
vt 0.137621 0.555472
vt 0.137621 0.555472
vt 0.137621 0.555472
vt 0.137621 0.555472
vt 0.750480 0.507097
vt 0.750480 0.507097
vt 0.750480 0.507097
vt 0.750480 0.507097
vt 0.750480 0.507097
vt 0.750480 0.507097
vt 0.879489 0.447789
vt 0.879489 0.447789
vt 0.879489 0.447789
vt 0.879489 0.447789
vt 0.879489 0.447789
vt 0.879489 0.447789
vt 0.511189 0.677313
vt 0.511189 0.677313
vt 0.511189 0.677313
vt 0.511189 0.677313
vt 0.511189 0.677313
vt 0.511189 0.677313
vt 0.479793 0.906181
vt 0.479793 0.906181
vt 0.479793 0.906181
vt 0.479793 0.906181
vt 0.479793 0.906181
vt 0.479793 0.906181
vt 0.906806 0.278825
vt 0.906806 0.278825
vt 0.906806 0.278825
vt 0.906806 0.278825
vt 0.906806 0.278825
vt 0.906806 0.278825
vt 0.812800 0.166164
vt 0.812800 0.166164
vt 0.812800 0.166164
vt 0.812800 0.166164
vt 0.812800 0.166164
vt 0.812800 0.166164
vt 0.106742 0.261388
vt 0.106742 0.261388
vt 0.106742 0.261388
vt 0.106742 0.261388
vt 0.106742 0.261388
vt 0.106742 0.261388
vt 0.761221 0.865264
vt 0.761221 0.865264
vt 0.761221 0.865264
vt 0.761221 0.865264
vt 0.761221 0.865264
vt 0.761221 0.865264
vt 0.647436 0.171541
vt 0.647436 0.171541
vt 0.647436 0.171541
vt 0.647436 0.171541
vt 0.647436 0.171541
vt 0.647436 0.171541
vt 0.242021 0.916304
vt 0.242021 0.916304
vt 0.242021 0.916304
vt 0.242021 0.916304
vt 0.242021 0.916304
vt 0.242021 0.916304
vt 0.188549 0.437000
vt 0.188549 0.437000
vt 0.188549 0.437000
vt 0.188549 0.437000
vt 0.188549 0.437000
vt 0.188549 0.437000
vt 0.220085 0.333044
vt 0.220085 0.333044
vt 0.220085 0.333044
vt 0.220085 0.333044
vt 0.220085 0.333044
vt 0.220085 0.333044
vt 0.549726 0.445221
vt 0.549726 0.445221
vt 0.549726 0.445221
vt 0.549726 0.445221
vt 0.549726 0.445221
vt 0.549726 0.445221
vt 0.614013 0.511281
vt 0.614013 0.511281
vt 0.614013 0.511281
vt 0.614013 0.511281
vt 0.614013 0.511281
vt 0.614013 0.511281
vt 0.136397 0.284319
vt 0.136397 0.284319
vt 0.136397 0.284319
vt 0.136397 0.284319
vt 0.136397 0.284319
vt 0.136397 0.284319
vt 0.288810 0.159191
vt 0.288810 0.159191
vt 0.288810 0.159191
vt 0.288810 0.159191
vt 0.288810 0.159191
vt 0.288810 0.159191
vt 0.793461 0.277920
vt 0.793461 0.277920
vt 0.793461 0.277920
vt 0.793461 0.277920
vt 0.793461 0.277920
vt 0.793461 0.277920
vt 0.564947 0.684384
vt 0.564947 0.684384
vt 0.564947 0.684384
vt 0.564947 0.684384
vt 0.564947 0.684384
vt 0.564947 0.684384
vt 0.673149 0.431292
vt 0.673149 0.431292
vt 0.673149 0.431292
vt 0.673149 0.431292
vt 0.673149 0.431292
vt 0.673149 0.431292
vt 0.623684 0.777498
vt 0.623684 0.777498
vt 0.623684 0.777498
vt 0.623684 0.777498
vt 0.623684 0.777498
vt 0.623684 0.777498
vt 0.457472 0.352020
vt 0.457472 0.352020
vt 0.457472 0.352020
vt 0.457472 0.352020
vt 0.457472 0.352020
vt 0.457472 0.352020
vt 0.286431 0.158887
vt 0.286431 0.158887
vt 0.286431 0.158887
vt 0.286431 0.158887
vt 0.286431 0.158887
vt 0.286431 0.158887
vt 0.140695 0.188533
vt 0.140695 0.188533
vt 0.140695 0.188533
vt 0.140695 0.188533
vt 0.140695 0.188533
vt 0.140695 0.188533
vt 0.327033 0.320605
vt 0.327033 0.320605
vt 0.327033 0.320605
vt 0.327033 0.320605
vt 0.327033 0.320605
vt 0.327033 0.320605
vt 0.500082 0.203668
vt 0.500082 0.203668
vt 0.500082 0.203668
vt 0.500082 0.203668
vt 0.500082 0.203668
vt 0.500082 0.203668
vt 0.714434 0.546965
vt 0.714434 0.546965
vt 0.714434 0.546965
vt 0.714434 0.546965
vt 0.714434 0.546965
vt 0.714434 0.546965
vt 0.793407 0.437603
vt 0.793407 0.437603
vt 0.793407 0.437603
vt 0.793407 0.437603
vt 0.793407 0.437603
vt 0.793407 0.437603
vt 0.401639 0.506151
vt 0.401639 0.506151
vt 0.401639 0.506151
vt 0.401639 0.506151
vt 0.401639 0.506151
vt 0.401639 0.506151
vt 0.355288 0.805704
vt 0.355288 0.805704
vt 0.355288 0.805704
vt 0.355288 0.805704
vt 0.355288 0.805704
vt 0.355288 0.805704
vt 0.412322 0.359748
vt 0.412322 0.359748
vt 0.412322 0.359748
vt 0.412322 0.359748
vt 0.412322 0.359748
vt 0.412322 0.359748
vt 0.105065 0.721618
vt 0.105065 0.721618
vt 0.105065 0.721618
vt 0.105065 0.721618
vt 0.105065 0.721618
vt 0.105065 0.721618
vt 0.840895 0.656900
vt 0.840895 0.656900
vt 0.840895 0.656900
vt 0.840895 0.656900
vt 0.840895 0.656900
vt 0.840895 0.656900
vt 0.309614 0.462697
vt 0.309614 0.462697
vt 0.309614 0.462697
vt 0.309614 0.462697
vt 0.309614 0.462697
vt 0.309614 0.462697
vt 0.282184 0.924844
vt 0.282184 0.924844
vt 0.282184 0.924844
vt 0.282184 0.924844
vt 0.282184 0.924844
vt 0.282184 0.924844
vt 0.264891 0.928413
vt 0.264891 0.928413
vt 0.264891 0.928413
vt 0.264891 0.928413
vt 0.264891 0.928413
vt 0.264891 0.928413
vt 0.040983 0.391096
vt 0.040983 0.391096
vt 0.040983 0.391096
vt 0.040983 0.391096
vt 0.040983 0.391096
vt 0.040983 0.391096
vt 0.224902 0.504357
vt 0.224902 0.504357
vt 0.224902 0.504357
vt 0.224902 0.504357
vt 0.224902 0.504357
vt 0.224902 0.504357
vt 0.122573 0.407550
vt 0.122573 0.407550
vt 0.122573 0.407550
vt 0.122573 0.407550
vt 0.122573 0.407550
vt 0.122573 0.407550
vt 0.319905 0.254185
vt 0.319905 0.254185
vt 0.319905 0.254185
vt 0.319905 0.254185
vt 0.319905 0.254185
vt 0.319905 0.254185
vt 0.730497 0.644940
vt 0.730497 0.644940
vt 0.730497 0.644940
vt 0.730497 0.644940
vt 0.730497 0.644940
vt 0.730497 0.644940
vt 0.398355 0.340044
vt 0.398355 0.340044
vt 0.398355 0.340044
vt 0.398355 0.340044
vt 0.398355 0.340044
vt 0.398355 0.340044
vt 0.706223 0.631762
vt 0.706223 0.631762
vt 0.706223 0.631762
vt 0.706223 0.631762
vt 0.706223 0.631762
vt 0.706223 0.631762
vt 0.860587 0.617146
vt 0.860587 0.617146
vt 0.860587 0.617146
vt 0.860587 0.617146
vt 0.860587 0.617146
vt 0.860587 0.617146
vt 0.168163 0.521857
vt 0.168163 0.521857
vt 0.168163 0.521857
vt 0.168163 0.521857
vt 0.168163 0.521857
vt 0.168163 0.521857
vt 0.780303 0.800296
vt 0.780303 0.800296
vt 0.780303 0.800296
vt 0.780303 0.800296
vt 0.780303 0.800296
vt 0.780303 0.800296
vt 0.668264 0.677860
vt 0.668264 0.677860
vt 0.668264 0.677860
vt 0.668264 0.677860
vt 0.668264 0.677860
vt 0.668264 0.677860
vt 0.162446 0.371851
vt 0.162446 0.371851
vt 0.162446 0.371851
vt 0.162446 0.371851
vt 0.162446 0.371851
vt 0.162446 0.371851
vt 0.553845 0.617546
vt 0.553845 0.617546
vt 0.553845 0.617546
vt 0.553845 0.617546
vt 0.553845 0.617546
vt 0.553845 0.617546
vt 0.490151 0.043049
vt 0.490151 0.043049
vt 0.490151 0.043049
vt 0.490151 0.043049
vt 0.490151 0.043049
vt 0.490151 0.043049
vt 0.502733 0.532384
vt 0.502733 0.532384
vt 0.502733 0.532384
vt 0.502733 0.532384
vt 0.502733 0.532384
vt 0.502733 0.532384
vt 0.717845 0.272018
vt 0.717845 0.272018
vt 0.717845 0.272018
vt 0.717845 0.272018
vt 0.717845 0.272018
vt 0.717845 0.272018
vt 0.710988 0.228800
vt 0.710988 0.228800
vt 0.710988 0.228800
vt 0.710988 0.228800
vt 0.710988 0.228800
vt 0.710988 0.228800
vt 0.494433 0.391956
vt 0.494433 0.391956
vt 0.494433 0.391956
vt 0.494433 0.391956
vt 0.494433 0.391956
vt 0.494433 0.391956
vt 0.745612 0.607616
vt 0.745612 0.607616
vt 0.745612 0.607616
vt 0.745612 0.607616
vt 0.745612 0.607616
vt 0.745612 0.607616
vt 0.175631 0.273625
vt 0.175631 0.273625
vt 0.175631 0.273625
vt 0.175631 0.273625
vt 0.175631 0.273625
vt 0.175631 0.273625
vt 0.562341 0.051472
vt 0.562341 0.051472
vt 0.562341 0.051472
vt 0.562341 0.051472
vt 0.562341 0.051472
vt 0.562341 0.051472
vt 0.658241 0.676810
vt 0.658241 0.676810
vt 0.658241 0.676810
vt 0.658241 0.676810
vt 0.658241 0.676810
vt 0.658241 0.676810
vt 0.515213 0.467490
vt 0.515213 0.467490
vt 0.515213 0.467490
vt 0.515213 0.467490
vt 0.515213 0.467490
vt 0.515213 0.467490
vt 0.862170 0.223310
vt 0.862170 0.223310
vt 0.862170 0.223310
vt 0.862170 0.223310
vt 0.862170 0.223310
vt 0.862170 0.223310
vt 0.056104 0.462253
vt 0.056104 0.462253
vt 0.056104 0.462253
vt 0.056104 0.462253
vt 0.056104 0.462253
vt 0.056104 0.462253
vt 0.453495 0.287165
vt 0.453495 0.287165
vt 0.453495 0.287165
vt 0.453495 0.287165
vt 0.453495 0.287165
vt 0.453495 0.287165
vt 0.233852 0.574955
vt 0.233852 0.574955
vt 0.233852 0.574955
vt 0.233852 0.574955
vt 0.233852 0.574955
vt 0.233852 0.574955
vt 0.794600 0.508045
vt 0.794600 0.508045
vt 0.794600 0.508045
vt 0.794600 0.508045
vt 0.794600 0.508045
vt 0.794600 0.508045
vt 0.252873 0.865889
vt 0.252873 0.865889
vt 0.252873 0.865889
vt 0.252873 0.865889
vt 0.252873 0.865889
vt 0.252873 0.865889
vt 0.043303 0.492360
vt 0.043303 0.492360
vt 0.043303 0.492360
vt 0.043303 0.492360
vt 0.043303 0.492360
vt 0.043303 0.492360
vt 0.169451 0.356443
vt 0.169451 0.356443
vt 0.169451 0.356443
vt 0.169451 0.356443
vt 0.169451 0.356443
vt 0.169451 0.356443
vt 0.811982 0.150438
vt 0.811982 0.150438
vt 0.811982 0.150438
vt 0.811982 0.150438
vt 0.811982 0.150438
vt 0.811982 0.150438
vt 0.869441 0.306646
vt 0.869441 0.306646
vt 0.869441 0.306646
vt 0.869441 0.306646
vt 0.869441 0.306646
vt 0.869441 0.306646
vt 0.958889 0.582043
vt 0.958889 0.582043
vt 0.958889 0.582043
vt 0.958889 0.582043
vt 0.958889 0.582043
vt 0.958889 0.582043
vt 0.293143 0.084407
vt 0.293143 0.084407
vt 0.293143 0.084407
vt 0.293143 0.084407
vt 0.293143 0.084407
vt 0.293143 0.084407
vt 0.302773 0.900743
vt 0.302773 0.900743
vt 0.302773 0.900743
vt 0.302773 0.900743
vt 0.302773 0.900743
vt 0.302773 0.900743
vt 0.510086 0.214661
vt 0.510086 0.214661
vt 0.510086 0.214661
vt 0.510086 0.214661
vt 0.510086 0.214661
vt 0.510086 0.214661
vt 0.853525 0.787005
vt 0.853525 0.787005
vt 0.853525 0.787005
vt 0.853525 0.787005
vt 0.853525 0.787005
vt 0.853525 0.787005
vt 0.905443 0.545290
vt 0.905443 0.545290
vt 0.905443 0.545290
vt 0.905443 0.545290
vt 0.905443 0.545290
vt 0.905443 0.545290
vt 0.713764 0.454792
vt 0.713764 0.454792
vt 0.713764 0.454792
vt 0.713764 0.454792
vt 0.713764 0.454792
vt 0.713764 0.454792
vt 0.303312 0.085059
vt 0.303312 0.085059
vt 0.303312 0.085059
vt 0.303312 0.085059
vt 0.303312 0.085059
vt 0.303312 0.085059
vt 0.474409 0.356170
vt 0.474409 0.356170
vt 0.474409 0.356170
vt 0.474409 0.356170
vt 0.474409 0.356170
vt 0.474409 0.356170
vt 0.643516 0.316769
vt 0.643516 0.316769
vt 0.643516 0.316769
vt 0.643516 0.316769
vt 0.643516 0.316769
vt 0.643516 0.316769
vt 0.193946 0.188724
vt 0.193946 0.188724
vt 0.193946 0.188724
vt 0.193946 0.188724
vt 0.193946 0.188724
vt 0.193946 0.188724
vt 0.497310 0.242423
vt 0.497310 0.242423
vt 0.497310 0.242423
vt 0.497310 0.242423
vt 0.497310 0.242423
vt 0.497310 0.242423
vt 0.453964 0.168428
vt 0.453964 0.168428
vt 0.453964 0.168428
vt 0.453964 0.168428
vt 0.453964 0.168428
vt 0.453964 0.168428
vt 0.354599 0.123807
vt 0.354599 0.123807
vt 0.354599 0.123807
vt 0.354599 0.123807
vt 0.354599 0.123807
vt 0.354599 0.123807
vt 0.564048 0.856271
vt 0.564048 0.856271
vt 0.564048 0.856271
vt 0.564048 0.856271
vt 0.564048 0.856271
vt 0.564048 0.856271
vt 0.420773 0.522235
vt 0.420773 0.522235
vt 0.420773 0.522235
vt 0.420773 0.522235
vt 0.420773 0.522235
vt 0.420773 0.522235
vt 0.097095 0.295315
vt 0.097095 0.295315
vt 0.097095 0.295315
vt 0.097095 0.295315
vt 0.097095 0.295315
vt 0.097095 0.295315
vt 0.503124 0.619257
vt 0.503124 0.619257
vt 0.503124 0.619257
vt 0.503124 0.619257
vt 0.503124 0.619257
vt 0.503124 0.619257
vt 0.289339 0.268577
vt 0.289339 0.268577
vt 0.289339 0.268577
vt 0.289339 0.268577
vt 0.289339 0.268577
vt 0.289339 0.268577
vt 0.069664 0.692751
vt 0.069664 0.692751
vt 0.069664 0.692751
vt 0.069664 0.692751
vt 0.069664 0.692751
vt 0.069664 0.692751
vt 0.580202 0.040164
vt 0.580202 0.040164
vt 0.580202 0.040164
vt 0.580202 0.040164
vt 0.580202 0.040164
vt 0.580202 0.040164
vt 0.799542 0.827026
vt 0.799542 0.827026
vt 0.799542 0.827026
vt 0.799542 0.827026
vt 0.799542 0.827026
vt 0.799542 0.827026
vt 0.140322 0.182028
vt 0.140322 0.182028
vt 0.140322 0.182028
vt 0.140322 0.182028
vt 0.140322 0.182028
vt 0.140322 0.182028
vt 0.906171 0.703996
vt 0.906171 0.703996
vt 0.906171 0.703996
vt 0.906171 0.703996
vt 0.906171 0.703996
vt 0.906171 0.703996
vt 0.460739 0.547381
vt 0.460739 0.547381
vt 0.460739 0.547381
vt 0.460739 0.547381
vt 0.460739 0.547381
vt 0.460739 0.547381
vt 0.253971 0.886327
vt 0.253971 0.886327
vt 0.253971 0.886327
vt 0.253971 0.886327
vt 0.253971 0.886327
vt 0.253971 0.886327
vt 0.157730 0.271650
vt 0.157730 0.271650
vt 0.157730 0.271650
vt 0.157730 0.271650
vt 0.157730 0.271650
vt 0.157730 0.271650
vt 0.522482 0.576260
vt 0.522482 0.576260
vt 0.522482 0.576260
vt 0.522482 0.576260
vt 0.522482 0.576260
vt 0.522482 0.576260
vt 0.592976 0.049625
vt 0.592976 0.049625
vt 0.592976 0.049625
vt 0.592976 0.049625
vt 0.592976 0.049625
vt 0.592976 0.049625
vt 0.922225 0.633010
vt 0.922225 0.633010
vt 0.922225 0.633010
vt 0.922225 0.633010
vt 0.922225 0.633010
vt 0.922225 0.633010
vt 0.255987 0.267294
vt 0.255987 0.267294
vt 0.255987 0.267294
vt 0.255987 0.267294
vt 0.255987 0.267294
vt 0.255987 0.267294
vt 0.322806 0.060044
vt 0.322806 0.060044
vt 0.322806 0.060044
vt 0.322806 0.060044
vt 0.322806 0.060044
vt 0.322806 0.060044
vt 0.426415 0.276676
vt 0.426415 0.276676
vt 0.426415 0.276676
vt 0.426415 0.276676
vt 0.426415 0.276676
vt 0.426415 0.276676
vt 0.351007 0.426912
vt 0.351007 0.426912
vt 0.351007 0.426912
vt 0.351007 0.426912
vt 0.351007 0.426912
vt 0.351007 0.426912
vt 0.773299 0.719999
vt 0.773299 0.719999
vt 0.773299 0.719999
vt 0.773299 0.719999
vt 0.773299 0.719999
vt 0.773299 0.719999
vt 0.932270 0.326778
vt 0.932270 0.326778
vt 0.932270 0.326778
vt 0.932270 0.326778
vt 0.932270 0.326778
vt 0.932270 0.326778
vt 0.243727 0.739633
vt 0.243727 0.739633
vt 0.243727 0.739633
vt 0.243727 0.739633
vt 0.243727 0.739633
vt 0.243727 0.739633
vt 0.496104 0.212328
vt 0.496104 0.212328
vt 0.496104 0.212328
vt 0.496104 0.212328
vt 0.496104 0.212328
vt 0.496104 0.212328
vt 0.652071 0.912860
vt 0.652071 0.912860
vt 0.652071 0.912860
vt 0.652071 0.912860
vt 0.652071 0.912860
vt 0.652071 0.912860
vt 0.095324 0.401856
vt 0.095324 0.401856
vt 0.095324 0.401856
vt 0.095324 0.401856
vt 0.095324 0.401856
vt 0.095324 0.401856
vt 0.897068 0.342903
vt 0.897068 0.342903
vt 0.897068 0.342903
vt 0.897068 0.342903
vt 0.897068 0.342903
vt 0.897068 0.342903
vt 0.726604 0.069342
vt 0.726604 0.069342
vt 0.726604 0.069342
vt 0.726604 0.069342
vt 0.726604 0.069342
vt 0.726604 0.069342
vt 0.383973 0.345162
vt 0.383973 0.345162
vt 0.383973 0.345162
vt 0.383973 0.345162
vt 0.383973 0.345162
vt 0.383973 0.345162
vt 0.297422 0.363350
vt 0.297422 0.363350
vt 0.297422 0.363350
vt 0.297422 0.363350
vt 0.297422 0.363350
vt 0.297422 0.363350
vt 0.368099 0.795848
vt 0.368099 0.795848
vt 0.368099 0.795848
vt 0.368099 0.795848
vt 0.368099 0.795848
vt 0.368099 0.795848
vt 0.085317 0.475587
vt 0.085317 0.475587
vt 0.085317 0.475587
vt 0.085317 0.475587
vt 0.085317 0.475587
vt 0.085317 0.475587
vt 0.217584 0.375109
vt 0.217584 0.375109
vt 0.217584 0.375109
vt 0.217584 0.375109
vt 0.217584 0.375109
vt 0.217584 0.375109
vt 0.417938 0.786879
vt 0.417938 0.786879
vt 0.417938 0.786879
vt 0.417938 0.786879
vt 0.417938 0.786879
vt 0.417938 0.786879
vt 0.886471 0.276455
vt 0.886471 0.276455
vt 0.886471 0.276455
vt 0.886471 0.276455
vt 0.886471 0.276455
vt 0.886471 0.276455
vt 0.351944 0.290529
vt 0.351944 0.290529
vt 0.351944 0.290529
vt 0.351944 0.290529
vt 0.351944 0.290529
vt 0.351944 0.290529
vt 0.281199 0.699305
vt 0.281199 0.699305
vt 0.281199 0.699305
vt 0.281199 0.699305
vt 0.281199 0.699305
vt 0.281199 0.699305
vt 0.883143 0.623262
vt 0.883143 0.623262
vt 0.883143 0.623262
vt 0.883143 0.623262
vt 0.883143 0.623262
vt 0.883143 0.623262
vt 0.255157 0.477174
vt 0.255157 0.477174
vt 0.255157 0.477174
vt 0.255157 0.477174
vt 0.255157 0.477174
vt 0.255157 0.477174
vt 0.395594 0.270963
vt 0.395594 0.270963
vt 0.395594 0.270963
vt 0.395594 0.270963
vt 0.395594 0.270963
vt 0.395594 0.270963
vt 0.778363 0.719409
vt 0.778363 0.719409
vt 0.778363 0.719409
vt 0.778363 0.719409
vt 0.778363 0.719409
vt 0.778363 0.719409
vt 0.598674 0.341576
vt 0.598674 0.341576
vt 0.598674 0.341576
vt 0.598674 0.341576
vt 0.598674 0.341576
vt 0.598674 0.341576
vt 0.759669 0.112694
vt 0.759669 0.112694
vt 0.759669 0.112694
vt 0.759669 0.112694
vt 0.759669 0.112694
vt 0.759669 0.112694
vt 0.267523 0.099554
vt 0.267523 0.099554
vt 0.267523 0.099554
vt 0.267523 0.099554
vt 0.267523 0.099554
vt 0.267523 0.099554
vt 0.339698 0.941835
vt 0.339698 0.941835
vt 0.339698 0.941835
vt 0.339698 0.941835
vt 0.339698 0.941835
vt 0.339698 0.941835
vt 0.283700 0.117356
vt 0.283700 0.117356
vt 0.283700 0.117356
vt 0.283700 0.117356
vt 0.283700 0.117356
vt 0.283700 0.117356
vt 0.692989 0.451206
vt 0.692989 0.451206
vt 0.692989 0.451206
vt 0.692989 0.451206
vt 0.692989 0.451206
vt 0.692989 0.451206
vt 0.610683 0.660180
vt 0.610683 0.660180
vt 0.610683 0.660180
vt 0.610683 0.660180
vt 0.610683 0.660180
vt 0.610683 0.660180
vt 0.651271 0.151472
vt 0.651271 0.151472
vt 0.651271 0.151472
vt 0.651271 0.151472
vt 0.651271 0.151472
vt 0.651271 0.151472
vt 0.561533 0.383133
vt 0.561533 0.383133
vt 0.561533 0.383133
vt 0.561533 0.383133
vt 0.561533 0.383133
vt 0.561533 0.383133
vt 0.267635 0.265713
vt 0.267635 0.265713
vt 0.267635 0.265713
vt 0.267635 0.265713
vt 0.267635 0.265713
vt 0.267635 0.265713
vt 0.572018 0.340231
vt 0.572018 0.340231
vt 0.572018 0.340231
vt 0.572018 0.340231
vt 0.572018 0.340231
vt 0.572018 0.340231
vt 0.506739 0.252870
vt 0.506739 0.252870
vt 0.506739 0.252870
vt 0.506739 0.252870
vt 0.506739 0.252870
vt 0.506739 0.252870
vt 0.476782 0.793574
vt 0.476782 0.793574
vt 0.476782 0.793574
vt 0.476782 0.793574
vt 0.476782 0.793574
vt 0.476782 0.793574
vt 0.077133 0.310183
vt 0.077133 0.310183
vt 0.077133 0.310183
vt 0.077133 0.310183
vt 0.077133 0.310183
vt 0.077133 0.310183
vt 0.935128 0.576538
vt 0.935128 0.576538
vt 0.935128 0.576538
vt 0.935128 0.576538
vt 0.935128 0.576538
vt 0.935128 0.576538
vt 0.836837 0.453185
vt 0.836837 0.453185
vt 0.836837 0.453185
vt 0.836837 0.453185
vt 0.836837 0.453185
vt 0.836837 0.453185
vt 0.588455 0.610352
vt 0.588455 0.610352
vt 0.588455 0.610352
vt 0.588455 0.610352
vt 0.588455 0.610352
vt 0.588455 0.610352
vt 0.170060 0.227658
vt 0.170060 0.227658
vt 0.170060 0.227658
vt 0.170060 0.227658
vt 0.170060 0.227658
vt 0.170060 0.227658
vt 0.639511 0.227166
vt 0.639511 0.227166
vt 0.639511 0.227166
vt 0.639511 0.227166
vt 0.639511 0.227166
vt 0.639511 0.227166
vt 0.664054 0.210333
vt 0.664054 0.210333
vt 0.664054 0.210333
vt 0.664054 0.210333
vt 0.664054 0.210333
vt 0.664054 0.210333
vt 0.771659 0.544201
vt 0.771659 0.544201
vt 0.771659 0.544201
vt 0.771659 0.544201
vt 0.771659 0.544201
vt 0.771659 0.544201
vt 0.403673 0.546127
vt 0.403673 0.546127
vt 0.403673 0.546127
vt 0.403673 0.546127
vt 0.403673 0.546127
vt 0.403673 0.546127
vt 0.190594 0.679773
vt 0.190594 0.679773
vt 0.190594 0.679773
vt 0.190594 0.679773
vt 0.190594 0.679773
vt 0.190594 0.679773
vt 0.322988 0.916934
vt 0.322988 0.916934
vt 0.322988 0.916934
vt 0.322988 0.916934
vt 0.322988 0.916934
vt 0.322988 0.916934
vt 0.368607 0.423130
vt 0.368607 0.423130
vt 0.368607 0.423130
vt 0.368607 0.423130
vt 0.368607 0.423130
vt 0.368607 0.423130
vt 0.374679 0.221425
vt 0.374679 0.221425
vt 0.374679 0.221425
vt 0.374679 0.221425
vt 0.374679 0.221425
vt 0.374679 0.221425
vt 0.429854 0.794739
vt 0.429854 0.794739
vt 0.429854 0.794739
vt 0.429854 0.794739
vt 0.429854 0.794739
vt 0.429854 0.794739
vt 0.464034 0.189541
vt 0.464034 0.189541
vt 0.464034 0.189541
vt 0.464034 0.189541
vt 0.464034 0.189541
vt 0.464034 0.189541
vt 0.629413 0.877011
vt 0.629413 0.877011
vt 0.629413 0.877011
vt 0.629413 0.877011
vt 0.629413 0.877011
vt 0.629413 0.877011
vt 0.381176 0.504106
vt 0.381176 0.504106
vt 0.381176 0.504106
vt 0.381176 0.504106
vt 0.381176 0.504106
vt 0.381176 0.504106
vt 0.519466 0.891460
vt 0.519466 0.891460
vt 0.519466 0.891460
vt 0.519466 0.891460
vt 0.519466 0.891460
vt 0.519466 0.891460
vt 0.221554 0.156518
vt 0.221554 0.156518
vt 0.221554 0.156518
vt 0.221554 0.156518
vt 0.221554 0.156518
vt 0.221554 0.156518
vt 0.484118 0.089105
vt 0.484118 0.089105
vt 0.484118 0.089105
vt 0.484118 0.089105
vt 0.484118 0.089105
vt 0.484118 0.089105
vn 0.000000 1.000000 0.000000
vn 0.000000 1.000000 0.000000
vn 0.000000 1.000000 0.000000
vn 0.000000 1.000000 0.000000
vn 0.000000 1.000000 0.000000
vn 0.000000 1.000000 0.000000
vn 0.000000 1.000000 0.000000
vn 0.000000 1.000000 0.000000
vn 0.000000 1.000000 0.000000
vn 0.000000 1.000000 0.000000
vn 0.000000 1.000000 0.000000
vn 0.000000 1.000000 0.000000
vn 0.000000 1.000000 0.000000
vn 0.000000 1.000000 0.000000
vn 0.000000 1.000000 0.000000
vn 0.000000 1.000000 0.000000
vn 0.000000 1.000000 0.000000
vn 0.000000 1.000000 0.000000
vn 0.000000 1.000000 0.000000
vn 0.000000 1.000000 0.000000
vn 0.000000 1.000000 0.000000
vn 0.000000 1.000000 0.000000
vn 0.000000 1.000000 0.000000
vn 0.000000 1.000000 0.000000
vn 0.000000 1.000000 0.000000
vn 0.000000 1.000000 0.000000
vn 0.000000 1.000000 0.000000
vn 0.000000 1.000000 0.000000
vn 0.000000 1.000000 0.000000
vn 0.000000 1.000000 0.000000
vn 0.000000 1.000000 0.000000
vn 0.000000 1.000000 0.000000
vn 0.000000 1.000000 0.000000
vn 0.000000 1.000000 0.000000
vn 0.000000 1.000000 0.000000
vn 0.000000 1.000000 0.000000
vn 0.000000 1.000000 0.000000
vn 0.000000 1.000000 0.000000
vn 0.000000 1.000000 0.000000
vn 0.000000 1.000000 0.000000
vn 0.000000 1.000000 0.000000
vn 0.000000 1.000000 0.000000
vn 0.000000 1.000000 0.000000
vn 0.000000 1.000000 0.000000
vn 0.000000 1.000000 0.000000
vn 0.000000 1.000000 0.000000
vn 0.000000 1.000000 0.000000
vn 0.000000 1.000000 0.000000
vn 0.000000 1.000000 0.000000
vn 0.000000 1.000000 0.000000
vn 0.000000 1.000000 0.000000
vn 0.000000 1.000000 0.000000
vn 0.000000 1.000000 0.000000
vn 0.000000 1.000000 0.000000
vn 0.000000 1.000000 0.000000
vn 0.000000 1.000000 0.000000
vn 0.000000 1.000000 0.000000
vn 0.000000 1.000000 0.000000
vn 0.000000 1.000000 0.000000
vn 0.000000 1.000000 0.000000
vn 0.000000 1.000000 0.000000
vn 0.000000 1.000000 0.000000
vn 0.000000 1.000000 0.000000
vn 0.000000 1.000000 0.000000
vn 0.000000 1.000000 0.000000
vn 0.000000 1.000000 0.000000
vn 0.000000 1.000000 0.000000
vn 0.000000 1.000000 0.000000
vn 0.000000 1.000000 0.000000
vn 0.000000 1.000000 0.000000
vn 0.000000 1.000000 0.000000
vn 0.000000 1.000000 0.000000
vn 0.000000 1.000000 0.000000
vn 0.000000 1.000000 0.000000
vn 0.000000 1.000000 0.000000
vn 0.000000 1.000000 0.000000
vn 0.000000 1.000000 0.000000
vn 0.000000 1.000000 0.000000
vn 0.000000 1.000000 0.000000
vn 0.000000 1.000000 0.000000
vn 0.000000 1.000000 0.000000
vn 0.000000 1.000000 0.000000
vn 0.000000 1.000000 0.000000
vn 0.000000 1.000000 0.000000
vn 0.000000 1.000000 0.000000
vn 0.000000 1.000000 0.000000
vn 0.000000 1.000000 0.000000
vn 0.000000 1.000000 0.000000
vn 0.000000 1.000000 0.000000
vn 0.000000 1.000000 0.000000
vn 0.000000 1.000000 0.000000
vn 0.000000 1.000000 0.000000
vn 0.000000 1.000000 0.000000
vn 0.000000 1.000000 0.000000
vn 0.000000 1.000000 0.000000
vn 0.000000 1.000000 0.000000
vn 0.000000 1.000000 0.000000
vn 0.000000 1.000000 0.000000
vn 0.000000 1.000000 0.000000
vn 0.000000 1.000000 0.000000
vn 0.000000 1.000000 0.000000
vn 0.000000 1.000000 0.000000
vn 0.000000 1.000000 0.000000
vn 0.000000 1.000000 0.000000
vn 0.000000 1.000000 0.000000
vn 0.000000 1.000000 0.000000
vn 0.000000 1.000000 0.000000
vn 0.000000 1.000000 0.000000
vn 0.000000 1.000000 0.000000
vn 0.000000 1.000000 0.000000
vn 0.000000 1.000000 0.000000
vn 0.000000 1.000000 0.000000
vn 0.000000 1.000000 0.000000
vn 0.000000 1.000000 0.000000
vn 0.000000 1.000000 0.000000
vn 0.000000 1.000000 0.000000
vn 0.000000 1.000000 0.000000
vn 0.000000 1.000000 0.000000
vn 0.000000 1.000000 0.000000
vn 0.000000 1.000000 0.000000
vn 0.000000 1.000000 0.000000
vn 0.000000 1.000000 0.000000
vn 0.000000 1.000000 0.000000
vn 0.000000 1.000000 0.000000
vn 0.000000 1.000000 0.000000
vn 0.000000 1.000000 0.000000
vn 0.000000 1.000000 0.000000
vn 0.000000 1.000000 0.000000
vn 0.000000 1.000000 0.000000
vn 0.000000 1.000000 0.000000
vn 0.000000 1.000000 0.000000
vn 0.000000 1.000000 0.000000
vn 0.000000 1.000000 0.000000
vn 0.000000 1.000000 0.000000
vn 0.000000 1.000000 0.000000
vn 0.000000 1.000000 0.000000
vn 0.000000 1.000000 0.000000
vn 0.000000 1.000000 0.000000
vn 0.000000 1.000000 0.000000
vn 0.000000 1.000000 0.000000
vn 0.000000 1.000000 0.000000
vn 0.000000 1.000000 0.000000
vn 0.000000 1.000000 0.000000
vn 0.000000 1.000000 0.000000
vn 0.000000 1.000000 0.000000
vn 0.000000 1.000000 0.000000
vn 0.000000 1.000000 0.000000
vn 0.000000 1.000000 0.000000
vn 0.000000 1.000000 0.000000
vn 0.000000 1.000000 0.000000
vn 0.000000 1.000000 0.000000
vn 0.000000 1.000000 0.000000
vn 0.000000 1.000000 0.000000
vn 0.000000 1.000000 0.000000
vn 0.000000 1.000000 0.000000
vn 0.000000 1.000000 0.000000
vn 0.000000 1.000000 0.000000
vn 0.000000 1.000000 0.000000
vn 0.000000 1.000000 0.000000
vn 0.000000 1.000000 0.000000
vn 0.000000 1.000000 0.000000
vn 0.000000 1.000000 0.000000
vn 0.000000 1.000000 0.000000
vn 0.000000 1.000000 0.000000
vn 0.000000 1.000000 0.000000
vn 0.000000 1.000000 0.000000
vn 0.000000 1.000000 0.000000
vn 0.000000 1.000000 0.000000
vn 0.000000 1.000000 0.000000
vn 0.000000 1.000000 0.000000
vn 0.000000 1.000000 0.000000
vn 0.000000 1.000000 0.000000
vn 0.000000 1.000000 0.000000
vn 0.000000 1.000000 0.000000
vn 0.000000 1.000000 0.000000
vn 0.000000 1.000000 0.000000
vn 0.000000 1.000000 0.000000
vn 0.000000 1.000000 0.000000
vn 0.000000 1.000000 0.000000
vn 0.000000 1.000000 0.000000
vn 0.000000 1.000000 0.000000
vn 0.000000 1.000000 0.000000
vn 0.000000 1.000000 0.000000
vn 0.000000 1.000000 0.000000
vn 0.000000 1.000000 0.000000
vn 0.000000 1.000000 0.000000
vn 0.000000 1.000000 0.000000
vn 0.000000 1.000000 0.000000
vn 0.000000 1.000000 0.000000
vn 0.000000 1.000000 0.000000
vn 0.000000 1.000000 0.000000
vn 0.000000 1.000000 0.000000
vn 0.000000 1.000000 0.000000
vn 0.000000 1.000000 0.000000
vn 0.000000 1.000000 0.000000
vn 0.000000 1.000000 0.000000
vn 0.000000 1.000000 0.000000
vn 0.000000 1.000000 0.000000
vn 0.000000 1.000000 0.000000
vn 0.000000 1.000000 0.000000
vn 0.000000 1.000000 0.000000
vn 0.000000 1.000000 0.000000
vn 0.000000 1.000000 0.000000
vn 0.000000 1.000000 0.000000
vn 0.000000 1.000000 0.000000
vn 0.000000 1.000000 0.000000
vn 0.000000 1.000000 0.000000
vn 0.000000 1.000000 0.000000
vn 0.000000 1.000000 0.000000
vn 0.000000 1.000000 0.000000
vn 0.000000 1.000000 0.000000
vn 0.000000 1.000000 0.000000
vn 0.000000 1.000000 0.000000
vn 0.000000 1.000000 0.000000
vn 0.000000 1.000000 0.000000
vn 0.000000 1.000000 0.000000
vn 0.000000 1.000000 0.000000
vn 0.000000 1.000000 0.000000
vn 0.000000 1.000000 0.000000
vn 0.000000 1.000000 0.000000
vn 0.000000 1.000000 0.000000
vn 0.000000 1.000000 0.000000
vn 0.000000 1.000000 0.000000
vn 0.000000 1.000000 0.000000
vn 0.000000 1.000000 0.000000
vn 0.000000 1.000000 0.000000
vn 0.000000 1.000000 0.000000
vn 0.000000 1.000000 0.000000
vn 0.000000 1.000000 0.000000
vn 0.000000 1.000000 0.000000
vn 0.000000 1.000000 0.000000
vn 0.000000 1.000000 0.000000
vn 0.000000 1.000000 0.000000
vn 0.000000 1.000000 0.000000
vn 0.000000 1.000000 0.000000
vn 0.000000 1.000000 0.000000
vn 0.000000 1.000000 0.000000
vn 0.000000 1.000000 0.000000
vn 0.000000 1.000000 0.000000
vn 0.000000 1.000000 0.000000
vn 0.000000 1.000000 0.000000
vn 0.000000 1.000000 0.000000
vn 0.000000 1.000000 0.000000
vn 0.000000 1.000000 0.000000
vn 0.000000 1.000000 0.000000
vn 0.000000 1.000000 0.000000
vn 0.000000 1.000000 0.000000
vn 0.000000 1.000000 0.000000
vn 0.000000 1.000000 0.000000
vn 0.000000 1.000000 0.000000
vn 0.000000 1.000000 0.000000
vn 0.000000 1.000000 0.000000
vn 0.000000 1.000000 0.000000
vn 0.000000 1.000000 0.000000
vn 0.000000 1.000000 0.000000
vn 0.000000 1.000000 0.000000
vn 0.000000 1.000000 0.000000
vn 0.000000 1.000000 0.000000
vn 0.000000 1.000000 0.000000
vn 0.000000 1.000000 0.000000
vn 0.000000 1.000000 0.000000
vn 0.000000 1.000000 0.000000
vn 0.000000 1.000000 0.000000
vn 0.000000 1.000000 0.000000
vn 0.000000 1.000000 0.000000
vn 0.000000 1.000000 0.000000
vn 0.000000 1.000000 0.000000
vn 0.000000 1.000000 0.000000
vn 0.000000 1.000000 0.000000
vn 0.000000 1.000000 0.000000
vn 0.000000 1.000000 0.000000
vn 0.000000 1.000000 0.000000
vn 0.000000 1.000000 0.000000
vn 0.000000 1.000000 0.000000
vn 0.000000 1.000000 0.000000
vn 0.000000 1.000000 0.000000
vn 0.000000 1.000000 0.000000
vn 0.000000 1.000000 0.000000
vn 0.000000 1.000000 0.000000
vn 0.000000 1.000000 0.000000
vn 0.000000 1.000000 0.000000
vn 0.000000 1.000000 0.000000
vn 0.000000 1.000000 0.000000
vn 0.000000 1.000000 0.000000
vn 0.000000 1.000000 0.000000
vn 0.000000 1.000000 0.000000
vn 0.000000 1.000000 0.000000
vn 0.000000 1.000000 0.000000
vn 0.000000 1.000000 0.000000
vn 0.000000 1.000000 0.000000
vn 0.000000 1.000000 0.000000
vn 0.000000 1.000000 0.000000
vn 0.000000 1.000000 0.000000
vn 0.000000 1.000000 0.000000
vn 0.000000 1.000000 0.000000
vn 0.000000 1.000000 0.000000
vn 0.000000 1.000000 0.000000
vn 0.000000 1.000000 0.000000
vn 0.000000 1.000000 0.000000
vn 0.000000 1.000000 0.000000
vn 0.000000 1.000000 0.000000
vn 0.000000 1.000000 0.000000
vn 0.000000 1.000000 0.000000
vn 0.000000 1.000000 0.000000
vn 0.000000 1.000000 0.000000
vn 0.000000 1.000000 0.000000
vn 0.000000 1.000000 0.000000
vn 0.000000 1.000000 0.000000
vn 0.000000 1.000000 0.000000
vn 0.000000 1.000000 0.000000
vn 0.000000 1.000000 0.000000
vn 0.000000 1.000000 0.000000
vn 0.000000 1.000000 0.000000
vn 0.000000 1.000000 0.000000
vn 0.000000 1.000000 0.000000
vn 0.000000 1.000000 0.000000
vn 0.000000 1.000000 0.000000
vn 0.000000 1.000000 0.000000
vn 0.000000 1.000000 0.000000
vn 0.000000 1.000000 0.000000
vn 0.000000 1.000000 0.000000
vn 0.000000 1.000000 0.000000
vn 0.000000 1.000000 0.000000
vn 0.000000 1.000000 0.000000
vn 0.000000 1.000000 0.000000
vn 0.000000 1.000000 0.000000
vn 0.000000 1.000000 0.000000
vn 0.000000 1.000000 0.000000
vn 0.000000 1.000000 0.000000
vn 0.000000 1.000000 0.000000
vn 0.000000 1.000000 0.000000
vn 0.000000 1.000000 0.000000
vn 0.000000 1.000000 0.000000
vn 0.000000 1.000000 0.000000
vn 0.000000 1.000000 0.000000
vn 0.000000 1.000000 0.000000
vn 0.000000 1.000000 0.000000
vn 0.000000 1.000000 0.000000
vn 0.000000 1.000000 0.000000
vn 0.000000 1.000000 0.000000
vn 0.000000 1.000000 0.000000
vn 0.000000 1.000000 0.000000
vn 0.000000 1.000000 0.000000
vn 0.000000 1.000000 0.000000
vn 0.000000 1.000000 0.000000
vn 0.000000 1.000000 0.000000
vn 0.000000 1.000000 0.000000
vn 0.000000 1.000000 0.000000
vn 0.000000 1.000000 0.000000
vn 0.000000 1.000000 0.000000
vn 0.000000 1.000000 0.000000
vn 0.000000 1.000000 0.000000
vn 0.000000 1.000000 0.000000
vn 0.000000 1.000000 0.000000
vn 0.000000 1.000000 0.000000
vn 0.000000 1.000000 0.000000
vn 0.000000 1.000000 0.000000
vn 0.000000 1.000000 0.000000
vn 0.000000 1.000000 0.000000
vn 0.000000 1.000000 0.000000
vn 0.000000 1.000000 0.000000
vn 0.000000 1.000000 0.000000
vn 0.000000 1.000000 0.000000
vn 0.000000 1.000000 0.000000
vn 0.000000 1.000000 0.000000
vn 0.000000 1.000000 0.000000
vn 0.000000 1.000000 0.000000
vn 0.000000 1.000000 0.000000
vn 0.000000 1.000000 0.000000
vn 0.000000 1.000000 0.000000
vn 0.000000 1.000000 0.000000
vn 0.000000 1.000000 0.000000
vn 0.000000 1.000000 0.000000
vn 0.000000 1.000000 0.000000
vn 0.000000 1.000000 0.000000
vn 0.000000 1.000000 0.000000
vn 0.000000 1.000000 0.000000
vn 0.000000 1.000000 0.000000
vn 0.000000 1.000000 0.000000
vn 0.000000 1.000000 0.000000
vn 0.000000 1.000000 0.000000
vn 0.000000 1.000000 0.000000
vn 0.000000 1.000000 0.000000
vn 0.000000 1.000000 0.000000
vn 0.000000 1.000000 0.000000
vn 0.000000 1.000000 0.000000
vn 0.000000 1.000000 0.000000
vn 0.000000 1.000000 0.000000
vn 0.000000 1.000000 0.000000
vn 0.000000 1.000000 0.000000
vn 0.000000 1.000000 0.000000
vn 0.000000 1.000000 0.000000
vn 0.000000 1.000000 0.000000
vn 0.000000 1.000000 0.000000
vn 0.000000 1.000000 0.000000
vn 0.000000 1.000000 0.000000
vn 0.000000 1.000000 0.000000
vn 0.000000 1.000000 0.000000
vn 0.000000 1.000000 0.000000
vn 0.000000 1.000000 0.000000
vn 0.000000 1.000000 0.000000
vn 0.000000 1.000000 0.000000
vn 0.000000 1.000000 0.000000
vn 0.000000 1.000000 0.000000
vn 0.000000 1.000000 0.000000
vn 0.000000 1.000000 0.000000
vn 0.000000 1.000000 0.000000
vn 0.000000 1.000000 0.000000
vn 0.000000 1.000000 0.000000
vn 0.000000 1.000000 0.000000
vn 0.000000 1.000000 0.000000
vn 0.000000 1.000000 0.000000
vn 0.000000 1.000000 0.000000
vn 0.000000 1.000000 0.000000
vn 0.000000 1.000000 0.000000
vn 0.000000 1.000000 0.000000
vn 0.000000 1.000000 0.000000
vn 0.000000 1.000000 0.000000
vn 0.000000 1.000000 0.000000
vn 0.000000 1.000000 0.000000
vn 0.000000 1.000000 0.000000
vn 0.000000 1.000000 0.000000
vn 0.000000 1.000000 0.000000
vn 0.000000 1.000000 0.000000
vn 0.000000 1.000000 0.000000
vn 0.000000 1.000000 0.000000
vn 0.000000 1.000000 0.000000
vn 0.000000 1.000000 0.000000
vn 0.000000 1.000000 0.000000
vn 0.000000 1.000000 0.000000
vn 0.000000 1.000000 0.000000
vn 0.000000 1.000000 0.000000
vn 0.000000 1.000000 0.000000
vn 0.000000 1.000000 0.000000
vn 0.000000 1.000000 0.000000
vn 0.000000 1.000000 0.000000
vn 0.000000 1.000000 0.000000
vn 0.000000 1.000000 0.000000
vn 0.000000 1.000000 0.000000
vn 0.000000 1.000000 0.000000
vn 0.000000 1.000000 0.000000
vn 0.000000 1.000000 0.000000
vn 0.000000 1.000000 0.000000
vn 0.000000 1.000000 0.000000
vn 0.000000 1.000000 0.000000
vn 0.000000 1.000000 0.000000
vn 0.000000 1.000000 0.000000
vn 0.000000 1.000000 0.000000
vn 0.000000 1.000000 0.000000
vn 0.000000 1.000000 0.000000
vn 0.000000 1.000000 0.000000
vn 0.000000 1.000000 0.000000
vn 0.000000 1.000000 0.000000
vn 0.000000 1.000000 0.000000
vn 0.000000 1.000000 0.000000
vn 0.000000 1.000000 0.000000
vn 0.000000 1.000000 0.000000
vn 0.000000 1.000000 0.000000
vn 0.000000 1.000000 0.000000
vn 0.000000 1.000000 0.000000
vn 0.000000 1.000000 0.000000
vn 0.000000 1.000000 0.000000
vn 0.000000 1.000000 0.000000
vn 0.000000 1.000000 0.000000
vn 0.000000 1.000000 0.000000
vn 0.000000 1.000000 0.000000
vn 0.000000 1.000000 0.000000
vn 0.000000 1.000000 0.000000
vn 0.000000 1.000000 0.000000
vn 0.000000 1.000000 0.000000
vn 0.000000 1.000000 0.000000
vn 0.000000 1.000000 0.000000
vn 0.000000 1.000000 0.000000
vn 0.000000 1.000000 0.000000
vn 0.000000 1.000000 0.000000
vn 0.000000 1.000000 0.000000
vn 0.000000 1.000000 0.000000
vn 0.000000 1.000000 0.000000
vn 0.000000 1.000000 0.000000
vn 0.000000 1.000000 0.000000
vn 0.000000 1.000000 0.000000
vn 0.000000 1.000000 0.000000
vn 0.000000 1.000000 0.000000
vn 0.000000 1.000000 0.000000
vn 0.000000 1.000000 0.000000
vn 0.000000 1.000000 0.000000
vn 0.000000 1.000000 0.000000
vn 0.000000 1.000000 0.000000
vn 0.000000 1.000000 0.000000
vn 0.000000 1.000000 0.000000
vn 0.000000 1.000000 0.000000
vn 0.000000 1.000000 0.000000
vn 0.000000 1.000000 0.000000
vn 0.000000 1.000000 0.000000
vn 0.000000 1.000000 0.000000
vn 0.000000 1.000000 0.000000
vn 0.000000 1.000000 0.000000
vn 0.000000 1.000000 0.000000
vn 0.000000 1.000000 0.000000
vn 0.000000 1.000000 0.000000
vn 0.000000 1.000000 0.000000
vn 0.000000 1.000000 0.000000
vn 0.000000 1.000000 0.000000
vn 0.000000 1.000000 0.000000
vn 0.000000 1.000000 0.000000
vn 0.000000 1.000000 0.000000
vn 0.000000 1.000000 0.000000
vn 0.000000 1.000000 0.000000
vn 0.000000 1.000000 0.000000
vn 0.000000 1.000000 0.000000
vn 0.000000 1.000000 0.000000
vn 0.000000 1.000000 0.000000
vn 0.000000 1.000000 0.000000
vn 0.000000 1.000000 0.000000
vn 0.000000 1.000000 0.000000
vn 0.000000 1.000000 0.000000
vn 0.000000 1.000000 0.000000
vn 0.000000 1.000000 0.000000
vn 0.000000 1.000000 0.000000
vn 0.000000 1.000000 0.000000
vn 0.000000 1.000000 0.000000
vn 0.000000 1.000000 0.000000
vn 0.000000 1.000000 0.000000
vn 0.000000 1.000000 0.000000
vn 0.000000 1.000000 0.000000
vn 0.000000 1.000000 0.000000
vn 0.000000 1.000000 0.000000
vn 0.000000 1.000000 0.000000
vn 0.000000 1.000000 0.000000
vn 0.000000 1.000000 0.000000
vn 0.000000 1.000000 0.000000
vn 0.000000 1.000000 0.000000
vn 0.000000 1.000000 0.000000
vn 0.000000 1.000000 0.000000
vn 0.000000 1.000000 0.000000
vn 0.000000 1.000000 0.000000
vn 0.000000 1.000000 0.000000
vn 0.000000 1.000000 0.000000
vn 0.000000 1.000000 0.000000
vn 0.000000 1.000000 0.000000
vn 0.000000 1.000000 0.000000
vn 0.000000 1.000000 0.000000
vn 0.000000 1.000000 0.000000
vn 0.000000 1.000000 0.000000
vn 0.000000 1.000000 0.000000
vn 0.000000 1.000000 0.000000
vn 0.000000 1.000000 0.000000
vn 0.000000 1.000000 0.000000
vn 0.000000 1.000000 0.000000
vn 0.000000 1.000000 0.000000
vn 0.000000 1.000000 0.000000
vn 0.000000 1.000000 0.000000
vn 0.000000 1.000000 0.000000
vn 0.000000 1.000000 0.000000
vn 0.000000 1.000000 0.000000
vn 0.000000 1.000000 0.000000
vn 0.000000 1.000000 0.000000
vn 0.000000 1.000000 0.000000
vn 0.000000 1.000000 0.000000
vn 0.000000 1.000000 0.000000
vn 0.000000 1.000000 0.000000
vn 0.000000 1.000000 0.000000
vn 0.000000 1.000000 0.000000
vn 0.000000 1.000000 0.000000
vn 0.000000 1.000000 0.000000
vn 0.000000 1.000000 0.000000
vn 0.000000 1.000000 0.000000
vn 0.000000 1.000000 0.000000
vn 0.000000 1.000000 0.000000
vn 0.000000 1.000000 0.000000
vn 0.000000 1.000000 0.000000
vn 0.000000 1.000000 0.000000
vn 0.000000 1.000000 0.000000
vn 0.000000 1.000000 0.000000
vn 0.000000 1.000000 0.000000
vn 0.000000 1.000000 0.000000
vn 0.000000 1.000000 0.000000
vn 0.000000 1.000000 0.000000
vn 0.000000 1.000000 0.000000
vn 0.000000 1.000000 0.000000
vn 0.000000 1.000000 0.000000
vn 0.000000 1.000000 0.000000
vn 0.000000 1.000000 0.000000
vn 0.000000 1.000000 0.000000
vn 0.000000 1.000000 0.000000
vn 0.000000 1.000000 0.000000
vn 0.000000 1.000000 0.000000
vn 0.000000 1.000000 0.000000
vn 0.000000 1.000000 0.000000
vn 0.000000 1.000000 0.000000
vn 0.000000 1.000000 0.000000
vn 0.000000 1.000000 0.000000
vn 0.000000 1.000000 0.000000
vn 0.000000 1.000000 0.000000
vn 0.000000 1.000000 0.000000
vn 0.000000 1.000000 0.000000
vn 0.000000 1.000000 0.000000
vn 0.000000 1.000000 0.000000
vn 0.000000 1.000000 0.000000
vn 0.000000 1.000000 0.000000
vn 0.000000 1.000000 0.000000
vn 0.000000 1.000000 0.000000
vn 0.000000 1.000000 0.000000
vn 0.000000 1.000000 0.000000
vn 0.000000 1.000000 0.000000
vn 0.000000 1.000000 0.000000
vn 0.000000 1.000000 0.000000
vn 0.000000 1.000000 0.000000
vn 0.000000 1.000000 0.000000
vn 0.000000 1.000000 0.000000
vn 0.000000 1.000000 0.000000
vn 0.000000 1.000000 0.000000
vn 0.000000 1.000000 0.000000
vn 0.000000 1.000000 0.000000
vn 0.000000 1.000000 0.000000
vn 0.000000 1.000000 0.000000
vn 0.000000 1.000000 0.000000
vn 0.000000 1.000000 0.000000
vn 0.000000 1.000000 0.000000
vn 0.000000 1.000000 0.000000
vn 0.000000 1.000000 0.000000
vn 0.000000 1.000000 0.000000
vn 0.000000 1.000000 0.000000
vn 0.000000 1.000000 0.000000
vn 0.000000 1.000000 0.000000
vn 0.000000 1.000000 0.000000
vn 0.000000 1.000000 0.000000
vn 0.000000 1.000000 0.000000
vn 0.000000 1.000000 0.000000
vn 0.000000 1.000000 0.000000
vn 0.000000 1.000000 0.000000
vn 0.000000 1.000000 0.000000
vn 0.000000 1.000000 0.000000
vn 0.000000 1.000000 0.000000
vn 0.000000 1.000000 0.000000
vn 0.000000 1.000000 0.000000
vn 0.000000 1.000000 0.000000
vn 0.000000 1.000000 0.000000
vn 0.000000 1.000000 0.000000
vn 0.000000 1.000000 0.000000
vn 0.000000 1.000000 0.000000
vn 0.000000 1.000000 0.000000
vn 0.000000 1.000000 0.000000
vn 0.000000 1.000000 0.000000
vn 0.000000 1.000000 0.000000
vn 0.000000 1.000000 0.000000
vn 0.000000 1.000000 0.000000
vn 0.000000 1.000000 0.000000
vn 0.000000 1.000000 0.000000
vn 0.000000 1.000000 0.000000
vn 0.000000 1.000000 0.000000
vn 0.000000 1.000000 0.000000
vn 0.000000 1.000000 0.000000
vn 0.000000 1.000000 0.000000
vn 0.000000 1.000000 0.000000
vn 0.000000 1.000000 0.000000
vn 0.000000 1.000000 0.000000
vn 0.000000 1.000000 0.000000
vn 0.000000 1.000000 0.000000
vn 0.000000 1.000000 0.000000
vn 0.000000 1.000000 0.000000
vn 0.000000 1.000000 0.000000
vn 0.000000 1.000000 0.000000
vn 0.000000 1.000000 0.000000
vn 0.000000 1.000000 0.000000
vn 0.000000 1.000000 0.000000
vn 0.000000 1.000000 0.000000
vn 0.000000 1.000000 0.000000
vn 0.000000 1.000000 0.000000
vn 0.000000 1.000000 0.000000
vn 0.000000 1.000000 0.000000
vn 0.000000 1.000000 0.000000
vn 0.000000 1.000000 0.000000
vn 0.000000 1.000000 0.000000
vn 0.000000 1.000000 0.000000
vn 0.000000 1.000000 0.000000
vn 0.000000 1.000000 0.000000
vn 0.000000 1.000000 0.000000
vn 0.000000 1.000000 0.000000
vn 0.000000 1.000000 0.000000
vn 0.000000 1.000000 0.000000
vn 0.000000 1.000000 0.000000
vn 0.000000 1.000000 0.000000
vn 0.000000 1.000000 0.000000
vn 0.000000 1.000000 0.000000
vn 0.000000 1.000000 0.000000
vn 0.000000 1.000000 0.000000
vn 0.000000 1.000000 0.000000
vn 0.000000 1.000000 0.000000
vn 0.000000 1.000000 0.000000
vn 0.000000 1.000000 0.000000
vn 0.000000 1.000000 0.000000
vn 0.000000 1.000000 0.000000
vn 0.000000 1.000000 0.000000
vn 0.000000 1.000000 0.000000
vn 0.000000 1.000000 0.000000
vn 0.000000 1.000000 0.000000
vn 0.000000 1.000000 0.000000
vn 0.000000 1.000000 0.000000
vn 0.000000 1.000000 0.000000
vn 0.000000 1.000000 0.000000
vn 0.000000 1.000000 0.000000
vn 0.000000 1.000000 0.000000
vn 0.000000 1.000000 0.000000
vn 0.000000 1.000000 0.000000
vn 0.000000 1.000000 0.000000
vn 0.000000 1.000000 0.000000
vn 0.000000 1.000000 0.000000
vn 0.000000 1.000000 0.000000
vn 0.000000 1.000000 0.000000
vn 0.000000 1.000000 0.000000
vn 0.000000 1.000000 0.000000
vn 0.000000 1.000000 0.000000
vn 0.000000 1.000000 0.000000
vn 0.000000 1.000000 0.000000
vn 0.000000 1.000000 0.000000
vn 0.000000 1.000000 0.000000
vn 0.000000 1.000000 0.000000
vn 0.000000 1.000000 0.000000
vn 0.000000 1.000000 0.000000
vn 0.000000 1.000000 0.000000
vn 0.000000 1.000000 0.000000
vn 0.000000 1.000000 0.000000
vn 0.000000 1.000000 0.000000
vn 0.000000 1.000000 0.000000
vn 0.000000 1.000000 0.000000
vn 0.000000 1.000000 0.000000
vn 0.000000 1.000000 0.000000
vn 0.000000 1.000000 0.000000
vn 0.000000 1.000000 0.000000
vn 0.000000 1.000000 0.000000
vn 0.000000 1.000000 0.000000
vn 0.000000 1.000000 0.000000
vn 0.000000 1.000000 0.000000
vn 0.000000 1.000000 0.000000
vn 0.000000 1.000000 0.000000
vn 0.000000 1.000000 0.000000
vn 0.000000 1.000000 0.000000
vn 0.000000 1.000000 0.000000
vn 0.000000 1.000000 0.000000
vn 0.000000 1.000000 0.000000
vn 0.000000 1.000000 0.000000
vn 0.000000 1.000000 0.000000
vn 0.000000 1.000000 0.000000
vn 0.000000 1.000000 0.000000
vn 0.000000 1.000000 0.000000
vn 0.000000 1.000000 0.000000
vn 0.000000 1.000000 0.000000
vn 0.000000 1.000000 0.000000
vn 0.000000 1.000000 0.000000
vn 0.000000 1.000000 0.000000
vn 0.000000 1.000000 0.000000
vn 0.000000 1.000000 0.000000
vn 0.000000 1.000000 0.000000
vn 0.000000 1.000000 0.000000
vn 0.000000 1.000000 0.000000
vn 0.000000 1.000000 0.000000
vn 0.000000 1.000000 0.000000
vn 0.000000 1.000000 0.000000
vn 0.000000 1.000000 0.000000
vn 0.000000 1.000000 0.000000
vn 0.000000 1.000000 0.000000
vn 0.000000 1.000000 0.000000
vn 0.000000 1.000000 0.000000
vn 0.000000 1.000000 0.000000
vn 0.000000 1.000000 0.000000
vn 0.000000 1.000000 0.000000
vn 0.000000 1.000000 0.000000
vn 0.000000 1.000000 0.000000
vn 0.000000 1.000000 0.000000
vn 0.000000 1.000000 0.000000
vn 0.000000 1.000000 0.000000
vn 0.000000 1.000000 0.000000
vn 0.000000 1.000000 0.000000
vn 0.000000 1.000000 0.000000
vn 0.000000 1.000000 0.000000
vn 0.000000 1.000000 0.000000
vn 0.000000 1.000000 0.000000
vn 0.000000 1.000000 0.000000
vn 0.000000 1.000000 0.000000
vn 0.000000 1.000000 0.000000
vn 0.000000 1.000000 0.000000
vn 0.000000 1.000000 0.000000
vn 0.000000 1.000000 0.000000
vn 0.000000 1.000000 0.000000
vn 0.000000 1.000000 0.000000
vn 0.000000 1.000000 0.000000
vn 0.000000 1.000000 0.000000
vn 0.000000 1.000000 0.000000
vn 0.000000 1.000000 0.000000
vn 0.000000 1.000000 0.000000
vn 0.000000 1.000000 0.000000
vn 0.000000 1.000000 0.000000
vn 0.000000 1.000000 0.000000
vn 0.000000 1.000000 0.000000
vn 0.000000 1.000000 0.000000
vn 0.000000 1.000000 0.000000
vn 0.000000 1.000000 0.000000
vn 0.000000 1.000000 0.000000
vn 0.000000 1.000000 0.000000
vn 0.000000 1.000000 0.000000
vn 0.000000 1.000000 0.000000
vn 0.000000 1.000000 0.000000
vn 0.000000 1.000000 0.000000
vn 0.000000 1.000000 0.000000
vn 0.000000 1.000000 0.000000
vn 0.000000 1.000000 0.000000
vn 0.000000 1.000000 0.000000
vn 0.000000 1.000000 0.000000
vn 0.000000 1.000000 0.000000
vn 0.000000 1.000000 0.000000
vn 0.000000 1.000000 0.000000
vn 0.000000 1.000000 0.000000
vn 0.000000 1.000000 0.000000
vn 0.000000 1.000000 0.000000
vn 0.000000 1.000000 0.000000
vn 0.000000 1.000000 0.000000
vn 0.000000 1.000000 0.000000
vn 0.000000 1.000000 0.000000
vn 0.000000 1.000000 0.000000
vn 0.000000 1.000000 0.000000
vn 0.000000 1.000000 0.000000
vn 0.000000 1.000000 0.000000
vn 0.000000 1.000000 0.000000
vn 0.000000 1.000000 0.000000
vn 0.000000 1.000000 0.000000
vn 0.000000 1.000000 0.000000
vn 0.000000 1.000000 0.000000
vn 0.000000 1.000000 0.000000
vn 0.000000 1.000000 0.000000
vn 0.000000 1.000000 0.000000
vn 0.000000 1.000000 0.000000
vn 0.000000 1.000000 0.000000
vn 0.000000 1.000000 0.000000
vn 0.000000 1.000000 0.000000
vn 0.000000 1.000000 0.000000
vn 0.000000 1.000000 0.000000
vn 0.000000 1.000000 0.000000
vn 0.000000 1.000000 0.000000
vn 0.000000 1.000000 0.000000
vn 0.000000 1.000000 0.000000
vn 0.000000 1.000000 0.000000
vn 0.000000 1.000000 0.000000
vn 0.000000 1.000000 0.000000
vn 0.000000 1.000000 0.000000
vn 0.000000 1.000000 0.000000
vn 0.000000 1.000000 0.000000
vn 0.000000 1.000000 0.000000
vn 0.000000 1.000000 0.000000
vn 0.000000 1.000000 0.000000
vn 0.000000 1.000000 0.000000
vn 0.000000 1.000000 0.000000
vn 0.000000 1.000000 0.000000
vn 0.000000 1.000000 0.000000
vn 0.000000 1.000000 0.000000
vn 0.000000 1.000000 0.000000
vn 0.000000 1.000000 0.000000
vn 0.000000 1.000000 0.000000
vn 0.000000 1.000000 0.000000
vn 0.000000 1.000000 0.000000
vn 0.000000 1.000000 0.000000
vn 0.000000 1.000000 0.000000
vn 0.000000 1.000000 0.000000
vn 0.000000 1.000000 0.000000
vn 0.000000 1.000000 0.000000
vn 0.000000 1.000000 0.000000
vn 0.000000 1.000000 0.000000
vn 0.000000 1.000000 0.000000
vn 0.000000 1.000000 0.000000
vn 0.000000 1.000000 0.000000
vn 0.000000 1.000000 0.000000
vn 0.000000 1.000000 0.000000
vn 0.000000 1.000000 0.000000
vn 0.000000 1.000000 0.000000
vn 0.000000 1.000000 0.000000
vn 0.000000 1.000000 0.000000
vn 0.000000 1.000000 0.000000
vn 0.000000 1.000000 0.000000
vn 0.000000 1.000000 0.000000
vn 0.000000 1.000000 0.000000
vn 0.000000 1.000000 0.000000
vn 0.000000 1.000000 0.000000
vn 0.000000 1.000000 0.000000
vn 0.000000 1.000000 0.000000
vn 0.000000 1.000000 0.000000
vn 0.000000 1.000000 0.000000
vn 0.000000 1.000000 0.000000
vn 0.000000 1.000000 0.000000
vn 0.000000 1.000000 0.000000
vn 0.000000 1.000000 0.000000
vn 0.000000 1.000000 0.000000
vn 0.000000 1.000000 0.000000
vn 0.000000 1.000000 0.000000
vn 0.000000 1.000000 0.000000
vn 0.000000 1.000000 0.000000
vn 0.000000 1.000000 0.000000
vn 0.000000 1.000000 0.000000
vn 0.000000 1.000000 0.000000
vn 0.000000 1.000000 0.000000
vn 0.000000 1.000000 0.000000
vn 0.000000 1.000000 0.000000
vn 0.000000 1.000000 0.000000
vn 0.000000 1.000000 0.000000
vn 0.000000 1.000000 0.000000
vn 0.000000 1.000000 0.000000
vn 0.000000 1.000000 0.000000
vn 0.000000 1.000000 0.000000
vn 0.000000 1.000000 0.000000
vn 0.000000 1.000000 0.000000
vn 0.000000 1.000000 0.000000
vn 0.000000 1.000000 0.000000
vn 0.000000 1.000000 0.000000
vn 0.000000 1.000000 0.000000
vn 0.000000 1.000000 0.000000
vn 0.000000 1.000000 0.000000
vn 0.000000 1.000000 0.000000
vn 0.000000 1.000000 0.000000
vn 0.000000 1.000000 0.000000
vn 0.000000 1.000000 0.000000
vn 0.000000 1.000000 0.000000
vn 0.000000 1.000000 0.000000
vn 0.000000 1.000000 0.000000
vn 0.000000 1.000000 0.000000
vn 0.000000 1.000000 0.000000
vn 0.000000 1.000000 0.000000
vn 0.000000 1.000000 0.000000
vn 0.000000 1.000000 0.000000
vn 0.000000 1.000000 0.000000
vn 0.000000 1.000000 0.000000
vn 0.000000 1.000000 0.000000
vn 0.000000 1.000000 0.000000
vn 0.000000 1.000000 0.000000
vn 0.000000 1.000000 0.000000
vn 0.000000 1.000000 0.000000
vn 0.000000 1.000000 0.000000
vn 0.000000 1.000000 0.000000
vn 0.000000 1.000000 0.000000
vn 0.000000 1.000000 0.000000
vn 0.000000 1.000000 0.000000
vn 0.000000 1.000000 0.000000
vn 0.000000 1.000000 0.000000
vn 0.000000 1.000000 0.000000
vn 0.000000 1.000000 0.000000
vn 0.000000 1.000000 0.000000
vn 0.000000 1.000000 0.000000
vn 0.000000 1.000000 0.000000
vn 0.000000 1.000000 0.000000
vn 0.000000 1.000000 0.000000
vn 0.000000 1.000000 0.000000
vn 0.000000 1.000000 0.000000
vn 0.000000 1.000000 0.000000
vn 0.000000 1.000000 0.000000
vn 0.000000 1.000000 0.000000
vn 0.000000 1.000000 0.000000
vn 0.000000 1.000000 0.000000
vn 0.000000 1.000000 0.000000
vn 0.000000 1.000000 0.000000
vn 0.000000 1.000000 0.000000
vn 0.000000 1.000000 0.000000
vn 0.000000 1.000000 0.000000
vn 0.000000 1.000000 0.000000
vn 0.000000 1.000000 0.000000
vn 0.000000 1.000000 0.000000
vn 0.000000 1.000000 0.000000
vn 0.000000 1.000000 0.000000
vn 0.000000 1.000000 0.000000
vn 0.000000 1.000000 0.000000
vn 0.000000 1.000000 0.000000
vn 0.000000 1.000000 0.000000
vn 0.000000 1.000000 0.000000
vn 0.000000 1.000000 0.000000
vn 0.000000 1.000000 0.000000
vn 0.000000 1.000000 0.000000
vn 0.000000 1.000000 0.000000
vn 0.000000 1.000000 0.000000
vn 0.000000 1.000000 0.000000
vn 0.000000 1.000000 0.000000
vn 0.000000 1.000000 0.000000
vn 0.000000 1.000000 0.000000
vn 0.000000 1.000000 0.000000
vn 0.000000 1.000000 0.000000
vn 0.000000 1.000000 0.000000
vn 0.000000 1.000000 0.000000
vn 0.000000 1.000000 0.000000
vn 0.000000 1.000000 0.000000
vn 0.000000 1.000000 0.000000
vn 0.000000 1.000000 0.000000
vn 0.000000 1.000000 0.000000
vn 0.000000 1.000000 0.000000
vn 0.000000 1.000000 0.000000
vn 0.000000 1.000000 0.000000
vn 0.000000 1.000000 0.000000
vn 0.000000 1.000000 0.000000
vn 0.000000 1.000000 0.000000
vn 0.000000 1.000000 0.000000
vn 0.000000 1.000000 0.000000
vn 0.000000 1.000000 0.000000
vn 0.000000 1.000000 0.000000
vn 0.000000 1.000000 0.000000
vn 0.000000 1.000000 0.000000
vn 0.000000 1.000000 0.000000
vn 0.000000 1.000000 0.000000
vn 0.000000 1.000000 0.000000
vn 0.000000 1.000000 0.000000
vn 0.000000 1.000000 0.000000
vn 0.000000 1.000000 0.000000
vn 0.000000 1.000000 0.000000
vn 0.000000 1.000000 0.000000
vn 0.000000 1.000000 0.000000
vn 0.000000 1.000000 0.000000
vn 0.000000 1.000000 0.000000
vn 0.000000 1.000000 0.000000
vn 0.000000 1.000000 0.000000
vn 0.000000 1.000000 0.000000
vn 0.000000 1.000000 0.000000
vn 0.000000 1.000000 0.000000
vn 0.000000 1.000000 0.000000
vn 0.000000 1.000000 0.000000
vn 0.000000 1.000000 0.000000
vn 0.000000 1.000000 0.000000
vn 0.000000 1.000000 0.000000
vn 0.000000 1.000000 0.000000
vn 0.000000 1.000000 0.000000
vn 0.000000 1.000000 0.000000
vn 0.000000 1.000000 0.000000
vn 0.000000 1.000000 0.000000
vn 0.000000 1.000000 0.000000
vn 0.000000 1.000000 0.000000
vn 0.000000 1.000000 0.000000
vn 0.000000 1.000000 0.000000
vn 0.000000 1.000000 0.000000
vn 0.000000 1.000000 0.000000
vn 0.000000 1.000000 0.000000
vn 0.000000 1.000000 0.000000
vn 0.000000 1.000000 0.000000
vn 0.000000 1.000000 0.000000
vn 0.000000 1.000000 0.000000
vn 0.000000 1.000000 0.000000
vn 0.000000 1.000000 0.000000
vn 0.000000 1.000000 0.000000
vn 0.000000 1.000000 0.000000
vn 0.000000 1.000000 0.000000
vn 0.000000 1.000000 0.000000
vn 0.000000 1.000000 0.000000
vn 0.000000 1.000000 0.000000
vn 0.000000 1.000000 0.000000
vn 0.000000 1.000000 0.000000
vn 0.000000 1.000000 0.000000
vn 0.000000 1.000000 0.000000
vn 0.000000 1.000000 0.000000
vn 0.000000 1.000000 0.000000
vn 0.000000 1.000000 0.000000
vn 0.000000 1.000000 0.000000
vn 0.000000 1.000000 0.000000
vn 0.000000 1.000000 0.000000
vn 0.000000 1.000000 0.000000
vn 0.000000 1.000000 0.000000
vn 0.000000 1.000000 0.000000
vn 0.000000 1.000000 0.000000
vn 0.000000 1.000000 0.000000
vn 0.000000 1.000000 0.000000
vn 0.000000 1.000000 0.000000
vn 0.000000 1.000000 0.000000
vn 0.000000 1.000000 0.000000
vn 0.000000 1.000000 0.000000
vn 0.000000 1.000000 0.000000
vn 0.000000 1.000000 0.000000
vn 0.000000 1.000000 0.000000
vn 0.000000 1.000000 0.000000
vn 0.000000 1.000000 0.000000
vn 0.000000 1.000000 0.000000
vn 0.000000 1.000000 0.000000
vn 0.000000 1.000000 0.000000
vn 0.000000 1.000000 0.000000
vn 0.000000 1.000000 0.000000
vn 0.000000 1.000000 0.000000
vn 0.000000 1.000000 0.000000
vn 0.000000 1.000000 0.000000
vn 0.000000 1.000000 0.000000
vn 0.000000 1.000000 0.000000
vn 0.000000 1.000000 0.000000
vn 0.000000 1.000000 0.000000
vn 0.000000 1.000000 0.000000
vn 0.000000 1.000000 0.000000
vn 0.000000 1.000000 0.000000
vn 0.000000 1.000000 0.000000
vn 0.000000 1.000000 0.000000
vn 0.000000 1.000000 0.000000
vn 0.000000 1.000000 0.000000
vn 0.000000 1.000000 0.000000
vn 0.000000 1.000000 0.000000
vn 0.000000 1.000000 0.000000
vn 0.000000 1.000000 0.000000
vn 0.000000 1.000000 0.000000
vn 0.000000 1.000000 0.000000
vn 0.000000 1.000000 0.000000
vn 0.000000 1.000000 0.000000
vn 0.000000 1.000000 0.000000
vn 0.000000 1.000000 0.000000
vn 0.000000 1.000000 0.000000
vn 0.000000 1.000000 0.000000
vn 0.000000 1.000000 0.000000
vn 0.000000 1.000000 0.000000
vn 0.000000 1.000000 0.000000
vn 0.000000 1.000000 0.000000
vn 0.000000 1.000000 0.000000
vn 0.000000 1.000000 0.000000
vn 0.000000 1.000000 0.000000
vn 0.000000 1.000000 0.000000
vn 0.000000 1.000000 0.000000
vn 0.000000 1.000000 0.000000
vn 0.000000 1.000000 0.000000
vn 0.000000 1.000000 0.000000
vn 0.000000 1.000000 0.000000
vn 0.000000 1.000000 0.000000
vn 0.000000 1.000000 0.000000
vn 0.000000 1.000000 0.000000
vn 0.000000 1.000000 0.000000
vn 0.000000 1.000000 0.000000
vn 0.000000 1.000000 0.000000
vn 0.000000 1.000000 0.000000
vn 0.000000 1.000000 0.000000
vn 0.000000 1.000000 0.000000
vn 0.000000 1.000000 0.000000
vn 0.000000 1.000000 0.000000
vn 0.000000 1.000000 0.000000
vn 0.000000 1.000000 0.000000
vn 0.000000 1.000000 0.000000
vn 0.000000 1.000000 0.000000
vn 0.000000 1.000000 0.000000
vn 0.000000 1.000000 0.000000
vn 0.000000 1.000000 0.000000
vn 0.000000 1.000000 0.000000
vn 0.000000 1.000000 0.000000
vn 0.000000 1.000000 0.000000
vn 0.000000 1.000000 0.000000
vn 0.000000 1.000000 0.000000
vn 0.000000 1.000000 0.000000
vn 0.000000 1.000000 0.000000
vn 0.000000 1.000000 0.000000
vn 0.000000 1.000000 0.000000
vn 0.000000 1.000000 0.000000
vn 0.000000 1.000000 0.000000
vn 0.000000 1.000000 0.000000
vn 0.000000 1.000000 0.000000
vn 0.000000 1.000000 0.000000
vn 0.000000 1.000000 0.000000
vn 0.000000 1.000000 0.000000
vn 0.000000 1.000000 0.000000
vn 0.000000 1.000000 0.000000
vn 0.000000 1.000000 0.000000
vn 0.000000 1.000000 0.000000
vn 0.000000 1.000000 0.000000
vn 0.000000 1.000000 0.000000
vn 0.000000 1.000000 0.000000
vn 0.000000 1.000000 0.000000
vn 0.000000 1.000000 0.000000
vn 0.000000 1.000000 0.000000
vn 0.000000 1.000000 0.000000
vn 0.000000 1.000000 0.000000
vn 0.000000 1.000000 0.000000
vn 0.000000 1.000000 0.000000
vn 0.000000 1.000000 0.000000
vn 0.000000 1.000000 0.000000
vn 0.000000 1.000000 0.000000
vn 0.000000 1.000000 0.000000
vn 0.000000 1.000000 0.000000
vn 0.000000 1.000000 0.000000
vn 0.000000 1.000000 0.000000
vn 0.000000 1.000000 0.000000
vn 0.000000 1.000000 0.000000
vn 0.000000 1.000000 0.000000
vn 0.000000 1.000000 0.000000
vn 0.000000 1.000000 0.000000
vn 0.000000 1.000000 0.000000
vn 0.000000 1.000000 0.000000
vn 0.000000 1.000000 0.000000
vn 0.000000 1.000000 0.000000
vn 0.000000 1.000000 0.000000
vn 0.000000 1.000000 0.000000
vn 0.000000 1.000000 0.000000
vn 0.000000 1.000000 0.000000
vn 0.000000 1.000000 0.000000
vn 0.000000 1.000000 0.000000
vn 0.000000 1.000000 0.000000
vn 0.000000 1.000000 0.000000
vn 0.000000 1.000000 0.000000
vn 0.000000 1.000000 0.000000
vn 0.000000 1.000000 0.000000
vn 0.000000 1.000000 0.000000
vn 0.000000 1.000000 0.000000
vn 0.000000 1.000000 0.000000
vn 0.000000 1.000000 0.000000
vn 0.000000 1.000000 0.000000
vn 0.000000 1.000000 0.000000
vn 0.000000 1.000000 0.000000
vn 0.000000 1.000000 0.000000
vn 0.000000 1.000000 0.000000
vn 0.000000 1.000000 0.000000
vn 0.000000 1.000000 0.000000
vn 0.000000 1.000000 0.000000
vn 0.000000 1.000000 0.000000
vn 0.000000 1.000000 0.000000
vn 0.000000 1.000000 0.000000
vn 0.000000 1.000000 0.000000
vn 0.000000 1.000000 0.000000
vn 0.000000 1.000000 0.000000
vn 0.000000 1.000000 0.000000
vn 0.000000 1.000000 0.000000
vn 0.000000 1.000000 0.000000
vn 0.000000 1.000000 0.000000
vn 0.000000 1.000000 0.000000
vn 0.000000 1.000000 0.000000
vn 0.000000 1.000000 0.000000
vn 0.000000 1.000000 0.000000
vn 0.000000 1.000000 0.000000
vn 0.000000 1.000000 0.000000
vn 0.000000 1.000000 0.000000
vn 0.000000 1.000000 0.000000
vn 0.000000 1.000000 0.000000
vn 0.000000 1.000000 0.000000
vn 0.000000 1.000000 0.000000
vn 0.000000 1.000000 0.000000
vn 0.000000 1.000000 0.000000
vn 0.000000 1.000000 0.000000
vn 0.000000 1.000000 0.000000
vn 0.000000 1.000000 0.000000
vn 0.000000 1.000000 0.000000
vn 0.000000 1.000000 0.000000
vn 0.000000 1.000000 0.000000
vn 0.000000 1.000000 0.000000
vn 0.000000 1.000000 0.000000
vn 0.000000 1.000000 0.000000
vn 0.000000 1.000000 0.000000
vn 0.000000 1.000000 0.000000
vn 0.000000 1.000000 0.000000
vn 0.000000 1.000000 0.000000
vn 0.000000 1.000000 0.000000
vn 0.000000 1.000000 0.000000
vn 0.000000 1.000000 0.000000
vn 0.000000 1.000000 0.000000
vn 0.000000 1.000000 0.000000
vn 0.000000 1.000000 0.000000
vn 0.000000 1.000000 0.000000
vn 0.000000 1.000000 0.000000
vn 0.000000 1.000000 0.000000
vn 0.000000 1.000000 0.000000
vn 0.000000 1.000000 0.000000
vn 0.000000 1.000000 0.000000
vn 0.000000 1.000000 0.000000
vn 0.000000 1.000000 0.000000
vn 0.000000 1.000000 0.000000
vn 0.000000 1.000000 0.000000
vn 0.000000 1.000000 0.000000
vn 0.000000 1.000000 0.000000
vn 0.000000 1.000000 0.000000
vn 0.000000 1.000000 0.000000
vn 0.000000 1.000000 0.000000
vn 0.000000 1.000000 0.000000
vn 0.000000 1.000000 0.000000
vn 0.000000 1.000000 0.000000
vn 0.000000 1.000000 0.000000
vn 0.000000 1.000000 0.000000
vn 0.000000 1.000000 0.000000
vn 0.000000 1.000000 0.000000
vn 0.000000 1.000000 0.000000
vn 0.000000 1.000000 0.000000
vn 0.000000 1.000000 0.000000
vn 0.000000 1.000000 0.000000
vn 0.000000 1.000000 0.000000
vn 0.000000 1.000000 0.000000
vn 0.000000 1.000000 0.000000
vn 0.000000 1.000000 0.000000
vn 0.000000 1.000000 0.000000
vn 0.000000 1.000000 0.000000
vn 0.000000 1.000000 0.000000
vn 0.000000 1.000000 0.000000
vn 0.000000 1.000000 0.000000
vn 0.000000 1.000000 0.000000
vn 0.000000 1.000000 0.000000
vn 0.000000 1.000000 0.000000
vn 0.000000 1.000000 0.000000
vn 0.000000 1.000000 0.000000
vn 0.000000 1.000000 0.000000
vn 0.000000 1.000000 0.000000
vn 0.000000 1.000000 0.000000
vn 0.000000 1.000000 0.000000
vn 0.000000 1.000000 0.000000
vn 0.000000 1.000000 0.000000
vn 0.000000 1.000000 0.000000
vn 0.000000 1.000000 0.000000
vn 0.000000 1.000000 0.000000
vn 0.000000 1.000000 0.000000
vn 0.000000 1.000000 0.000000
vn 0.000000 1.000000 0.000000
vn 0.000000 1.000000 0.000000
vn 0.000000 1.000000 0.000000
vn 0.000000 1.000000 0.000000
vn 0.000000 1.000000 0.000000
vn 0.000000 1.000000 0.000000
vn 0.000000 1.000000 0.000000
vn 0.000000 1.000000 0.000000
vn 0.000000 1.000000 0.000000
vn 0.000000 1.000000 0.000000
vn 0.000000 1.000000 0.000000
vn 0.000000 1.000000 0.000000
vn 0.000000 1.000000 0.000000
vn 0.000000 1.000000 0.000000
vn 0.000000 1.000000 0.000000
vn 0.000000 1.000000 0.000000
vn 0.000000 1.000000 0.000000
vn 0.000000 1.000000 0.000000
vn 0.000000 1.000000 0.000000
vn 0.000000 1.000000 0.000000
vn 0.000000 1.000000 0.000000
vn 0.000000 1.000000 0.000000
vn 0.000000 1.000000 0.000000
vn 0.000000 1.000000 0.000000
vn 0.000000 1.000000 0.000000
vn 0.000000 1.000000 0.000000
vn 0.000000 1.000000 0.000000
vn 0.000000 1.000000 0.000000
vn 0.000000 1.000000 0.000000
vn 0.000000 1.000000 0.000000
vn 0.000000 1.000000 0.000000
vn 0.000000 1.000000 0.000000
vn 0.000000 1.000000 0.000000
vn 0.000000 1.000000 0.000000
vn 0.000000 1.000000 0.000000
vn 0.000000 1.000000 0.000000
vn 0.000000 1.000000 0.000000
vn 0.000000 1.000000 0.000000
vn 0.000000 1.000000 0.000000
vn 0.000000 1.000000 0.000000
vn 0.000000 1.000000 0.000000
vn 0.000000 1.000000 0.000000
vn 0.000000 1.000000 0.000000
vn 0.000000 1.000000 0.000000
vn 0.000000 1.000000 0.000000
vn 0.000000 1.000000 0.000000
vn 0.000000 1.000000 0.000000
vn 0.000000 1.000000 0.000000
vn 0.000000 1.000000 0.000000
vn 0.000000 1.000000 0.000000
vn 0.000000 1.000000 0.000000
vn 0.000000 1.000000 0.000000
vn 0.000000 1.000000 0.000000
vn 0.000000 1.000000 0.000000
vn 0.000000 1.000000 0.000000
vn 0.000000 1.000000 0.000000
vn 0.000000 1.000000 0.000000
vn 0.000000 1.000000 0.000000
vn 0.000000 1.000000 0.000000
vn 0.000000 1.000000 0.000000
vn 0.000000 1.000000 0.000000
vn 0.000000 1.000000 0.000000
vn 0.000000 1.000000 0.000000
vn 0.000000 1.000000 0.000000
vn 0.000000 1.000000 0.000000
vn 0.000000 1.000000 0.000000
vn 0.000000 1.000000 0.000000
vn 0.000000 1.000000 0.000000
vn 0.000000 1.000000 0.000000
vn 0.000000 1.000000 0.000000
vn 0.000000 1.000000 0.000000
vn 0.000000 1.000000 0.000000
vn 0.000000 1.000000 0.000000
vn 0.000000 1.000000 0.000000
vn 0.000000 1.000000 0.000000
vn 0.000000 1.000000 0.000000
vn 0.000000 1.000000 0.000000
vn 0.000000 1.000000 0.000000
vn 0.000000 1.000000 0.000000
vn 0.000000 1.000000 0.000000
vn 0.000000 1.000000 0.000000
vn 0.000000 1.000000 0.000000
vn 0.000000 1.000000 0.000000
vn 0.000000 1.000000 0.000000
vn 0.000000 1.000000 0.000000
vn 0.000000 1.000000 0.000000
vn 0.000000 1.000000 0.000000
vn 0.000000 1.000000 0.000000
vn 0.000000 1.000000 0.000000
vn 0.000000 1.000000 0.000000
vn 0.000000 1.000000 0.000000
vn 0.000000 1.000000 0.000000
vn 0.000000 1.000000 0.000000
vn 0.000000 1.000000 0.000000
vn 0.000000 1.000000 0.000000
vn 0.000000 1.000000 0.000000
vn 0.000000 1.000000 0.000000
vn 0.000000 1.000000 0.000000
vn 0.000000 1.000000 0.000000
vn 0.000000 1.000000 0.000000
vn 0.000000 1.000000 0.000000
vn 0.000000 1.000000 0.000000
vn 0.000000 1.000000 0.000000
vn 0.000000 1.000000 0.000000
vn 0.000000 1.000000 0.000000
vn 0.000000 1.000000 0.000000
vn 0.000000 1.000000 0.000000
vn 0.000000 1.000000 0.000000
vn 0.000000 1.000000 0.000000
vn 0.000000 1.000000 0.000000
vn 0.000000 1.000000 0.000000
vn 0.000000 1.000000 0.000000
vn 0.000000 1.000000 0.000000
vn 0.000000 1.000000 0.000000
vn 0.000000 1.000000 0.000000
vn 0.000000 1.000000 0.000000
vn 0.000000 1.000000 0.000000
vn 0.000000 1.000000 0.000000
vn 0.000000 1.000000 0.000000
vn 0.000000 1.000000 0.000000
vn 0.000000 1.000000 0.000000
vn 0.000000 1.000000 0.000000
vn 0.000000 1.000000 0.000000
vn 0.000000 1.000000 0.000000
vn 0.000000 1.000000 0.000000
vn 0.000000 1.000000 0.000000
vn 0.000000 1.000000 0.000000
vn 0.000000 1.000000 0.000000
vn 0.000000 1.000000 0.000000
vn 0.000000 1.000000 0.000000
vn 0.000000 1.000000 0.000000
vn 0.000000 1.000000 0.000000
vn 0.000000 1.000000 0.000000
vn 0.000000 1.000000 0.000000
vn 0.000000 1.000000 0.000000
vn 0.000000 1.000000 0.000000
vn 0.000000 1.000000 0.000000
vn 0.000000 1.000000 0.000000
vn 0.000000 1.000000 0.000000
vn 0.000000 1.000000 0.000000
vn 0.000000 1.000000 0.000000
vn 0.000000 1.000000 0.000000
vn 0.000000 1.000000 0.000000
vn 0.000000 1.000000 0.000000
vn 0.000000 1.000000 0.000000
vn 0.000000 1.000000 0.000000
vn 0.000000 1.000000 0.000000
vn 0.000000 1.000000 0.000000
vn 0.000000 1.000000 0.000000
vn 0.000000 1.000000 0.000000
vn 0.000000 1.000000 0.000000
vn 0.000000 1.000000 0.000000
vn 0.000000 1.000000 0.000000
vn 0.000000 1.000000 0.000000
vn 0.000000 1.000000 0.000000
vn 0.000000 1.000000 0.000000
vn 0.000000 1.000000 0.000000
vn 0.000000 1.000000 0.000000
vn 0.000000 1.000000 0.000000
vn 0.000000 1.000000 0.000000
vn 0.000000 1.000000 0.000000
vn 0.000000 1.000000 0.000000
vn 0.000000 1.000000 0.000000
vn 0.000000 1.000000 0.000000
vn 0.000000 1.000000 0.000000
vn 0.000000 1.000000 0.000000
vn 0.000000 1.000000 0.000000
vn 0.000000 1.000000 0.000000
vn 0.000000 1.000000 0.000000
vn 0.000000 1.000000 0.000000
vn 0.000000 1.000000 0.000000
vn 0.000000 1.000000 0.000000
vn 0.000000 1.000000 0.000000
vn 0.000000 1.000000 0.000000
vn 0.000000 1.000000 0.000000
vn 0.000000 1.000000 0.000000
vn 0.000000 1.000000 0.000000
vn 0.000000 1.000000 0.000000
vn 0.000000 1.000000 0.000000
vn 0.000000 1.000000 0.000000
vn 0.000000 1.000000 0.000000
vn 0.000000 1.000000 0.000000
vn 0.000000 1.000000 0.000000
vn 0.000000 1.000000 0.000000
vn 0.000000 1.000000 0.000000
vn 0.000000 1.000000 0.000000
vn 0.000000 1.000000 0.000000
vn 0.000000 1.000000 0.000000
vn 0.000000 1.000000 0.000000
vn 0.000000 1.000000 0.000000
vn 0.000000 1.000000 0.000000
vn 0.000000 1.000000 0.000000
vn 0.000000 1.000000 0.000000
vn 0.000000 1.000000 0.000000
vn 0.000000 1.000000 0.000000
vn 0.000000 1.000000 0.000000
vn 0.000000 1.000000 0.000000
vn 0.000000 1.000000 0.000000
vn 0.000000 1.000000 0.000000
vn 0.000000 1.000000 0.000000
vn 0.000000 1.000000 0.000000
vn 0.000000 1.000000 0.000000
vn 0.000000 1.000000 0.000000
vn 0.000000 1.000000 0.000000
vn 0.000000 1.000000 0.000000
vn 0.000000 1.000000 0.000000
vn 0.000000 1.000000 0.000000
vn 0.000000 1.000000 0.000000
vn 0.000000 1.000000 0.000000
vn 0.000000 1.000000 0.000000
vn 0.000000 1.000000 0.000000
vn 0.000000 1.000000 0.000000
vn 0.000000 1.000000 0.000000
vn 0.000000 1.000000 0.000000
vn 0.000000 1.000000 0.000000
vn 0.000000 1.000000 0.000000
vn 0.000000 1.000000 0.000000
vn 0.000000 1.000000 0.000000
vn 0.000000 1.000000 0.000000
vn 0.000000 1.000000 0.000000
vn 0.000000 1.000000 0.000000
vn 0.000000 1.000000 0.000000
vn 0.000000 1.000000 0.000000
vn 0.000000 1.000000 0.000000
vn 0.000000 1.000000 0.000000
vn 0.000000 1.000000 0.000000
vn 0.000000 1.000000 0.000000
vn 0.000000 1.000000 0.000000
vn 0.000000 1.000000 0.000000
vn 0.000000 1.000000 0.000000
vn 0.000000 1.000000 0.000000
vn 0.000000 1.000000 0.000000
vn 0.000000 1.000000 0.000000
vn 0.000000 1.000000 0.000000
vn 0.000000 1.000000 0.000000
vn 0.000000 1.000000 0.000000
vn 0.000000 1.000000 0.000000
vn 0.000000 1.000000 0.000000
vn 0.000000 1.000000 0.000000
vn 0.000000 1.000000 0.000000
vn 0.000000 1.000000 0.000000
vn 0.000000 1.000000 0.000000
vn 0.000000 1.000000 0.000000
vn 0.000000 1.000000 0.000000
vn 0.000000 1.000000 0.000000
vn 0.000000 1.000000 0.000000
vn 0.000000 1.000000 0.000000
vn 0.000000 1.000000 0.000000
vn 0.000000 1.000000 0.000000
vn 0.000000 1.000000 0.000000
vn 0.000000 1.000000 0.000000
vn 0.000000 1.000000 0.000000
vn 0.000000 1.000000 0.000000
vn 0.000000 1.000000 0.000000
vn 0.000000 1.000000 0.000000
vn 0.000000 1.000000 0.000000
vn 0.000000 1.000000 0.000000
vn 0.000000 1.000000 0.000000
vn 0.000000 1.000000 0.000000
vn 0.000000 1.000000 0.000000
vn 0.000000 1.000000 0.000000
vn 0.000000 1.000000 0.000000
vn 0.000000 1.000000 0.000000
vn 0.000000 1.000000 0.000000
vn 0.000000 1.000000 0.000000
vn 0.000000 1.000000 0.000000
vn 0.000000 1.000000 0.000000
vn 0.000000 1.000000 0.000000
vn 0.000000 1.000000 0.000000
vn 0.000000 1.000000 0.000000
vn 0.000000 1.000000 0.000000
vn 0.000000 1.000000 0.000000
vn 0.000000 1.000000 0.000000
vn 0.000000 1.000000 0.000000
vn 0.000000 1.000000 0.000000
vn 0.000000 1.000000 0.000000
vn 0.000000 1.000000 0.000000
vn 0.000000 1.000000 0.000000
vn 0.000000 1.000000 0.000000
vn 0.000000 1.000000 0.000000
vn 0.000000 1.000000 0.000000
vn 0.000000 1.000000 0.000000
vn 0.000000 1.000000 0.000000
vn 0.000000 1.000000 0.000000
vn 0.000000 1.000000 0.000000
vn 0.000000 1.000000 0.000000
vn 0.000000 1.000000 0.000000
vn 0.000000 1.000000 0.000000
vn 0.000000 1.000000 0.000000
vn 0.000000 1.000000 0.000000
vn 0.000000 1.000000 0.000000
vn 0.000000 1.000000 0.000000
vn 0.000000 1.000000 0.000000
vn 0.000000 1.000000 0.000000
vn 0.000000 1.000000 0.000000
vn 0.000000 1.000000 0.000000
vn 0.000000 1.000000 0.000000
vn 0.000000 1.000000 0.000000
vn 0.000000 1.000000 0.000000
vn 0.000000 1.000000 0.000000
vn 0.000000 1.000000 0.000000
vn 0.000000 1.000000 0.000000
vn 0.000000 1.000000 0.000000
vn 0.000000 1.000000 0.000000
vn 0.000000 1.000000 0.000000
vn 0.000000 1.000000 0.000000
vn 0.000000 1.000000 0.000000
vn 0.000000 1.000000 0.000000
vn 0.000000 1.000000 0.000000
vn 0.000000 1.000000 0.000000
vn 0.000000 1.000000 0.000000
vn 0.000000 1.000000 0.000000
vn 0.000000 1.000000 0.000000
vn 0.000000 1.000000 0.000000
vn 0.000000 1.000000 0.000000
vn 0.000000 1.000000 0.000000
vn 0.000000 1.000000 0.000000
vn 0.000000 1.000000 0.000000
vn 0.000000 1.000000 0.000000
vn 0.000000 1.000000 0.000000
vn 0.000000 1.000000 0.000000
vn 0.000000 1.000000 0.000000
vn 0.000000 1.000000 0.000000
vn 0.000000 1.000000 0.000000
vn 0.000000 1.000000 0.000000
vn 0.000000 1.000000 0.000000
vn 0.000000 1.000000 0.000000
vn 0.000000 1.000000 0.000000
vn 0.000000 1.000000 0.000000
vn 0.000000 1.000000 0.000000
vn 0.000000 1.000000 0.000000
vn 0.000000 1.000000 0.000000
vn 0.000000 1.000000 0.000000
vn 0.000000 1.000000 0.000000
vn 0.000000 1.000000 0.000000
vn 0.000000 1.000000 0.000000
vn 0.000000 1.000000 0.000000
vn 0.000000 1.000000 0.000000
vn 0.000000 1.000000 0.000000
vn 0.000000 1.000000 0.000000
vn 0.000000 1.000000 0.000000
vn 0.000000 1.000000 0.000000
vn 0.000000 1.000000 0.000000
vn 0.000000 1.000000 0.000000
vn 0.000000 1.000000 0.000000
vn 0.000000 1.000000 0.000000
vn 0.000000 1.000000 0.000000
vn 0.000000 1.000000 0.000000
vn 0.000000 1.000000 0.000000
vn 0.000000 1.000000 0.000000
vn 0.000000 1.000000 0.000000
vn 0.000000 1.000000 0.000000
vn 0.000000 1.000000 0.000000
vn 0.000000 1.000000 0.000000
vn 0.000000 1.000000 0.000000
vn 0.000000 1.000000 0.000000
vn 0.000000 1.000000 0.000000
vn 0.000000 1.000000 0.000000
vn 0.000000 1.000000 0.000000
vn 0.000000 1.000000 0.000000
vn 0.000000 1.000000 0.000000
vn 0.000000 1.000000 0.000000
vn 0.000000 1.000000 0.000000
vn 0.000000 1.000000 0.000000
vn 0.000000 1.000000 0.000000
vn 0.000000 1.000000 0.000000
vn 0.000000 1.000000 0.000000
vn 0.000000 1.000000 0.000000
vn 0.000000 1.000000 0.000000
vn 0.000000 1.000000 0.000000
vn 0.000000 1.000000 0.000000
vn 0.000000 1.000000 0.000000
vn 0.000000 1.000000 0.000000
vn 0.000000 1.000000 0.000000
vn 0.000000 1.000000 0.000000
vn 0.000000 1.000000 0.000000
vn 0.000000 1.000000 0.000000
vn 0.000000 1.000000 0.000000
vn 0.000000 1.000000 0.000000
vn 0.000000 1.000000 0.000000
vn 0.000000 1.000000 0.000000
vn 0.000000 1.000000 0.000000
vn 0.000000 1.000000 0.000000
vn 0.000000 1.000000 0.000000
vn 0.000000 1.000000 0.000000
vn 0.000000 1.000000 0.000000
vn 0.000000 1.000000 0.000000
vn 0.000000 1.000000 0.000000
vn 0.000000 1.000000 0.000000
vn 0.000000 1.000000 0.000000
vn 0.000000 1.000000 0.000000
vn 0.000000 1.000000 0.000000
vn 0.000000 1.000000 0.000000
vn 0.000000 1.000000 0.000000
vn 0.000000 1.000000 0.000000
vn 0.000000 1.000000 0.000000
vn 0.000000 1.000000 0.000000
vn 0.000000 1.000000 0.000000
vn 0.000000 1.000000 0.000000
vn 0.000000 1.000000 0.000000
vn 0.000000 1.000000 0.000000
vn 0.000000 1.000000 0.000000
vn 0.000000 1.000000 0.000000
vn 0.000000 1.000000 0.000000
vn 0.000000 1.000000 0.000000
vn 0.000000 1.000000 0.000000
vn 0.000000 1.000000 0.000000
vn 0.000000 1.000000 0.000000
vn 0.000000 1.000000 0.000000
vn 0.000000 1.000000 0.000000
vn 0.000000 1.000000 0.000000
vn 0.000000 1.000000 0.000000
vn 0.000000 1.000000 0.000000
vn 0.000000 1.000000 0.000000
vn 0.000000 1.000000 0.000000
vn 0.000000 1.000000 0.000000
vn 0.000000 1.000000 0.000000
vn 0.000000 1.000000 0.000000
vn 0.000000 1.000000 0.000000
vn 0.000000 1.000000 0.000000
vn 0.000000 1.000000 0.000000
vn 0.000000 1.000000 0.000000
vn 0.000000 1.000000 0.000000
vn 0.000000 1.000000 0.000000
vn 0.000000 1.000000 0.000000
vn 0.000000 1.000000 0.000000
vn 0.000000 1.000000 0.000000
vn 0.000000 1.000000 0.000000
vn 0.000000 1.000000 0.000000
vn 0.000000 1.000000 0.000000
vn 0.000000 1.000000 0.000000
vn 0.000000 1.000000 0.000000
vn 0.000000 1.000000 0.000000
vn 0.000000 1.000000 0.000000
vn 0.000000 1.000000 0.000000
vn 0.000000 1.000000 0.000000
vn 0.000000 1.000000 0.000000
vn 0.000000 1.000000 0.000000
vn 0.000000 1.000000 0.000000
vn 0.000000 1.000000 0.000000
vn 0.000000 1.000000 0.000000
vn 0.000000 1.000000 0.000000
vn 0.000000 1.000000 0.000000
vn 0.000000 1.000000 0.000000
vn 0.000000 1.000000 0.000000
vn 0.000000 1.000000 0.000000
vn 0.000000 1.000000 0.000000
vn 0.000000 1.000000 0.000000
vn 0.000000 1.000000 0.000000
vn 0.000000 1.000000 0.000000
vn 0.000000 1.000000 0.000000
vn 0.000000 1.000000 0.000000
vn 0.000000 1.000000 0.000000
vn 0.000000 1.000000 0.000000
vn 0.000000 1.000000 0.000000
vn 0.000000 1.000000 0.000000
vn 0.000000 1.000000 0.000000
vn 0.000000 1.000000 0.000000
vn 0.000000 1.000000 0.000000
vn 0.000000 1.000000 0.000000
vn 0.000000 1.000000 0.000000
vn 0.000000 1.000000 0.000000
vn 0.000000 1.000000 0.000000
vn 0.000000 1.000000 0.000000
vn 0.000000 1.000000 0.000000
vn 0.000000 1.000000 0.000000
vn 0.000000 1.000000 0.000000
vn 0.000000 1.000000 0.000000
vn 0.000000 1.000000 0.000000
vn 0.000000 1.000000 0.000000
vn 0.000000 1.000000 0.000000
vn 0.000000 1.000000 0.000000
vn 0.000000 1.000000 0.000000
vn 0.000000 1.000000 0.000000
vn 0.000000 1.000000 0.000000
vn 0.000000 1.000000 0.000000
vn 0.000000 1.000000 0.000000
vn 0.000000 1.000000 0.000000
vn 0.000000 1.000000 0.000000
vn 0.000000 1.000000 0.000000
vn 0.000000 1.000000 0.000000
vn 0.000000 1.000000 0.000000
vn 0.000000 1.000000 0.000000
vn 0.000000 1.000000 0.000000
vn 0.000000 1.000000 0.000000
vn 0.000000 1.000000 0.000000
vn 0.000000 1.000000 0.000000
vn 0.000000 1.000000 0.000000
vn 0.000000 1.000000 0.000000
vn 0.000000 1.000000 0.000000
vn 0.000000 1.000000 0.000000
vn 0.000000 1.000000 0.000000
vn 0.000000 1.000000 0.000000
vn 0.000000 1.000000 0.000000
vn 0.000000 1.000000 0.000000
vn 0.000000 1.000000 0.000000
vn 0.000000 1.000000 0.000000
vn 0.000000 1.000000 0.000000
vn 0.000000 1.000000 0.000000
vn 0.000000 1.000000 0.000000
vn 0.000000 1.000000 0.000000
vn 0.000000 1.000000 0.000000
vn 0.000000 1.000000 0.000000
vn 0.000000 1.000000 0.000000
vn 0.000000 1.000000 0.000000
vn 0.000000 1.000000 0.000000
vn 0.000000 1.000000 0.000000
vn 0.000000 1.000000 0.000000
vn 0.000000 1.000000 0.000000
vn 0.000000 1.000000 0.000000
vn 0.000000 1.000000 0.000000
vn 0.000000 1.000000 0.000000
vn 0.000000 1.000000 0.000000
vn 0.000000 1.000000 0.000000
vn 0.000000 1.000000 0.000000
vn 0.000000 1.000000 0.000000
vn 0.000000 1.000000 0.000000
vn 0.000000 1.000000 0.000000
vn 0.000000 1.000000 0.000000
vn 0.000000 1.000000 0.000000
vn 0.000000 1.000000 0.000000
vn 0.000000 1.000000 0.000000
vn 0.000000 1.000000 0.000000
vn 0.000000 1.000000 0.000000
vn 0.000000 1.000000 0.000000
vn 0.000000 1.000000 0.000000
vn 0.000000 1.000000 0.000000
vn 0.000000 1.000000 0.000000
vn 0.000000 1.000000 0.000000
vn 0.000000 1.000000 0.000000
vn 0.000000 1.000000 0.000000
vn 0.000000 1.000000 0.000000
vn 0.000000 1.000000 0.000000
vn 0.000000 1.000000 0.000000
vn 0.000000 1.000000 0.000000
vn 0.000000 1.000000 0.000000
vn 0.000000 1.000000 0.000000
vn 0.000000 1.000000 0.000000
vn 0.000000 1.000000 0.000000
vn 0.000000 1.000000 0.000000
vn 0.000000 1.000000 0.000000
vn 0.000000 1.000000 0.000000
vn 0.000000 1.000000 0.000000
vn 0.000000 1.000000 0.000000
vn 0.000000 1.000000 0.000000
vn 0.000000 1.000000 0.000000
vn 0.000000 1.000000 0.000000
vn 0.000000 1.000000 0.000000
vn 0.000000 1.000000 0.000000
vn 0.000000 1.000000 0.000000
vn 0.000000 1.000000 0.000000
vn 0.000000 1.000000 0.000000
vn 0.000000 1.000000 0.000000
vn 0.000000 1.000000 0.000000
vn 0.000000 1.000000 0.000000
vn 0.000000 1.000000 0.000000
vn 0.000000 1.000000 0.000000
vn 0.000000 1.000000 0.000000
vn 0.000000 1.000000 0.000000
vn 0.000000 1.000000 0.000000
vn 0.000000 1.000000 0.000000
vn 0.000000 1.000000 0.000000
vn 0.000000 1.000000 0.000000
vn 0.000000 1.000000 0.000000
vn 0.000000 1.000000 0.000000
vn 0.000000 1.000000 0.000000
vn 0.000000 1.000000 0.000000
vn 0.000000 1.000000 0.000000
vn 0.000000 1.000000 0.000000
vn 0.000000 1.000000 0.000000
vn 0.000000 1.000000 0.000000
vn 0.000000 1.000000 0.000000
vn 0.000000 1.000000 0.000000
vn 0.000000 1.000000 0.000000
vn 0.000000 1.000000 0.000000
vn 0.000000 1.000000 0.000000
vn 0.000000 1.000000 0.000000
vn 0.000000 1.000000 0.000000
vn 0.000000 1.000000 0.000000
vn 0.000000 1.000000 0.000000
vn 0.000000 1.000000 0.000000
vn 0.000000 1.000000 0.000000
vn 0.000000 1.000000 0.000000
vn 0.000000 1.000000 0.000000
vn 0.000000 1.000000 0.000000
vn 0.000000 1.000000 0.000000
vn 0.000000 1.000000 0.000000
vn 0.000000 1.000000 0.000000
vn 0.000000 1.000000 0.000000
vn 0.000000 1.000000 0.000000
vn 0.000000 1.000000 0.000000
vn 0.000000 1.000000 0.000000
vn 0.000000 1.000000 0.000000
vn 0.000000 1.000000 0.000000
vn 0.000000 1.000000 0.000000
vn 0.000000 1.000000 0.000000
vn 0.000000 1.000000 0.000000
vn 0.000000 1.000000 0.000000
vn 0.000000 1.000000 0.000000
vn 0.000000 1.000000 0.000000
vn 0.000000 1.000000 0.000000
vn 0.000000 1.000000 0.000000
vn 0.000000 1.000000 0.000000
vn 0.000000 1.000000 0.000000
vn 0.000000 1.000000 0.000000
vn 0.000000 1.000000 0.000000
vn 0.000000 1.000000 0.000000
vn 0.000000 1.000000 0.000000
vn 0.000000 1.000000 0.000000
vn 0.000000 1.000000 0.000000
vn 0.000000 1.000000 0.000000
vn 0.000000 1.000000 0.000000
vn 0.000000 1.000000 0.000000
vn 0.000000 1.000000 0.000000
vn 0.000000 1.000000 0.000000
vn 0.000000 1.000000 0.000000
vn 0.000000 1.000000 0.000000
vn 0.000000 1.000000 0.000000
vn 0.000000 1.000000 0.000000
vn 0.000000 1.000000 0.000000
vn 0.000000 1.000000 0.000000
vn 0.000000 1.000000 0.000000
vn 0.000000 1.000000 0.000000
vn 0.000000 1.000000 0.000000
vn 0.000000 1.000000 0.000000
vn 0.000000 1.000000 0.000000
vn 0.000000 1.000000 0.000000
vn 0.000000 1.000000 0.000000
vn 0.000000 1.000000 0.000000
vn 0.000000 1.000000 0.000000
vn 0.000000 1.000000 0.000000
vn 0.000000 1.000000 0.000000
vn 0.000000 1.000000 0.000000
vn 0.000000 1.000000 0.000000
vn 0.000000 1.000000 0.000000
vn 0.000000 1.000000 0.000000
vn 0.000000 1.000000 0.000000
vn 0.000000 1.000000 0.000000
vn 0.000000 1.000000 0.000000
vn 0.000000 1.000000 0.000000
vn 0.000000 1.000000 0.000000
vn 0.000000 1.000000 0.000000
vn 0.000000 1.000000 0.000000
vn 0.000000 1.000000 0.000000
vn 0.000000 1.000000 0.000000
vn 0.000000 1.000000 0.000000
vn 0.000000 1.000000 0.000000
vn 0.000000 1.000000 0.000000
vn 0.000000 1.000000 0.000000
vn 0.000000 1.000000 0.000000
vn 0.000000 1.000000 0.000000
vn 0.000000 1.000000 0.000000
vn 0.000000 1.000000 0.000000
vn 0.000000 1.000000 0.000000
vn 0.000000 1.000000 0.000000
vn 0.000000 1.000000 0.000000
vn 0.000000 1.000000 0.000000
vn 0.000000 1.000000 0.000000
vn 0.000000 1.000000 0.000000
vn 0.000000 1.000000 0.000000
vn 0.000000 1.000000 0.000000
vn 0.000000 1.000000 0.000000
vn 0.000000 1.000000 0.000000
vn 0.000000 1.000000 0.000000
vn 0.000000 1.000000 0.000000
vn 0.000000 1.000000 0.000000
vn 0.000000 1.000000 0.000000
vn 0.000000 1.000000 0.000000
vn 0.000000 1.000000 0.000000
vn 0.000000 1.000000 0.000000
vn 0.000000 1.000000 0.000000
vn 0.000000 1.000000 0.000000
vn 0.000000 1.000000 0.000000
vn 0.000000 1.000000 0.000000
vn 0.000000 1.000000 0.000000
vn 0.000000 1.000000 0.000000
vn 0.000000 1.000000 0.000000
vn 0.000000 1.000000 0.000000
vn 0.000000 1.000000 0.000000
vn 0.000000 1.000000 0.000000
vn 0.000000 1.000000 0.000000
vn 0.000000 1.000000 0.000000
vn 0.000000 1.000000 0.000000
vn 0.000000 1.000000 0.000000
vn 0.000000 1.000000 0.000000
vn 0.000000 1.000000 0.000000
vn 0.000000 1.000000 0.000000
vn 0.000000 1.000000 0.000000
vn 0.000000 1.000000 0.000000
vn 0.000000 1.000000 0.000000
vn 0.000000 1.000000 0.000000
vn 0.000000 1.000000 0.000000
vn 0.000000 1.000000 0.000000
vn 0.000000 1.000000 0.000000
vn 0.000000 1.000000 0.000000
vn 0.000000 1.000000 0.000000
vn 0.000000 1.000000 0.000000
vn 0.000000 1.000000 0.000000
vn 0.000000 1.000000 0.000000
vn 0.000000 1.000000 0.000000
vn 0.000000 1.000000 0.000000
vn 0.000000 1.000000 0.000000
vn 0.000000 1.000000 0.000000
vn 0.000000 1.000000 0.000000
vn 0.000000 1.000000 0.000000
vn 0.000000 1.000000 0.000000
vn 0.000000 1.000000 0.000000
vn 0.000000 1.000000 0.000000
vn 0.000000 1.000000 0.000000
vn 0.000000 1.000000 0.000000
vn 0.000000 1.000000 0.000000
vn 0.000000 1.000000 0.000000
vn 0.000000 1.000000 0.000000
vn 0.000000 1.000000 0.000000
vn 0.000000 1.000000 0.000000
vn 0.000000 1.000000 0.000000
vn 0.000000 1.000000 0.000000
vn 0.000000 1.000000 0.000000
vn 0.000000 1.000000 0.000000
vn 0.000000 1.000000 0.000000
vn 0.000000 1.000000 0.000000
vn 0.000000 1.000000 0.000000
vn 0.000000 1.000000 0.000000
vn 0.000000 1.000000 0.000000
vn 0.000000 1.000000 0.000000
vn 0.000000 1.000000 0.000000
vn 0.000000 1.000000 0.000000
vn 0.000000 1.000000 0.000000
vn 0.000000 1.000000 0.000000
vn 0.000000 1.000000 0.000000
vn 0.000000 1.000000 0.000000
vn 0.000000 1.000000 0.000000
vn 0.000000 1.000000 0.000000
vn 0.000000 1.000000 0.000000
vn 0.000000 1.000000 0.000000
vn 0.000000 1.000000 0.000000
vn 0.000000 1.000000 0.000000
vn 0.000000 1.000000 0.000000
vn 0.000000 1.000000 0.000000
vn 0.000000 1.000000 0.000000
vn 0.000000 1.000000 0.000000
vn 0.000000 1.000000 0.000000
vn 0.000000 1.000000 0.000000
vn 0.000000 1.000000 0.000000
vn 0.000000 1.000000 0.000000
vn 0.000000 1.000000 0.000000
vn 0.000000 1.000000 0.000000
vn 0.000000 1.000000 0.000000
vn 0.000000 1.000000 0.000000
vn 0.000000 1.000000 0.000000
vn 0.000000 1.000000 0.000000
vn 0.000000 1.000000 0.000000
vn 0.000000 1.000000 0.000000
vn 0.000000 1.000000 0.000000
vn 0.000000 1.000000 0.000000
vn 0.000000 1.000000 0.000000
vn 0.000000 1.000000 0.000000
vn 0.000000 1.000000 0.000000
vn 0.000000 1.000000 0.000000
vn 0.000000 1.000000 0.000000
vn 0.000000 1.000000 0.000000
vn 0.000000 1.000000 0.000000
vn 0.000000 1.000000 0.000000
vn 0.000000 1.000000 0.000000
vn 0.000000 1.000000 0.000000
vn 0.000000 1.000000 0.000000
vn 0.000000 1.000000 0.000000
vn 0.000000 1.000000 0.000000
vn 0.000000 1.000000 0.000000
vn 0.000000 1.000000 0.000000
vn 0.000000 1.000000 0.000000
vn 0.000000 1.000000 0.000000
vn 0.000000 1.000000 0.000000
vn 0.000000 1.000000 0.000000
vn 0.000000 1.000000 0.000000
vn 0.000000 1.000000 0.000000
vn 0.000000 1.000000 0.000000
vn 0.000000 1.000000 0.000000
vn 0.000000 1.000000 0.000000
vn 0.000000 1.000000 0.000000
vn 0.000000 1.000000 0.000000
vn 0.000000 1.000000 0.000000
vn 0.000000 1.000000 0.000000
vn 0.000000 1.000000 0.000000
vn 0.000000 1.000000 0.000000
vn 0.000000 1.000000 0.000000
vn 0.000000 1.000000 0.000000
vn 0.000000 1.000000 0.000000
vn 0.000000 1.000000 0.000000
vn 0.000000 1.000000 0.000000
vn 0.000000 1.000000 0.000000
vn 0.000000 1.000000 0.000000
vn 0.000000 1.000000 0.000000
vn 0.000000 1.000000 0.000000
vn 0.000000 1.000000 0.000000
vn 0.000000 1.000000 0.000000
vn 0.000000 1.000000 0.000000
vn 0.000000 1.000000 0.000000
vn 0.000000 1.000000 0.000000
vn 0.000000 1.000000 0.000000
vn 0.000000 1.000000 0.000000
vn 0.000000 1.000000 0.000000
vn 0.000000 1.000000 0.000000
vn 0.000000 1.000000 0.000000
vn 0.000000 1.000000 0.000000
vn 0.000000 1.000000 0.000000
vn 0.000000 1.000000 0.000000
vn 0.000000 1.000000 0.000000
vn 0.000000 1.000000 0.000000
vn 0.000000 1.000000 0.000000
vn 0.000000 1.000000 0.000000
vn 0.000000 1.000000 0.000000
vn 0.000000 1.000000 0.000000
vn 0.000000 1.000000 0.000000
vn 0.000000 1.000000 0.000000
vn 0.000000 1.000000 0.000000
vn 0.000000 1.000000 0.000000
vn 0.000000 1.000000 0.000000
vn 0.000000 1.000000 0.000000
vn 0.000000 1.000000 0.000000
vn 0.000000 1.000000 0.000000
vn 0.000000 1.000000 0.000000
vn 0.000000 1.000000 0.000000
vn 0.000000 1.000000 0.000000
vn 0.000000 1.000000 0.000000
vn 0.000000 1.000000 0.000000
vn 0.000000 1.000000 0.000000
vn 0.000000 1.000000 0.000000
vn 0.000000 1.000000 0.000000
vn 0.000000 1.000000 0.000000
vn 0.000000 1.000000 0.000000
vn 0.000000 1.000000 0.000000
vn 0.000000 1.000000 0.000000
vn 0.000000 1.000000 0.000000
vn 0.000000 1.000000 0.000000
vn 0.000000 1.000000 0.000000
vn 0.000000 1.000000 0.000000
vn 0.000000 1.000000 0.000000
vn 0.000000 1.000000 0.000000
vn 0.000000 1.000000 0.000000
vn 0.000000 1.000000 0.000000
vn 0.000000 1.000000 0.000000
vn 0.000000 1.000000 0.000000
vn 0.000000 1.000000 0.000000
vn 0.000000 1.000000 0.000000
vn 0.000000 1.000000 0.000000
vn 0.000000 1.000000 0.000000
vn 0.000000 1.000000 0.000000
vn 0.000000 1.000000 0.000000
vn 0.000000 1.000000 0.000000
vn 0.000000 1.000000 0.000000
vn 0.000000 1.000000 0.000000
vn 0.000000 1.000000 0.000000
vn 0.000000 1.000000 0.000000
vn 0.000000 1.000000 0.000000
vn 0.000000 1.000000 0.000000
vn 0.000000 1.000000 0.000000
vn 0.000000 1.000000 0.000000
vn 0.000000 1.000000 0.000000
vn 0.000000 1.000000 0.000000
vn 0.000000 1.000000 0.000000
vn 0.000000 1.000000 0.000000
vn 0.000000 1.000000 0.000000
vn 0.000000 1.000000 0.000000
vn 0.000000 1.000000 0.000000
vn 0.000000 1.000000 0.000000
vn 0.000000 1.000000 0.000000
vn 0.000000 1.000000 0.000000
vn 0.000000 1.000000 0.000000
vn 0.000000 1.000000 0.000000
vn 0.000000 1.000000 0.000000
vn 0.000000 1.000000 0.000000
vn 0.000000 1.000000 0.000000
vn 0.000000 1.000000 0.000000
vn 0.000000 1.000000 0.000000
vn 0.000000 1.000000 0.000000
vn 0.000000 1.000000 0.000000
vn 0.000000 1.000000 0.000000
vn 0.000000 1.000000 0.000000
vn 0.000000 1.000000 0.000000
vn 0.000000 1.000000 0.000000
vn 0.000000 1.000000 0.000000
vn 0.000000 1.000000 0.000000
vn 0.000000 1.000000 0.000000
vn 0.000000 1.000000 0.000000
vn 0.000000 1.000000 0.000000
vn 0.000000 1.000000 0.000000
vn 0.000000 1.000000 0.000000
vn 0.000000 1.000000 0.000000
vn 0.000000 1.000000 0.000000
vn 0.000000 1.000000 0.000000
vn 0.000000 1.000000 0.000000
vn 0.000000 1.000000 0.000000
vn 0.000000 1.000000 0.000000
vn 0.000000 1.000000 0.000000
vn 0.000000 1.000000 0.000000
vn 0.000000 1.000000 0.000000
vn 0.000000 1.000000 0.000000
vn 0.000000 1.000000 0.000000
vn 0.000000 1.000000 0.000000
vn 0.000000 1.000000 0.000000
vn 0.000000 1.000000 0.000000
vn 0.000000 1.000000 0.000000
vn 0.000000 1.000000 0.000000
vn 0.000000 1.000000 0.000000
vn 0.000000 1.000000 0.000000
vn 0.000000 1.000000 0.000000
vn 0.000000 1.000000 0.000000
vn 0.000000 1.000000 0.000000
vn 0.000000 1.000000 0.000000
vn 0.000000 1.000000 0.000000
vn 0.000000 1.000000 0.000000
vn 0.000000 1.000000 0.000000
vn 0.000000 1.000000 0.000000
vn 0.000000 1.000000 0.000000
vn 0.000000 1.000000 0.000000
vn 0.000000 1.000000 0.000000
vn 0.000000 1.000000 0.000000
vn 0.000000 1.000000 0.000000
vn 0.000000 1.000000 0.000000
vn 0.000000 1.000000 0.000000
vn 0.000000 1.000000 0.000000
vn 0.000000 1.000000 0.000000
vn 0.000000 1.000000 0.000000
vn 0.000000 1.000000 0.000000
vn 0.000000 1.000000 0.000000
vn 0.000000 1.000000 0.000000
vn 0.000000 1.000000 0.000000
vn 0.000000 1.000000 0.000000
vn 0.000000 1.000000 0.000000
vn 0.000000 1.000000 0.000000
vn 0.000000 1.000000 0.000000
vn 0.000000 1.000000 0.000000
vn 0.000000 1.000000 0.000000
vn 0.000000 1.000000 0.000000
vn 0.000000 1.000000 0.000000
vn 0.000000 1.000000 0.000000
vn 0.000000 1.000000 0.000000
vn 0.000000 1.000000 0.000000
vn 0.000000 1.000000 0.000000
vn 0.000000 1.000000 0.000000
vn 0.000000 1.000000 0.000000
vn 0.000000 1.000000 0.000000
vn 0.000000 1.000000 0.000000
vn 0.000000 1.000000 0.000000
vn 0.000000 1.000000 0.000000
vn 0.000000 1.000000 0.000000
vn 0.000000 1.000000 0.000000
vn 0.000000 1.000000 0.000000
vn 0.000000 1.000000 0.000000
vn 0.000000 1.000000 0.000000
vn 0.000000 1.000000 0.000000
vn 0.000000 1.000000 0.000000
vn 0.000000 1.000000 0.000000
vn 0.000000 1.000000 0.000000
vn 0.000000 1.000000 0.000000
vn 0.000000 1.000000 0.000000
vn 0.000000 1.000000 0.000000
vn 0.000000 1.000000 0.000000
vn 0.000000 1.000000 0.000000
vn 0.000000 1.000000 0.000000
vn 0.000000 1.000000 0.000000
vn 0.000000 1.000000 0.000000
vn 0.000000 1.000000 0.000000
vn 0.000000 1.000000 0.000000
vn 0.000000 1.000000 0.000000
vn 0.000000 1.000000 0.000000
vn 0.000000 1.000000 0.000000
vn 0.000000 1.000000 0.000000
vn 0.000000 1.000000 0.000000
vn 0.000000 1.000000 0.000000
vn 0.000000 1.000000 0.000000
vn 0.000000 1.000000 0.000000
vn 0.000000 1.000000 0.000000
vn 0.000000 1.000000 0.000000
vn 0.000000 1.000000 0.000000
vn 0.000000 1.000000 0.000000
vn 0.000000 1.000000 0.000000
vn 0.000000 1.000000 0.000000
vn 0.000000 1.000000 0.000000
vn 0.000000 1.000000 0.000000
vn 0.000000 1.000000 0.000000
vn 0.000000 1.000000 0.000000
vn 0.000000 1.000000 0.000000
vn 0.000000 1.000000 0.000000
vn 0.000000 1.000000 0.000000
vn 0.000000 1.000000 0.000000
vn 0.000000 1.000000 0.000000
vn 0.000000 1.000000 0.000000
vn 0.000000 1.000000 0.000000
vn 0.000000 1.000000 0.000000
vn 0.000000 1.000000 0.000000
vn 0.000000 1.000000 0.000000
vn 0.000000 1.000000 0.000000
vn 0.000000 1.000000 0.000000
vn 0.000000 1.000000 0.000000
vn 0.000000 1.000000 0.000000
vn 0.000000 1.000000 0.000000
vn 0.000000 1.000000 0.000000
vn 0.000000 1.000000 0.000000
vn 0.000000 1.000000 0.000000
vn 0.000000 1.000000 0.000000
vn 0.000000 1.000000 0.000000
vn 0.000000 1.000000 0.000000
vn 0.000000 1.000000 0.000000
vn 0.000000 1.000000 0.000000
vn 0.000000 1.000000 0.000000
vn 0.000000 1.000000 0.000000
vn 0.000000 1.000000 0.000000
vn 0.000000 1.000000 0.000000
vn 0.000000 1.000000 0.000000
vn 0.000000 1.000000 0.000000
vn 0.000000 1.000000 0.000000
vn 0.000000 1.000000 0.000000
vn 0.000000 1.000000 0.000000
vn 0.000000 1.000000 0.000000
vn 0.000000 1.000000 0.000000
vn 0.000000 1.000000 0.000000
vn 0.000000 1.000000 0.000000
vn 0.000000 1.000000 0.000000
vn 0.000000 1.000000 0.000000
vn 0.000000 1.000000 0.000000
vn 0.000000 1.000000 0.000000
vn 0.000000 1.000000 0.000000
vn 0.000000 1.000000 0.000000
vn 0.000000 1.000000 0.000000
vn 0.000000 1.000000 0.000000
vn 0.000000 1.000000 0.000000
vn 0.000000 1.000000 0.000000
vn 0.000000 1.000000 0.000000
vn 0.000000 1.000000 0.000000
vn 0.000000 1.000000 0.000000
vn 0.000000 1.000000 0.000000
vn 0.000000 1.000000 0.000000
vn 0.000000 1.000000 0.000000
vn 0.000000 1.000000 0.000000
vn 0.000000 1.000000 0.000000
vn 0.000000 1.000000 0.000000
vn 0.000000 1.000000 0.000000
vn 0.000000 1.000000 0.000000
vn 0.000000 1.000000 0.000000
vn 0.000000 1.000000 0.000000
vn 0.000000 1.000000 0.000000
vn 0.000000 1.000000 0.000000
vn 0.000000 1.000000 0.000000
vn 0.000000 1.000000 0.000000
vn 0.000000 1.000000 0.000000
vn 0.000000 1.000000 0.000000
vn 0.000000 1.000000 0.000000
vn 0.000000 1.000000 0.000000
vn 0.000000 1.000000 0.000000
vn 0.000000 1.000000 0.000000
vn 0.000000 1.000000 0.000000
vn 0.000000 1.000000 0.000000
vn 0.000000 1.000000 0.000000
vn 0.000000 1.000000 0.000000
vn 0.000000 1.000000 0.000000
vn 0.000000 1.000000 0.000000
vn 0.000000 1.000000 0.000000
vn 0.000000 1.000000 0.000000
vn 0.000000 1.000000 0.000000
vn 0.000000 1.000000 0.000000
vn 0.000000 1.000000 0.000000
vn 0.000000 1.000000 0.000000
vn 0.000000 1.000000 0.000000
vn 0.000000 1.000000 0.000000
vn 0.000000 1.000000 0.000000
vn 0.000000 1.000000 0.000000
vn 0.000000 1.000000 0.000000
vn 0.000000 1.000000 0.000000
vn 0.000000 1.000000 0.000000
vn 0.000000 1.000000 0.000000
vn 0.000000 1.000000 0.000000
vn 0.000000 1.000000 0.000000
vn 0.000000 1.000000 0.000000
vn 0.000000 1.000000 0.000000
vn 0.000000 1.000000 0.000000
vn 0.000000 1.000000 0.000000
vn 0.000000 1.000000 0.000000
vn 0.000000 1.000000 0.000000
vn 0.000000 1.000000 0.000000
vn 0.000000 1.000000 0.000000
vn 0.000000 1.000000 0.000000
vn 0.000000 1.000000 0.000000
vn 0.000000 1.000000 0.000000
vn 0.000000 1.000000 0.000000
vn 0.000000 1.000000 0.000000
vn 0.000000 1.000000 0.000000
vn 0.000000 1.000000 0.000000
vn 0.000000 1.000000 0.000000
vn 0.000000 1.000000 0.000000
vn 0.000000 1.000000 0.000000
vn 0.000000 1.000000 0.000000
vn 0.000000 1.000000 0.000000
vn 0.000000 1.000000 0.000000
vn 0.000000 1.000000 0.000000
vn 0.000000 1.000000 0.000000
vn 0.000000 1.000000 0.000000
vn 0.000000 1.000000 0.000000
vn 0.000000 1.000000 0.000000
vn 0.000000 1.000000 0.000000
vn 0.000000 1.000000 0.000000
vn 0.000000 1.000000 0.000000
vn 0.000000 1.000000 0.000000
vn 0.000000 1.000000 0.000000
vn 0.000000 1.000000 0.000000
vn 0.000000 1.000000 0.000000
vn 0.000000 1.000000 0.000000
vn 1.000000 0.000000 0.000000
vn 0.000000 0.000000 1.000000
vn -1.000000 0.000000 0.000000
vn 0.000000 0.000000 -1.000000
vn 0.000000 -0.650000 0.000000
vn 0.000000 1.000000 0.000000
vn 1.000000 0.000000 0.000000
vn 0.000000 0.000000 1.000000
vn -1.000000 0.000000 0.000000
vn 0.000000 0.000000 -1.000000
vn 0.000000 -0.650000 0.000000
vn 0.000000 1.000000 0.000000
vn 1.000000 0.000000 0.000000
vn 0.000000 0.000000 1.000000
vn -1.000000 0.000000 0.000000
vn 0.000000 0.000000 -1.000000
vn 0.000000 -0.650000 0.000000
vn 0.000000 1.000000 0.000000
vn 1.000000 0.000000 0.000000
vn 0.000000 0.000000 1.000000
vn -1.000000 0.000000 0.000000
vn 0.000000 0.000000 -1.000000
vn 0.000000 -0.650000 0.000000
vn 0.000000 1.000000 0.000000
vn 1.000000 0.000000 0.000000
vn 0.000000 0.000000 1.000000
vn -1.000000 0.000000 0.000000
vn 0.000000 0.000000 -1.000000
vn 0.000000 -0.650000 0.000000
vn 0.000000 1.000000 0.000000
vn 1.000000 0.000000 0.000000
vn 0.000000 0.000000 1.000000
vn -1.000000 0.000000 0.000000
vn 0.000000 0.000000 -1.000000
vn 0.000000 -0.650000 0.000000
vn 0.000000 1.000000 0.000000
vn 1.000000 0.000000 0.000000
vn 0.000000 0.000000 1.000000
vn -1.000000 0.000000 0.000000
vn 0.000000 0.000000 -1.000000
vn 0.000000 -0.650000 0.000000
vn 0.000000 1.000000 0.000000
vn 1.000000 0.000000 0.000000
vn 0.000000 0.000000 1.000000
vn -1.000000 0.000000 0.000000
vn 0.000000 0.000000 -1.000000
vn 0.000000 -0.650000 0.000000
vn 0.000000 1.000000 0.000000
vn 1.000000 0.000000 0.000000
vn 0.000000 0.000000 1.000000
vn -1.000000 0.000000 0.000000
vn 0.000000 0.000000 -1.000000
vn 0.000000 -0.650000 0.000000
vn 0.000000 1.000000 0.000000
vn 1.000000 0.000000 0.000000
vn 0.000000 0.000000 1.000000
vn -1.000000 0.000000 0.000000
vn 0.000000 0.000000 -1.000000
vn 0.000000 -0.650000 0.000000
vn 0.000000 1.000000 0.000000
vn 1.000000 0.000000 0.000000
vn 0.000000 0.000000 1.000000
vn -1.000000 0.000000 0.000000
vn 0.000000 0.000000 -1.000000
vn 0.000000 -0.650000 0.000000
vn 0.000000 1.000000 0.000000
vn 1.000000 0.000000 0.000000
vn 0.000000 0.000000 1.000000
vn -1.000000 0.000000 0.000000
vn 0.000000 0.000000 -1.000000
vn 0.000000 -0.650000 0.000000
vn 0.000000 1.000000 0.000000
vn 1.000000 0.000000 0.000000
vn 0.000000 0.000000 1.000000
vn -1.000000 0.000000 0.000000
vn 0.000000 0.000000 -1.000000
vn 0.000000 -0.650000 0.000000
vn 0.000000 1.000000 0.000000
vn 1.000000 0.000000 0.000000
vn 0.000000 0.000000 1.000000
vn -1.000000 0.000000 0.000000
vn 0.000000 0.000000 -1.000000
vn 0.000000 -0.650000 0.000000
vn 0.000000 1.000000 0.000000
vn 1.000000 0.000000 0.000000
vn 0.000000 0.000000 1.000000
vn -1.000000 0.000000 0.000000
vn 0.000000 0.000000 -1.000000
vn 0.000000 -0.650000 0.000000
vn 0.000000 1.000000 0.000000
vn 1.000000 0.000000 0.000000
vn 0.000000 0.000000 1.000000
vn -1.000000 0.000000 0.000000
vn 0.000000 0.000000 -1.000000
vn 0.000000 -0.650000 0.000000
vn 0.000000 1.000000 0.000000
vn 1.000000 0.000000 0.000000
vn 0.000000 0.000000 1.000000
vn -1.000000 0.000000 0.000000
vn 0.000000 0.000000 -1.000000
vn 0.000000 -0.650000 0.000000
vn 0.000000 1.000000 0.000000
vn 1.000000 0.000000 0.000000
vn 0.000000 0.000000 1.000000
vn -1.000000 0.000000 0.000000
vn 0.000000 0.000000 -1.000000
vn 0.000000 -0.650000 0.000000
vn 0.000000 1.000000 0.000000
vn 1.000000 0.000000 0.000000
vn 0.000000 0.000000 1.000000
vn -1.000000 0.000000 0.000000
vn 0.000000 0.000000 -1.000000
vn 0.000000 -0.650000 0.000000
vn 0.000000 1.000000 0.000000
vn 1.000000 0.000000 0.000000
vn 0.000000 0.000000 1.000000
vn -1.000000 0.000000 0.000000
vn 0.000000 0.000000 -1.000000
vn 0.000000 -0.650000 0.000000
vn 0.000000 1.000000 0.000000
vn 1.000000 0.000000 0.000000
vn 0.000000 0.000000 1.000000
vn -1.000000 0.000000 0.000000
vn 0.000000 0.000000 -1.000000
vn 0.000000 -0.650000 0.000000
vn 0.000000 1.000000 0.000000
vn 1.000000 0.000000 0.000000
vn 0.000000 0.000000 1.000000
vn -1.000000 0.000000 0.000000
vn 0.000000 0.000000 -1.000000
vn 0.000000 -0.650000 0.000000
vn 0.000000 1.000000 0.000000
vn 1.000000 0.000000 0.000000
vn 0.000000 0.000000 1.000000
vn -1.000000 0.000000 0.000000
vn 0.000000 0.000000 -1.000000
vn 0.000000 -0.650000 0.000000
vn 0.000000 1.000000 0.000000
vn 1.000000 0.000000 0.000000
vn 0.000000 0.000000 1.000000
vn -1.000000 0.000000 0.000000
vn 0.000000 0.000000 -1.000000
vn 0.000000 -0.650000 0.000000
vn 0.000000 1.000000 0.000000
vn 1.000000 0.000000 0.000000
vn 0.000000 0.000000 1.000000
vn -1.000000 0.000000 0.000000
vn 0.000000 0.000000 -1.000000
vn 0.000000 -0.650000 0.000000
vn 0.000000 1.000000 0.000000
vn 1.000000 0.000000 0.000000
vn 0.000000 0.000000 1.000000
vn -1.000000 0.000000 0.000000
vn 0.000000 0.000000 -1.000000
vn 0.000000 -0.650000 0.000000
vn 0.000000 1.000000 0.000000
vn 1.000000 0.000000 0.000000
vn 0.000000 0.000000 1.000000
vn -1.000000 0.000000 0.000000
vn 0.000000 0.000000 -1.000000
vn 0.000000 -0.650000 0.000000
vn 0.000000 1.000000 0.000000
vn 1.000000 0.000000 0.000000
vn 0.000000 0.000000 1.000000
vn -1.000000 0.000000 0.000000
vn 0.000000 0.000000 -1.000000
vn 0.000000 -0.650000 0.000000
vn 0.000000 1.000000 0.000000
vn 1.000000 0.000000 0.000000
vn 0.000000 0.000000 1.000000
vn -1.000000 0.000000 0.000000
vn 0.000000 0.000000 -1.000000
vn 0.000000 -0.650000 0.000000
vn 0.000000 1.000000 0.000000
vn 1.000000 0.000000 0.000000
vn 0.000000 0.000000 1.000000
vn -1.000000 0.000000 0.000000
vn 0.000000 0.000000 -1.000000
vn 0.000000 -0.650000 0.000000
vn 0.000000 1.000000 0.000000
vn 1.000000 0.000000 0.000000
vn 0.000000 0.000000 1.000000
vn -1.000000 0.000000 0.000000
vn 0.000000 0.000000 -1.000000
vn 0.000000 -0.650000 0.000000
vn 0.000000 1.000000 0.000000
vn 1.000000 0.000000 0.000000
vn 0.000000 0.000000 1.000000
vn -1.000000 0.000000 0.000000
vn 0.000000 0.000000 -1.000000
vn 0.000000 -0.650000 0.000000
vn 0.000000 1.000000 0.000000
vn 1.000000 0.000000 0.000000
vn 0.000000 0.000000 1.000000
vn -1.000000 0.000000 0.000000
vn 0.000000 0.000000 -1.000000
vn 0.000000 -0.650000 0.000000
vn 0.000000 1.000000 0.000000
vn 1.000000 0.000000 0.000000
vn 0.000000 0.000000 1.000000
vn -1.000000 0.000000 0.000000
vn 0.000000 0.000000 -1.000000
vn 0.000000 -0.650000 0.000000
vn 0.000000 1.000000 0.000000
vn 1.000000 0.000000 0.000000
vn 0.000000 0.000000 1.000000
vn -1.000000 0.000000 0.000000
vn 0.000000 0.000000 -1.000000
vn 0.000000 -0.650000 0.000000
vn 0.000000 1.000000 0.000000
vn 1.000000 0.000000 0.000000
vn 0.000000 0.000000 1.000000
vn -1.000000 0.000000 0.000000
vn 0.000000 0.000000 -1.000000
vn 0.000000 -0.650000 0.000000
vn 0.000000 1.000000 0.000000
vn 1.000000 0.000000 0.000000
vn 0.000000 0.000000 1.000000
vn -1.000000 0.000000 0.000000
vn 0.000000 0.000000 -1.000000
vn 0.000000 -0.650000 0.000000
vn 0.000000 1.000000 0.000000
vn 1.000000 0.000000 0.000000
vn 0.000000 0.000000 1.000000
vn -1.000000 0.000000 0.000000
vn 0.000000 0.000000 -1.000000
vn 0.000000 -0.650000 0.000000
vn 0.000000 1.000000 0.000000
vn 1.000000 0.000000 0.000000
vn 0.000000 0.000000 1.000000
vn -1.000000 0.000000 0.000000
vn 0.000000 0.000000 -1.000000
vn 0.000000 -0.650000 0.000000
vn 0.000000 1.000000 0.000000
vn 1.000000 0.000000 0.000000
vn 0.000000 0.000000 1.000000
vn -1.000000 0.000000 0.000000
vn 0.000000 0.000000 -1.000000
vn 0.000000 -0.650000 0.000000
vn 0.000000 1.000000 0.000000
vn 1.000000 0.000000 0.000000
vn 0.000000 0.000000 1.000000
vn -1.000000 0.000000 0.000000
vn 0.000000 0.000000 -1.000000
vn 0.000000 -0.650000 0.000000
vn 0.000000 1.000000 0.000000
vn 1.000000 0.000000 0.000000
vn 0.000000 0.000000 1.000000
vn -1.000000 0.000000 0.000000
vn 0.000000 0.000000 -1.000000
vn 0.000000 -0.650000 0.000000
vn 0.000000 1.000000 0.000000
vn 1.000000 0.000000 0.000000
vn 0.000000 0.000000 1.000000
vn -1.000000 0.000000 0.000000
vn 0.000000 0.000000 -1.000000
vn 0.000000 -0.650000 0.000000
vn 0.000000 1.000000 0.000000
vn 1.000000 0.000000 0.000000
vn 0.000000 0.000000 1.000000
vn -1.000000 0.000000 0.000000
vn 0.000000 0.000000 -1.000000
vn 0.000000 -0.650000 0.000000
vn 0.000000 1.000000 0.000000
vn 1.000000 0.000000 0.000000
vn 0.000000 0.000000 1.000000
vn -1.000000 0.000000 0.000000
vn 0.000000 0.000000 -1.000000
vn 0.000000 -0.650000 0.000000
vn 0.000000 1.000000 0.000000
vn 1.000000 0.000000 0.000000
vn 0.000000 0.000000 1.000000
vn -1.000000 0.000000 0.000000
vn 0.000000 0.000000 -1.000000
vn 0.000000 -0.650000 0.000000
vn 0.000000 1.000000 0.000000
vn 1.000000 0.000000 0.000000
vn 0.000000 0.000000 1.000000
vn -1.000000 0.000000 0.000000
vn 0.000000 0.000000 -1.000000
vn 0.000000 -0.650000 0.000000
vn 0.000000 1.000000 0.000000
vn 1.000000 0.000000 0.000000
vn 0.000000 0.000000 1.000000
vn -1.000000 0.000000 0.000000
vn 0.000000 0.000000 -1.000000
vn 0.000000 -0.650000 0.000000
vn 0.000000 1.000000 0.000000
vn 1.000000 0.000000 0.000000
vn 0.000000 0.000000 1.000000
vn -1.000000 0.000000 0.000000
vn 0.000000 0.000000 -1.000000
vn 0.000000 -0.650000 0.000000
vn 0.000000 1.000000 0.000000
vn 1.000000 0.000000 0.000000
vn 0.000000 0.000000 1.000000
vn -1.000000 0.000000 0.000000
vn 0.000000 0.000000 -1.000000
vn 0.000000 -0.650000 0.000000
vn 0.000000 1.000000 0.000000
vn 1.000000 0.000000 0.000000
vn 0.000000 0.000000 1.000000
vn -1.000000 0.000000 0.000000
vn 0.000000 0.000000 -1.000000
vn 0.000000 -0.650000 0.000000
vn 0.000000 1.000000 0.000000
vn 1.000000 0.000000 0.000000
vn 0.000000 0.000000 1.000000
vn -1.000000 0.000000 0.000000
vn 0.000000 0.000000 -1.000000
vn 0.000000 -0.650000 0.000000
vn 0.000000 1.000000 0.000000
vn 1.000000 0.000000 0.000000
vn 0.000000 0.000000 1.000000
vn -1.000000 0.000000 0.000000
vn 0.000000 0.000000 -1.000000
vn 0.000000 -0.650000 0.000000
vn 0.000000 1.000000 0.000000
vn 1.000000 0.000000 0.000000
vn 0.000000 0.000000 1.000000
vn -1.000000 0.000000 0.000000
vn 0.000000 0.000000 -1.000000
vn 0.000000 -0.650000 0.000000
vn 0.000000 1.000000 0.000000
vn 1.000000 0.000000 0.000000
vn 0.000000 0.000000 1.000000
vn -1.000000 0.000000 0.000000
vn 0.000000 0.000000 -1.000000
vn 0.000000 -0.650000 0.000000
vn 0.000000 1.000000 0.000000
vn 1.000000 0.000000 0.000000
vn 0.000000 0.000000 1.000000
vn -1.000000 0.000000 0.000000
vn 0.000000 0.000000 -1.000000
vn 0.000000 -0.650000 0.000000
vn 0.000000 1.000000 0.000000
vn 1.000000 0.000000 0.000000
vn 0.000000 0.000000 1.000000
vn -1.000000 0.000000 0.000000
vn 0.000000 0.000000 -1.000000
vn 0.000000 -0.650000 0.000000
vn 0.000000 1.000000 0.000000
vn 1.000000 0.000000 0.000000
vn 0.000000 0.000000 1.000000
vn -1.000000 0.000000 0.000000
vn 0.000000 0.000000 -1.000000
vn 0.000000 -0.650000 0.000000
vn 0.000000 1.000000 0.000000
vn 1.000000 0.000000 0.000000
vn 0.000000 0.000000 1.000000
vn -1.000000 0.000000 0.000000
vn 0.000000 0.000000 -1.000000
vn 0.000000 -0.650000 0.000000
vn 0.000000 1.000000 0.000000
vn 1.000000 0.000000 0.000000
vn 0.000000 0.000000 1.000000
vn -1.000000 0.000000 0.000000
vn 0.000000 0.000000 -1.000000
vn 0.000000 -0.650000 0.000000
vn 0.000000 1.000000 0.000000
vn 1.000000 0.000000 0.000000
vn 0.000000 0.000000 1.000000
vn -1.000000 0.000000 0.000000
vn 0.000000 0.000000 -1.000000
vn 0.000000 -0.650000 0.000000
vn 0.000000 1.000000 0.000000
vn 1.000000 0.000000 0.000000
vn 0.000000 0.000000 1.000000
vn -1.000000 0.000000 0.000000
vn 0.000000 0.000000 -1.000000
vn 0.000000 -0.650000 0.000000
vn 0.000000 1.000000 0.000000
vn 1.000000 0.000000 0.000000
vn 0.000000 0.000000 1.000000
vn -1.000000 0.000000 0.000000
vn 0.000000 0.000000 -1.000000
vn 0.000000 -0.650000 0.000000
vn 0.000000 1.000000 0.000000
vn 1.000000 0.000000 0.000000
vn 0.000000 0.000000 1.000000
vn -1.000000 0.000000 0.000000
vn 0.000000 0.000000 -1.000000
vn 0.000000 -0.650000 0.000000
vn 0.000000 1.000000 0.000000
vn 1.000000 0.000000 0.000000
vn 0.000000 0.000000 1.000000
vn -1.000000 0.000000 0.000000
vn 0.000000 0.000000 -1.000000
vn 0.000000 -0.650000 0.000000
vn 0.000000 1.000000 0.000000
vn 1.000000 0.000000 0.000000
vn 0.000000 0.000000 1.000000
vn -1.000000 0.000000 0.000000
vn 0.000000 0.000000 -1.000000
vn 0.000000 -0.650000 0.000000
vn 0.000000 1.000000 0.000000
vn 1.000000 0.000000 0.000000
vn 0.000000 0.000000 1.000000
vn -1.000000 0.000000 0.000000
vn 0.000000 0.000000 -1.000000
vn 0.000000 -0.650000 0.000000
vn 0.000000 1.000000 0.000000
vn 1.000000 0.000000 0.000000
vn 0.000000 0.000000 1.000000
vn -1.000000 0.000000 0.000000
vn 0.000000 0.000000 -1.000000
vn 0.000000 -0.650000 0.000000
vn 0.000000 1.000000 0.000000
vn 1.000000 0.000000 0.000000
vn 0.000000 0.000000 1.000000
vn -1.000000 0.000000 0.000000
vn 0.000000 0.000000 -1.000000
vn 0.000000 -0.650000 0.000000
vn 0.000000 1.000000 0.000000
vn 1.000000 0.000000 0.000000
vn 0.000000 0.000000 1.000000
vn -1.000000 0.000000 0.000000
vn 0.000000 0.000000 -1.000000
vn 0.000000 -0.650000 0.000000
vn 0.000000 1.000000 0.000000
vn 1.000000 0.000000 0.000000
vn 0.000000 0.000000 1.000000
vn -1.000000 0.000000 0.000000
vn 0.000000 0.000000 -1.000000
vn 0.000000 -0.650000 0.000000
vn 0.000000 1.000000 0.000000
vn 1.000000 0.000000 0.000000
vn 0.000000 0.000000 1.000000
vn -1.000000 0.000000 0.000000
vn 0.000000 0.000000 -1.000000
vn 0.000000 -0.650000 0.000000
vn 0.000000 1.000000 0.000000
vn 1.000000 0.000000 0.000000
vn 0.000000 0.000000 1.000000
vn -1.000000 0.000000 0.000000
vn 0.000000 0.000000 -1.000000
vn 0.000000 -0.650000 0.000000
vn 0.000000 1.000000 0.000000
vn 1.000000 0.000000 0.000000
vn 0.000000 0.000000 1.000000
vn -1.000000 0.000000 0.000000
vn 0.000000 0.000000 -1.000000
vn 0.000000 -0.650000 0.000000
vn 0.000000 1.000000 0.000000
vn 1.000000 0.000000 0.000000
vn 0.000000 0.000000 1.000000
vn -1.000000 0.000000 0.000000
vn 0.000000 0.000000 -1.000000
vn 0.000000 -0.650000 0.000000
vn 0.000000 1.000000 0.000000
vn 1.000000 0.000000 0.000000
vn 0.000000 0.000000 1.000000
vn -1.000000 0.000000 0.000000
vn 0.000000 0.000000 -1.000000
vn 0.000000 -0.650000 0.000000
vn 0.000000 1.000000 0.000000
vn 1.000000 0.000000 0.000000
vn 0.000000 0.000000 1.000000
vn -1.000000 0.000000 0.000000
vn 0.000000 0.000000 -1.000000
vn 0.000000 -0.650000 0.000000
vn 0.000000 1.000000 0.000000
vn 1.000000 0.000000 0.000000
vn 0.000000 0.000000 1.000000
vn -1.000000 0.000000 0.000000
vn 0.000000 0.000000 -1.000000
vn 0.000000 -0.650000 0.000000
vn 0.000000 1.000000 0.000000
vn 1.000000 0.000000 0.000000
vn 0.000000 0.000000 1.000000
vn -1.000000 0.000000 0.000000
vn 0.000000 0.000000 -1.000000
vn 0.000000 -0.650000 0.000000
vn 0.000000 1.000000 0.000000
vn 1.000000 0.000000 0.000000
vn 0.000000 0.000000 1.000000
vn -1.000000 0.000000 0.000000
vn 0.000000 0.000000 -1.000000
vn 0.000000 -0.650000 0.000000
vn 0.000000 1.000000 0.000000
vn 1.000000 0.000000 0.000000
vn 0.000000 0.000000 1.000000
vn -1.000000 0.000000 0.000000
vn 0.000000 0.000000 -1.000000
vn 0.000000 -0.650000 0.000000
vn 0.000000 1.000000 0.000000
vn 1.000000 0.000000 0.000000
vn 0.000000 0.000000 1.000000
vn -1.000000 0.000000 0.000000
vn 0.000000 0.000000 -1.000000
vn 0.000000 -0.650000 0.000000
vn 0.000000 1.000000 0.000000
vn 1.000000 0.000000 0.000000
vn 0.000000 0.000000 1.000000
vn -1.000000 0.000000 0.000000
vn 0.000000 0.000000 -1.000000
vn 0.000000 -0.650000 0.000000
vn 0.000000 1.000000 0.000000
vn 1.000000 0.000000 0.000000
vn 0.000000 0.000000 1.000000
vn -1.000000 0.000000 0.000000
vn 0.000000 0.000000 -1.000000
vn 0.000000 -0.650000 0.000000
vn 0.000000 1.000000 0.000000
vn 1.000000 0.000000 0.000000
vn 0.000000 0.000000 1.000000
vn -1.000000 0.000000 0.000000
vn 0.000000 0.000000 -1.000000
vn 0.000000 -0.650000 0.000000
vn 0.000000 1.000000 0.000000
vn 1.000000 0.000000 0.000000
vn 0.000000 0.000000 1.000000
vn -1.000000 0.000000 0.000000
vn 0.000000 0.000000 -1.000000
vn 0.000000 -0.650000 0.000000
vn 0.000000 1.000000 0.000000
vn 1.000000 0.000000 0.000000
vn 0.000000 0.000000 1.000000
vn -1.000000 0.000000 0.000000
vn 0.000000 0.000000 -1.000000
vn 0.000000 -0.650000 0.000000
vn 0.000000 1.000000 0.000000
vn 1.000000 0.000000 0.000000
vn 0.000000 0.000000 1.000000
vn -1.000000 0.000000 0.000000
vn 0.000000 0.000000 -1.000000
vn 0.000000 -0.650000 0.000000
vn 0.000000 1.000000 0.000000
vn 1.000000 0.000000 0.000000
vn 0.000000 0.000000 1.000000
vn -1.000000 0.000000 0.000000
vn 0.000000 0.000000 -1.000000
vn 0.000000 -0.650000 0.000000
vn 0.000000 1.000000 0.000000
vn 1.000000 0.000000 0.000000
vn 0.000000 0.000000 1.000000
vn -1.000000 0.000000 0.000000
vn 0.000000 0.000000 -1.000000
vn 0.000000 -0.650000 0.000000
vn 0.000000 1.000000 0.000000
vn 1.000000 0.000000 0.000000
vn 0.000000 0.000000 1.000000
vn -1.000000 0.000000 0.000000
vn 0.000000 0.000000 -1.000000
vn 0.000000 -0.650000 0.000000
vn 0.000000 1.000000 0.000000
vn 1.000000 0.000000 0.000000
vn 0.000000 0.000000 1.000000
vn -1.000000 0.000000 0.000000
vn 0.000000 0.000000 -1.000000
vn 0.000000 -0.650000 0.000000
vn 0.000000 1.000000 0.000000
vn 1.000000 0.000000 0.000000
vn 0.000000 0.000000 1.000000
vn -1.000000 0.000000 0.000000
vn 0.000000 0.000000 -1.000000
vn 0.000000 -0.650000 0.000000
vn 0.000000 1.000000 0.000000
vn 1.000000 0.000000 0.000000
vn 0.000000 0.000000 1.000000
vn -1.000000 0.000000 0.000000
vn 0.000000 0.000000 -1.000000
vn 0.000000 -0.650000 0.000000
vn 0.000000 1.000000 0.000000
vn 1.000000 0.000000 0.000000
vn 0.000000 0.000000 1.000000
vn -1.000000 0.000000 0.000000
vn 0.000000 0.000000 -1.000000
vn 0.000000 -0.650000 0.000000
vn 0.000000 1.000000 0.000000
vn 1.000000 0.000000 0.000000
vn 0.000000 0.000000 1.000000
vn -1.000000 0.000000 0.000000
vn 0.000000 0.000000 -1.000000
vn 0.000000 -0.650000 0.000000
vn 0.000000 1.000000 0.000000
vn 1.000000 0.000000 0.000000
vn 0.000000 0.000000 1.000000
vn -1.000000 0.000000 0.000000
vn 0.000000 0.000000 -1.000000
vn 0.000000 -0.650000 0.000000
vn 0.000000 1.000000 0.000000
vn 1.000000 0.000000 0.000000
vn 0.000000 0.000000 1.000000
vn -1.000000 0.000000 0.000000
vn 0.000000 0.000000 -1.000000
vn 0.000000 -0.650000 0.000000
vn 0.000000 1.000000 0.000000
vn 1.000000 0.000000 0.000000
vn 0.000000 0.000000 1.000000
vn -1.000000 0.000000 0.000000
vn 0.000000 0.000000 -1.000000
vn 0.000000 -0.650000 0.000000
vn 0.000000 1.000000 0.000000
vn 1.000000 0.000000 0.000000
vn 0.000000 0.000000 1.000000
vn -1.000000 0.000000 0.000000
vn 0.000000 0.000000 -1.000000
vn 0.000000 -0.650000 0.000000
vn 0.000000 1.000000 0.000000
vn 1.000000 0.000000 0.000000
vn 0.000000 0.000000 1.000000
vn -1.000000 0.000000 0.000000
vn 0.000000 0.000000 -1.000000
vn 0.000000 -0.650000 0.000000
vn 0.000000 1.000000 0.000000
vn 1.000000 0.000000 0.000000
vn 0.000000 0.000000 1.000000
vn -1.000000 0.000000 0.000000
vn 0.000000 0.000000 -1.000000
vn 0.000000 -0.650000 0.000000
vn 0.000000 1.000000 0.000000
vn 1.000000 0.000000 0.000000
vn 0.000000 0.000000 1.000000
vn -1.000000 0.000000 0.000000
vn 0.000000 0.000000 -1.000000
vn 0.000000 -0.650000 0.000000
vn 0.000000 1.000000 0.000000
vn 1.000000 0.000000 0.000000
vn 0.000000 0.000000 1.000000
vn -1.000000 0.000000 0.000000
vn 0.000000 0.000000 -1.000000
vn 0.000000 -0.650000 0.000000
vn 0.000000 1.000000 0.000000
vn 1.000000 0.000000 0.000000
vn 0.000000 0.000000 1.000000
vn -1.000000 0.000000 0.000000
vn 0.000000 0.000000 -1.000000
vn 0.000000 -0.650000 0.000000
vn 0.000000 1.000000 0.000000
vn 1.000000 0.000000 0.000000
vn 0.000000 0.000000 1.000000
vn -1.000000 0.000000 0.000000
vn 0.000000 0.000000 -1.000000
vn 0.000000 -0.650000 0.000000
vn 0.000000 1.000000 0.000000
vn 1.000000 0.000000 0.000000
vn 0.000000 0.000000 1.000000
vn -1.000000 0.000000 0.000000
vn 0.000000 0.000000 -1.000000
vn 0.000000 -0.650000 0.000000
vn 0.000000 1.000000 0.000000
vn 1.000000 0.000000 0.000000
vn 0.000000 0.000000 1.000000
vn -1.000000 0.000000 0.000000
vn 0.000000 0.000000 -1.000000
vn 0.000000 -0.650000 0.000000
vn 0.000000 1.000000 0.000000
vn 1.000000 0.000000 0.000000
vn 0.000000 0.000000 1.000000
vn -1.000000 0.000000 0.000000
vn 0.000000 0.000000 -1.000000
vn 0.000000 -0.650000 0.000000
vn 0.000000 1.000000 0.000000
vn 1.000000 0.000000 0.000000
vn 0.000000 0.000000 1.000000
vn -1.000000 0.000000 0.000000
vn 0.000000 0.000000 -1.000000
vn 0.000000 -0.650000 0.000000
vn 0.000000 1.000000 0.000000
vn 1.000000 0.000000 0.000000
vn 0.000000 0.000000 1.000000
vn -1.000000 0.000000 0.000000
vn 0.000000 0.000000 -1.000000
vn 0.000000 -0.650000 0.000000
vn 0.000000 1.000000 0.000000
vn 1.000000 0.000000 0.000000
vn 0.000000 0.000000 1.000000
vn -1.000000 0.000000 0.000000
vn 0.000000 0.000000 -1.000000
vn 0.000000 -0.650000 0.000000
vn 0.000000 1.000000 0.000000
vn 1.000000 0.000000 0.000000
vn 0.000000 0.000000 1.000000
vn -1.000000 0.000000 0.000000
vn 0.000000 0.000000 -1.000000
vn 0.000000 -0.650000 0.000000
vn 0.000000 1.000000 0.000000
vn 1.000000 0.000000 0.000000
vn 0.000000 0.000000 1.000000
vn -1.000000 0.000000 0.000000
vn 0.000000 0.000000 -1.000000
vn 0.000000 -0.650000 0.000000
vn 0.000000 1.000000 0.000000
vn 1.000000 0.000000 0.000000
vn 0.000000 0.000000 1.000000
vn -1.000000 0.000000 0.000000
vn 0.000000 0.000000 -1.000000
vn 0.000000 -0.650000 0.000000
vn 0.000000 1.000000 0.000000
vn 1.000000 0.000000 0.000000
vn 0.000000 0.000000 1.000000
vn -1.000000 0.000000 0.000000
vn 0.000000 0.000000 -1.000000
vn 0.000000 -0.650000 0.000000
vn 0.000000 1.000000 0.000000
vn 1.000000 0.000000 0.000000
vn 0.000000 0.000000 1.000000
vn -1.000000 0.000000 0.000000
vn 0.000000 0.000000 -1.000000
vn 0.000000 -0.650000 0.000000
vn 0.000000 1.000000 0.000000
vn 1.000000 0.000000 0.000000
vn 0.000000 0.000000 1.000000
vn -1.000000 0.000000 0.000000
vn 0.000000 0.000000 -1.000000
vn 0.000000 -0.650000 0.000000
vn 0.000000 1.000000 0.000000
vn 1.000000 0.000000 0.000000
vn 0.000000 0.000000 1.000000
vn -1.000000 0.000000 0.000000
vn 0.000000 0.000000 -1.000000
vn 0.000000 -0.650000 0.000000
vn 0.000000 1.000000 0.000000
vn 1.000000 0.000000 0.000000
vn 0.000000 0.000000 1.000000
vn -1.000000 0.000000 0.000000
vn 0.000000 0.000000 -1.000000
vn 0.000000 -0.650000 0.000000
vn 0.000000 1.000000 0.000000
vn 1.000000 0.000000 0.000000
vn 0.000000 0.000000 1.000000
vn -1.000000 0.000000 0.000000
vn 0.000000 0.000000 -1.000000
vn 0.000000 -0.650000 0.000000
vn 0.000000 1.000000 0.000000
vn 1.000000 0.000000 0.000000
vn 0.000000 0.000000 1.000000
vn -1.000000 0.000000 0.000000
vn 0.000000 0.000000 -1.000000
vn 0.000000 -0.650000 0.000000
vn 0.000000 1.000000 0.000000
vn 1.000000 0.000000 0.000000
vn 0.000000 0.000000 1.000000
vn -1.000000 0.000000 0.000000
vn 0.000000 0.000000 -1.000000
vn 0.000000 -0.650000 0.000000
vn 0.000000 1.000000 0.000000
vn 1.000000 0.000000 0.000000
vn 0.000000 0.000000 1.000000
vn -1.000000 0.000000 0.000000
vn 0.000000 0.000000 -1.000000
vn 0.000000 -0.650000 0.000000
vn 0.000000 1.000000 0.000000
vn 1.000000 0.000000 0.000000
vn 0.000000 0.000000 1.000000
vn -1.000000 0.000000 0.000000
vn 0.000000 0.000000 -1.000000
vn 0.000000 -0.650000 0.000000
vn 0.000000 1.000000 0.000000
vn 1.000000 0.000000 0.000000
vn 0.000000 0.000000 1.000000
vn -1.000000 0.000000 0.000000
vn 0.000000 0.000000 -1.000000
vn 0.000000 -0.650000 0.000000
vn 0.000000 1.000000 0.000000
vn 1.000000 0.000000 0.000000
vn 0.000000 0.000000 1.000000
vn -1.000000 0.000000 0.000000
vn 0.000000 0.000000 -1.000000
vn 0.000000 -0.650000 0.000000
vn 0.000000 1.000000 0.000000
vn 1.000000 0.000000 0.000000
vn 0.000000 0.000000 1.000000
vn -1.000000 0.000000 0.000000
vn 0.000000 0.000000 -1.000000
vn 0.000000 -0.650000 0.000000
vn 0.000000 1.000000 0.000000
vn 1.000000 0.000000 0.000000
vn 0.000000 0.000000 1.000000
vn -1.000000 0.000000 0.000000
vn 0.000000 0.000000 -1.000000
vn 0.000000 -0.650000 0.000000
vn 0.000000 1.000000 0.000000
vn 1.000000 0.000000 0.000000
vn 0.000000 0.000000 1.000000
vn -1.000000 0.000000 0.000000
vn 0.000000 0.000000 -1.000000
vn 0.000000 -0.650000 0.000000
vn 0.000000 1.000000 0.000000
vn 1.000000 0.000000 0.000000
vn 0.000000 0.000000 1.000000
vn -1.000000 0.000000 0.000000
vn 0.000000 0.000000 -1.000000
vn 0.000000 -0.650000 0.000000
vn 0.000000 1.000000 0.000000
vn 1.000000 0.000000 0.000000
vn 0.000000 0.000000 1.000000
vn -1.000000 0.000000 0.000000
vn 0.000000 0.000000 -1.000000
vn 0.000000 -0.650000 0.000000
vn 0.000000 1.000000 0.000000
vn 1.000000 0.000000 0.000000
vn 0.000000 0.000000 1.000000
vn -1.000000 0.000000 0.000000
vn 0.000000 0.000000 -1.000000
vn 0.000000 -0.650000 0.000000
vn 0.000000 1.000000 0.000000
vn 1.000000 0.000000 0.000000
vn 0.000000 0.000000 1.000000
vn -1.000000 0.000000 0.000000
vn 0.000000 0.000000 -1.000000
vn 0.000000 -0.650000 0.000000
vn 0.000000 1.000000 0.000000
vn 1.000000 0.000000 0.000000
vn 0.000000 0.000000 1.000000
vn -1.000000 0.000000 0.000000
vn 0.000000 0.000000 -1.000000
vn 0.000000 -0.650000 0.000000
vn 0.000000 1.000000 0.000000
vn 1.000000 0.000000 0.000000
vn 0.000000 0.000000 1.000000
vn -1.000000 0.000000 0.000000
vn 0.000000 0.000000 -1.000000
vn 0.000000 -0.650000 0.000000
vn 0.000000 1.000000 0.000000
vn 1.000000 0.000000 0.000000
vn 0.000000 0.000000 1.000000
vn -1.000000 0.000000 0.000000
vn 0.000000 0.000000 -1.000000
vn 0.000000 -0.650000 0.000000
vn 0.000000 1.000000 0.000000
vn 1.000000 0.000000 0.000000
vn 0.000000 0.000000 1.000000
vn -1.000000 0.000000 0.000000
vn 0.000000 0.000000 -1.000000
vn 0.000000 -0.650000 0.000000
vn 0.000000 1.000000 0.000000
vn 1.000000 0.000000 0.000000
vn 0.000000 0.000000 1.000000
vn -1.000000 0.000000 0.000000
vn 0.000000 0.000000 -1.000000
vn 0.000000 -0.650000 0.000000
vn 0.000000 1.000000 0.000000
vn 1.000000 0.000000 0.000000
vn 0.000000 0.000000 1.000000
vn -1.000000 0.000000 0.000000
vn 0.000000 0.000000 -1.000000
vn 0.000000 -0.650000 0.000000
vn 0.000000 1.000000 0.000000
vn 1.000000 0.000000 0.000000
vn 0.000000 0.000000 1.000000
vn -1.000000 0.000000 0.000000
vn 0.000000 0.000000 -1.000000
vn 0.000000 -0.650000 0.000000
vn 0.000000 1.000000 0.000000
vn 1.000000 0.000000 0.000000
vn 0.000000 0.000000 1.000000
vn -1.000000 0.000000 0.000000
vn 0.000000 0.000000 -1.000000
vn 0.000000 -0.650000 0.000000
vn 0.000000 1.000000 0.000000
vn 1.000000 0.000000 0.000000
vn 0.000000 0.000000 1.000000
vn -1.000000 0.000000 0.000000
vn 0.000000 0.000000 -1.000000
vn 0.000000 -0.650000 0.000000
vn 0.000000 1.000000 0.000000
vn 1.000000 0.000000 0.000000
vn 0.000000 0.000000 1.000000
vn -1.000000 0.000000 0.000000
vn 0.000000 0.000000 -1.000000
vn 0.000000 -0.650000 0.000000
vn 0.000000 1.000000 0.000000
vn 1.000000 0.000000 0.000000
vn 0.000000 0.000000 1.000000
vn -1.000000 0.000000 0.000000
vn 0.000000 0.000000 -1.000000
vn 0.000000 -0.650000 0.000000
vn 0.000000 1.000000 0.000000
vn 1.000000 0.000000 0.000000
vn 0.000000 0.000000 1.000000
vn -1.000000 0.000000 0.000000
vn 0.000000 0.000000 -1.000000
vn 0.000000 -0.650000 0.000000
vn 0.000000 1.000000 0.000000
vn 1.000000 0.000000 0.000000
vn 0.000000 0.000000 1.000000
vn -1.000000 0.000000 0.000000
vn 0.000000 0.000000 -1.000000
vn 0.000000 -0.650000 0.000000
vn 0.000000 1.000000 0.000000
vn 1.000000 0.000000 0.000000
vn 0.000000 0.000000 1.000000
vn -1.000000 0.000000 0.000000
vn 0.000000 0.000000 -1.000000
vn 0.000000 -0.650000 0.000000
vn 0.000000 1.000000 0.000000
vn 1.000000 0.000000 0.000000
vn 0.000000 0.000000 1.000000
vn -1.000000 0.000000 0.000000
vn 0.000000 0.000000 -1.000000
vn 0.000000 -0.650000 0.000000
vn 0.000000 1.000000 0.000000
vn 1.000000 0.000000 0.000000
vn 0.000000 0.000000 1.000000
vn -1.000000 0.000000 0.000000
vn 0.000000 0.000000 -1.000000
vn 0.000000 -0.650000 0.000000
vn 0.000000 1.000000 0.000000
vn 1.000000 0.000000 0.000000
vn 0.000000 0.000000 1.000000
vn -1.000000 0.000000 0.000000
vn 0.000000 0.000000 -1.000000
vn 0.000000 -0.650000 0.000000
vn 0.000000 1.000000 0.000000
vn 1.000000 0.000000 0.000000
vn 0.000000 0.000000 1.000000
vn -1.000000 0.000000 0.000000
vn 0.000000 0.000000 -1.000000
vn 0.000000 -0.650000 0.000000
vn 0.000000 1.000000 0.000000
vn 1.000000 0.000000 0.000000
vn 0.000000 0.000000 1.000000
vn -1.000000 0.000000 0.000000
vn 0.000000 0.000000 -1.000000
vn 0.000000 -0.650000 0.000000
vn 0.000000 1.000000 0.000000
vn 1.000000 0.000000 0.000000
vn 0.000000 0.000000 1.000000
vn -1.000000 0.000000 0.000000
vn 0.000000 0.000000 -1.000000
vn 0.000000 -0.650000 0.000000
vn 0.000000 1.000000 0.000000
vn 1.000000 0.000000 0.000000
vn 0.000000 0.000000 1.000000
vn -1.000000 0.000000 0.000000
vn 0.000000 0.000000 -1.000000
vn 0.000000 -0.650000 0.000000
vn 0.000000 1.000000 0.000000
vn 1.000000 0.000000 0.000000
vn 0.000000 0.000000 1.000000
vn -1.000000 0.000000 0.000000
vn 0.000000 0.000000 -1.000000
vn 0.000000 -0.650000 0.000000
vn 0.000000 1.000000 0.000000
vn 1.000000 0.000000 0.000000
vn 0.000000 0.000000 1.000000
vn -1.000000 0.000000 0.000000
vn 0.000000 0.000000 -1.000000
vn 0.000000 -0.650000 0.000000
vn 0.000000 1.000000 0.000000
vn 1.000000 0.000000 0.000000
vn 0.000000 0.000000 1.000000
vn -1.000000 0.000000 0.000000
vn 0.000000 0.000000 -1.000000
vn 0.000000 -0.650000 0.000000
vn 0.000000 1.000000 0.000000
vn 1.000000 0.000000 0.000000
vn 0.000000 0.000000 1.000000
vn -1.000000 0.000000 0.000000
vn 0.000000 0.000000 -1.000000
vn 0.000000 -0.650000 0.000000
vn 0.000000 1.000000 0.000000
vn 1.000000 0.000000 0.000000
vn 0.000000 0.000000 1.000000
vn -1.000000 0.000000 0.000000
vn 0.000000 0.000000 -1.000000
vn 0.000000 -0.650000 0.000000
vn 0.000000 1.000000 0.000000
vn 1.000000 0.000000 0.000000
vn 0.000000 0.000000 1.000000
vn -1.000000 0.000000 0.000000
vn 0.000000 0.000000 -1.000000
vn 0.000000 -0.650000 0.000000
vn 0.000000 1.000000 0.000000
vn 1.000000 0.000000 0.000000
vn 0.000000 0.000000 1.000000
vn -1.000000 0.000000 0.000000
vn 0.000000 0.000000 -1.000000
vn 0.000000 -0.650000 0.000000
vn 0.000000 1.000000 0.000000
vn 1.000000 0.000000 0.000000
vn 0.000000 0.000000 1.000000
vn -1.000000 0.000000 0.000000
vn 0.000000 0.000000 -1.000000
vn 0.000000 -0.650000 0.000000
vn 0.000000 1.000000 0.000000
vn 1.000000 0.000000 0.000000
vn 0.000000 0.000000 1.000000
vn -1.000000 0.000000 0.000000
vn 0.000000 0.000000 -1.000000
vn 0.000000 -0.650000 0.000000
vn 0.000000 1.000000 0.000000
vn 1.000000 0.000000 0.000000
vn 0.000000 0.000000 1.000000
vn -1.000000 0.000000 0.000000
vn 0.000000 0.000000 -1.000000
vn 0.000000 -0.650000 0.000000
vn 0.000000 1.000000 0.000000
vn 1.000000 0.000000 0.000000
vn 0.000000 0.000000 1.000000
vn -1.000000 0.000000 0.000000
vn 0.000000 0.000000 -1.000000
vn 0.000000 -0.650000 0.000000
vn 0.000000 1.000000 0.000000
vn 1.000000 0.000000 0.000000
vn 0.000000 0.000000 1.000000
vn -1.000000 0.000000 0.000000
vn 0.000000 0.000000 -1.000000
vn 0.000000 -0.650000 0.000000
vn 0.000000 1.000000 0.000000
vn 1.000000 0.000000 0.000000
vn 0.000000 0.000000 1.000000
vn -1.000000 0.000000 0.000000
vn 0.000000 0.000000 -1.000000
vn 0.000000 -0.650000 0.000000
vn 0.000000 1.000000 0.000000
vn 1.000000 0.000000 0.000000
vn 0.000000 0.000000 1.000000
vn -1.000000 0.000000 0.000000
vn 0.000000 0.000000 -1.000000
vn 0.000000 -0.650000 0.000000
vn 0.000000 1.000000 0.000000
vn 1.000000 0.000000 0.000000
vn 0.000000 0.000000 1.000000
vn -1.000000 0.000000 0.000000
vn 0.000000 0.000000 -1.000000
vn 0.000000 -0.650000 0.000000
vn 0.000000 1.000000 0.000000
vn 1.000000 0.000000 0.000000
vn 0.000000 0.000000 1.000000
vn -1.000000 0.000000 0.000000
vn 0.000000 0.000000 -1.000000
vn 0.000000 -0.650000 0.000000
vn 0.000000 1.000000 0.000000
vn 1.000000 0.000000 0.000000
vn 0.000000 0.000000 1.000000
vn -1.000000 0.000000 0.000000
vn 0.000000 0.000000 -1.000000
vn 0.000000 -0.650000 0.000000
vn 0.000000 1.000000 0.000000
vn 1.000000 0.000000 0.000000
vn 0.000000 0.000000 1.000000
vn -1.000000 0.000000 0.000000
vn 0.000000 0.000000 -1.000000
vn 0.000000 -0.650000 0.000000
vn 0.000000 1.000000 0.000000
vn 1.000000 0.000000 0.000000
vn 0.000000 0.000000 1.000000
vn -1.000000 0.000000 0.000000
vn 0.000000 0.000000 -1.000000
vn 0.000000 -0.650000 0.000000
vn 0.000000 1.000000 0.000000
vn 1.000000 0.000000 0.000000
vn 0.000000 0.000000 1.000000
vn -1.000000 0.000000 0.000000
vn 0.000000 0.000000 -1.000000
vn 0.000000 -0.650000 0.000000
vn 0.000000 1.000000 0.000000
vn 1.000000 0.000000 0.000000
vn 0.000000 0.000000 1.000000
vn -1.000000 0.000000 0.000000
vn 0.000000 0.000000 -1.000000
vn 0.000000 -0.650000 0.000000
vn 0.000000 1.000000 0.000000
vn 1.000000 0.000000 0.000000
vn 0.000000 0.000000 1.000000
vn -1.000000 0.000000 0.000000
vn 0.000000 0.000000 -1.000000
vn 0.000000 -0.650000 0.000000
vn 0.000000 1.000000 0.000000
vn 1.000000 0.000000 0.000000
vn 0.000000 0.000000 1.000000
vn -1.000000 0.000000 0.000000
vn 0.000000 0.000000 -1.000000
vn 0.000000 -0.650000 0.000000
vn 0.000000 1.000000 0.000000
vn 1.000000 0.000000 0.000000
vn 0.000000 0.000000 1.000000
vn -1.000000 0.000000 0.000000
vn 0.000000 0.000000 -1.000000
vn 0.000000 -0.650000 0.000000
vn 0.000000 1.000000 0.000000
vn 1.000000 0.000000 0.000000
vn 0.000000 0.000000 1.000000
vn -1.000000 0.000000 0.000000
vn 0.000000 0.000000 -1.000000
vn 0.000000 -0.650000 0.000000
vn 0.000000 1.000000 0.000000
vn 1.000000 0.000000 0.000000
vn 0.000000 0.000000 1.000000
vn -1.000000 0.000000 0.000000
vn 0.000000 0.000000 -1.000000
vn 0.000000 -0.650000 0.000000
vn 0.000000 1.000000 0.000000
vn 1.000000 0.000000 0.000000
vn 0.000000 0.000000 1.000000
vn -1.000000 0.000000 0.000000
vn 0.000000 0.000000 -1.000000
vn 0.000000 -0.650000 0.000000
vn 0.000000 1.000000 0.000000
vn 1.000000 0.000000 0.000000
vn 0.000000 0.000000 1.000000
vn -1.000000 0.000000 0.000000
vn 0.000000 0.000000 -1.000000
vn 0.000000 -0.650000 0.000000
vn 0.000000 1.000000 0.000000
vn 1.000000 0.000000 0.000000
vn 0.000000 0.000000 1.000000
vn -1.000000 0.000000 0.000000
vn 0.000000 0.000000 -1.000000
vn 0.000000 -0.650000 0.000000
vn 0.000000 1.000000 0.000000
vn 1.000000 0.000000 0.000000
vn 0.000000 0.000000 1.000000
vn -1.000000 0.000000 0.000000
vn 0.000000 0.000000 -1.000000
vn 0.000000 -0.650000 0.000000
vn 0.000000 1.000000 0.000000
vn 1.000000 0.000000 0.000000
vn 0.000000 0.000000 1.000000
vn -1.000000 0.000000 0.000000
vn 0.000000 0.000000 -1.000000
vn 0.000000 -0.650000 0.000000
vn 0.000000 1.000000 0.000000
vn 1.000000 0.000000 0.000000
vn 0.000000 0.000000 1.000000
vn -1.000000 0.000000 0.000000
vn 0.000000 0.000000 -1.000000
vn 0.000000 -0.650000 0.000000
vn 0.000000 1.000000 0.000000
vn 1.000000 0.000000 0.000000
vn 0.000000 0.000000 1.000000
vn -1.000000 0.000000 0.000000
vn 0.000000 0.000000 -1.000000
vn 0.000000 -0.650000 0.000000
vn 0.000000 1.000000 0.000000
vn 1.000000 0.000000 0.000000
vn 0.000000 0.000000 1.000000
vn -1.000000 0.000000 0.000000
vn 0.000000 0.000000 -1.000000
vn 0.000000 -0.650000 0.000000
vn 0.000000 1.000000 0.000000
vn 1.000000 0.000000 0.000000
vn 0.000000 0.000000 1.000000
vn -1.000000 0.000000 0.000000
vn 0.000000 0.000000 -1.000000
vn 0.000000 -0.650000 0.000000
vn 0.000000 1.000000 0.000000
vn 1.000000 0.000000 0.000000
vn 0.000000 0.000000 1.000000
vn -1.000000 0.000000 0.000000
vn 0.000000 0.000000 -1.000000
vn 0.000000 -0.650000 0.000000
vn 0.000000 1.000000 0.000000
vn 1.000000 0.000000 0.000000
vn 0.000000 0.000000 1.000000
vn -1.000000 0.000000 0.000000
vn 0.000000 0.000000 -1.000000
vn 0.000000 -0.650000 0.000000
vn 0.000000 1.000000 0.000000
vn 1.000000 0.000000 0.000000
vn 0.000000 0.000000 1.000000
vn -1.000000 0.000000 0.000000
vn 0.000000 0.000000 -1.000000
vn 0.000000 -0.650000 0.000000
vn 0.000000 1.000000 0.000000
vn 1.000000 0.000000 0.000000
vn 0.000000 0.000000 1.000000
vn -1.000000 0.000000 0.000000
vn 0.000000 0.000000 -1.000000
vn 0.000000 -0.650000 0.000000
vn 0.000000 1.000000 0.000000
vn 1.000000 0.000000 0.000000
vn 0.000000 0.000000 1.000000
vn -1.000000 0.000000 0.000000
vn 0.000000 0.000000 -1.000000
vn 0.000000 -0.650000 0.000000
vn 0.000000 1.000000 0.000000
vn 1.000000 0.000000 0.000000
vn 0.000000 0.000000 1.000000
vn -1.000000 0.000000 0.000000
vn 0.000000 0.000000 -1.000000
vn 0.000000 -0.650000 0.000000
vn 0.000000 1.000000 0.000000
vn 1.000000 0.000000 0.000000
vn 0.000000 0.000000 1.000000
vn -1.000000 0.000000 0.000000
vn 0.000000 0.000000 -1.000000
vn 0.000000 -0.650000 0.000000
vn 0.000000 1.000000 0.000000
vn 1.000000 0.000000 0.000000
vn 0.000000 0.000000 1.000000
vn -1.000000 0.000000 0.000000
vn 0.000000 0.000000 -1.000000
vn 0.000000 -0.650000 0.000000
vn 0.000000 1.000000 0.000000
vn 1.000000 0.000000 0.000000
vn 0.000000 0.000000 1.000000
vn -1.000000 0.000000 0.000000
vn 0.000000 0.000000 -1.000000
vn 0.000000 -0.650000 0.000000
vn 0.000000 1.000000 0.000000
vn 1.000000 0.000000 0.000000
vn 0.000000 0.000000 1.000000
vn -1.000000 0.000000 0.000000
vn 0.000000 0.000000 -1.000000
vn 0.000000 -0.650000 0.000000
vn 0.000000 1.000000 0.000000
vn 1.000000 0.000000 0.000000
vn 0.000000 0.000000 1.000000
vn -1.000000 0.000000 0.000000
vn 0.000000 0.000000 -1.000000
vn 0.000000 -0.650000 0.000000
vn 0.000000 1.000000 0.000000
vn 1.000000 0.000000 0.000000
vn 0.000000 0.000000 1.000000
vn -1.000000 0.000000 0.000000
vn 0.000000 0.000000 -1.000000
vn 0.000000 -0.650000 0.000000
vn 0.000000 1.000000 0.000000
vn 1.000000 0.000000 0.000000
vn 0.000000 0.000000 1.000000
vn -1.000000 0.000000 0.000000
vn 0.000000 0.000000 -1.000000
vn 0.000000 -0.650000 0.000000
vn 0.000000 1.000000 0.000000
vn 1.000000 0.000000 0.000000
vn 0.000000 0.000000 1.000000
vn -1.000000 0.000000 0.000000
vn 0.000000 0.000000 -1.000000
vn 0.000000 -0.650000 0.000000
vn 0.000000 1.000000 0.000000
vn 1.000000 0.000000 0.000000
vn 0.000000 0.000000 1.000000
vn -1.000000 0.000000 0.000000
vn 0.000000 0.000000 -1.000000
vn 0.000000 -0.650000 0.000000
vn 0.000000 1.000000 0.000000
vn 1.000000 0.000000 0.000000
vn 0.000000 0.000000 1.000000
vn -1.000000 0.000000 0.000000
vn 0.000000 0.000000 -1.000000
vn 0.000000 -0.650000 0.000000
vn 0.000000 1.000000 0.000000
vn 1.000000 0.000000 0.000000
vn 0.000000 0.000000 1.000000
vn -1.000000 0.000000 0.000000
vn 0.000000 0.000000 -1.000000
vn 0.000000 -0.650000 0.000000
vn 0.000000 1.000000 0.000000
vn 1.000000 0.000000 0.000000
vn 0.000000 0.000000 1.000000
vn -1.000000 0.000000 0.000000
vn 0.000000 0.000000 -1.000000
vn 0.000000 -0.650000 0.000000
vn 0.000000 1.000000 0.000000
vn 1.000000 0.000000 0.000000
vn 0.000000 0.000000 1.000000
vn -1.000000 0.000000 0.000000
vn 0.000000 0.000000 -1.000000
vn 0.000000 -0.650000 0.000000
vn 0.000000 1.000000 0.000000
vn 1.000000 0.000000 0.000000
vn 0.000000 0.000000 1.000000
vn -1.000000 0.000000 0.000000
vn 0.000000 0.000000 -1.000000
vn 0.000000 -0.650000 0.000000
vn 0.000000 1.000000 0.000000
vn 1.000000 0.000000 0.000000
vn 0.000000 0.000000 1.000000
vn -1.000000 0.000000 0.000000
vn 0.000000 0.000000 -1.000000
vn 0.000000 -0.650000 0.000000
vn 0.000000 1.000000 0.000000
vn 1.000000 0.000000 0.000000
vn 0.000000 0.000000 1.000000
vn -1.000000 0.000000 0.000000
vn 0.000000 0.000000 -1.000000
vn 0.000000 -0.650000 0.000000
vn 0.000000 1.000000 0.000000
vn 1.000000 0.000000 0.000000
vn 0.000000 0.000000 1.000000
vn -1.000000 0.000000 0.000000
vn 0.000000 0.000000 -1.000000
vn 0.000000 -0.650000 0.000000
vn 0.000000 1.000000 0.000000
vn 1.000000 0.000000 0.000000
vn 0.000000 0.000000 1.000000
vn -1.000000 0.000000 0.000000
vn 0.000000 0.000000 -1.000000
vn 0.000000 -0.650000 0.000000
vn 0.000000 1.000000 0.000000
vn 1.000000 0.000000 0.000000
vn 0.000000 0.000000 1.000000
vn -1.000000 0.000000 0.000000
vn 0.000000 0.000000 -1.000000
vn 0.000000 -0.650000 0.000000
vn 0.000000 1.000000 0.000000
vn 1.000000 0.000000 0.000000
vn 0.000000 0.000000 1.000000
vn -1.000000 0.000000 0.000000
vn 0.000000 0.000000 -1.000000
vn 0.000000 -0.650000 0.000000
vn 0.000000 1.000000 0.000000
vn 1.000000 0.000000 0.000000
vn 0.000000 0.000000 1.000000
vn -1.000000 0.000000 0.000000
vn 0.000000 0.000000 -1.000000
vn 0.000000 -0.650000 0.000000
vn 0.000000 1.000000 0.000000
vn 1.000000 0.000000 0.000000
vn 0.000000 0.000000 1.000000
vn -1.000000 0.000000 0.000000
vn 0.000000 0.000000 -1.000000
vn 0.000000 -0.650000 0.000000
vn 0.000000 1.000000 0.000000
vn 1.000000 0.000000 0.000000
vn 0.000000 0.000000 1.000000
vn -1.000000 0.000000 0.000000
vn 0.000000 0.000000 -1.000000
vn 0.000000 -0.650000 0.000000
vn 0.000000 1.000000 0.000000
vn 1.000000 0.000000 0.000000
vn 0.000000 0.000000 1.000000
vn -1.000000 0.000000 0.000000
vn 0.000000 0.000000 -1.000000
vn 0.000000 -0.650000 0.000000
usemtl CuO_BlackPowder
f 1/1/1 50/50/50 2/2/2
f 2/2/2 50/50/50 51/51/51
f 2/2/2 51/51/51 3/3/3
f 3/3/3 51/51/51 52/52/52
f 3/3/3 52/52/52 4/4/4
f 4/4/4 52/52/52 53/53/53
f 4/4/4 53/53/53 5/5/5
f 5/5/5 53/53/53 54/54/54
f 5/5/5 54/54/54 6/6/6
f 6/6/6 54/54/54 55/55/55
f 6/6/6 55/55/55 7/7/7
f 7/7/7 55/55/55 56/56/56
f 7/7/7 56/56/56 8/8/8
f 8/8/8 56/56/56 57/57/57
f 8/8/8 57/57/57 9/9/9
f 9/9/9 57/57/57 58/58/58
f 9/9/9 58/58/58 10/10/10
f 10/10/10 58/58/58 59/59/59
f 10/10/10 59/59/59 11/11/11
f 11/11/11 59/59/59 60/60/60
f 11/11/11 60/60/60 12/12/12
f 12/12/12 60/60/60 61/61/61
f 12/12/12 61/61/61 13/13/13
f 13/13/13 61/61/61 62/62/62
f 13/13/13 62/62/62 14/14/14
f 14/14/14 62/62/62 63/63/63
f 14/14/14 63/63/63 15/15/15
f 15/15/15 63/63/63 64/64/64
f 15/15/15 64/64/64 16/16/16
f 16/16/16 64/64/64 65/65/65
f 16/16/16 65/65/65 17/17/17
f 17/17/17 65/65/65 66/66/66
f 17/17/17 66/66/66 18/18/18
f 18/18/18 66/66/66 67/67/67
f 18/18/18 67/67/67 19/19/19
f 19/19/19 67/67/67 68/68/68
f 19/19/19 68/68/68 20/20/20
f 20/20/20 68/68/68 69/69/69
f 20/20/20 69/69/69 21/21/21
f 21/21/21 69/69/69 70/70/70
f 21/21/21 70/70/70 22/22/22
f 22/22/22 70/70/70 71/71/71
f 22/22/22 71/71/71 23/23/23
f 23/23/23 71/71/71 72/72/72
f 23/23/23 72/72/72 24/24/24
f 24/24/24 72/72/72 73/73/73
f 24/24/24 73/73/73 25/25/25
f 25/25/25 73/73/73 74/74/74
f 25/25/25 74/74/74 26/26/26
f 26/26/26 74/74/74 75/75/75
f 26/26/26 75/75/75 27/27/27
f 27/27/27 75/75/75 76/76/76
f 27/27/27 76/76/76 28/28/28
f 28/28/28 76/76/76 77/77/77
f 28/28/28 77/77/77 29/29/29
f 29/29/29 77/77/77 78/78/78
f 29/29/29 78/78/78 30/30/30
f 30/30/30 78/78/78 79/79/79
f 30/30/30 79/79/79 31/31/31
f 31/31/31 79/79/79 80/80/80
f 31/31/31 80/80/80 32/32/32
f 32/32/32 80/80/80 81/81/81
f 32/32/32 81/81/81 33/33/33
f 33/33/33 81/81/81 82/82/82
f 33/33/33 82/82/82 34/34/34
f 34/34/34 82/82/82 83/83/83
f 34/34/34 83/83/83 35/35/35
f 35/35/35 83/83/83 84/84/84
f 35/35/35 84/84/84 36/36/36
f 36/36/36 84/84/84 85/85/85
f 36/36/36 85/85/85 37/37/37
f 37/37/37 85/85/85 86/86/86
f 37/37/37 86/86/86 38/38/38
f 38/38/38 86/86/86 87/87/87
f 38/38/38 87/87/87 39/39/39
f 39/39/39 87/87/87 88/88/88
f 39/39/39 88/88/88 40/40/40
f 40/40/40 88/88/88 89/89/89
f 40/40/40 89/89/89 41/41/41
f 41/41/41 89/89/89 90/90/90
f 41/41/41 90/90/90 42/42/42
f 42/42/42 90/90/90 91/91/91
f 42/42/42 91/91/91 43/43/43
f 43/43/43 91/91/91 92/92/92
f 43/43/43 92/92/92 44/44/44
f 44/44/44 92/92/92 93/93/93
f 44/44/44 93/93/93 45/45/45
f 45/45/45 93/93/93 94/94/94
f 45/45/45 94/94/94 46/46/46
f 46/46/46 94/94/94 95/95/95
f 46/46/46 95/95/95 47/47/47
f 47/47/47 95/95/95 96/96/96
f 47/47/47 96/96/96 48/48/48
f 48/48/48 96/96/96 97/97/97
f 48/48/48 97/97/97 49/49/49
f 49/49/49 97/97/97 98/98/98
f 50/50/50 99/99/99 51/51/51
f 51/51/51 99/99/99 100/100/100
f 51/51/51 100/100/100 52/52/52
f 52/52/52 100/100/100 101/101/101
f 52/52/52 101/101/101 53/53/53
f 53/53/53 101/101/101 102/102/102
f 53/53/53 102/102/102 54/54/54
f 54/54/54 102/102/102 103/103/103
f 54/54/54 103/103/103 55/55/55
f 55/55/55 103/103/103 104/104/104
f 55/55/55 104/104/104 56/56/56
f 56/56/56 104/104/104 105/105/105
f 56/56/56 105/105/105 57/57/57
f 57/57/57 105/105/105 106/106/106
f 57/57/57 106/106/106 58/58/58
f 58/58/58 106/106/106 107/107/107
f 58/58/58 107/107/107 59/59/59
f 59/59/59 107/107/107 108/108/108
f 59/59/59 108/108/108 60/60/60
f 60/60/60 108/108/108 109/109/109
f 60/60/60 109/109/109 61/61/61
f 61/61/61 109/109/109 110/110/110
f 61/61/61 110/110/110 62/62/62
f 62/62/62 110/110/110 111/111/111
f 62/62/62 111/111/111 63/63/63
f 63/63/63 111/111/111 112/112/112
f 63/63/63 112/112/112 64/64/64
f 64/64/64 112/112/112 113/113/113
f 64/64/64 113/113/113 65/65/65
f 65/65/65 113/113/113 114/114/114
f 65/65/65 114/114/114 66/66/66
f 66/66/66 114/114/114 115/115/115
f 66/66/66 115/115/115 67/67/67
f 67/67/67 115/115/115 116/116/116
f 67/67/67 116/116/116 68/68/68
f 68/68/68 116/116/116 117/117/117
f 68/68/68 117/117/117 69/69/69
f 69/69/69 117/117/117 118/118/118
f 69/69/69 118/118/118 70/70/70
f 70/70/70 118/118/118 119/119/119
f 70/70/70 119/119/119 71/71/71
f 71/71/71 119/119/119 120/120/120
f 71/71/71 120/120/120 72/72/72
f 72/72/72 120/120/120 121/121/121
f 72/72/72 121/121/121 73/73/73
f 73/73/73 121/121/121 122/122/122
f 73/73/73 122/122/122 74/74/74
f 74/74/74 122/122/122 123/123/123
f 74/74/74 123/123/123 75/75/75
f 75/75/75 123/123/123 124/124/124
f 75/75/75 124/124/124 76/76/76
f 76/76/76 124/124/124 125/125/125
f 76/76/76 125/125/125 77/77/77
f 77/77/77 125/125/125 126/126/126
f 77/77/77 126/126/126 78/78/78
f 78/78/78 126/126/126 127/127/127
f 78/78/78 127/127/127 79/79/79
f 79/79/79 127/127/127 128/128/128
f 79/79/79 128/128/128 80/80/80
f 80/80/80 128/128/128 129/129/129
f 80/80/80 129/129/129 81/81/81
f 81/81/81 129/129/129 130/130/130
f 81/81/81 130/130/130 82/82/82
f 82/82/82 130/130/130 131/131/131
f 82/82/82 131/131/131 83/83/83
f 83/83/83 131/131/131 132/132/132
f 83/83/83 132/132/132 84/84/84
f 84/84/84 132/132/132 133/133/133
f 84/84/84 133/133/133 85/85/85
f 85/85/85 133/133/133 134/134/134
f 85/85/85 134/134/134 86/86/86
f 86/86/86 134/134/134 135/135/135
f 86/86/86 135/135/135 87/87/87
f 87/87/87 135/135/135 136/136/136
f 87/87/87 136/136/136 88/88/88
f 88/88/88 136/136/136 137/137/137
f 88/88/88 137/137/137 89/89/89
f 89/89/89 137/137/137 138/138/138
f 89/89/89 138/138/138 90/90/90
f 90/90/90 138/138/138 139/139/139
f 90/90/90 139/139/139 91/91/91
f 91/91/91 139/139/139 140/140/140
f 91/91/91 140/140/140 92/92/92
f 92/92/92 140/140/140 141/141/141
f 92/92/92 141/141/141 93/93/93
f 93/93/93 141/141/141 142/142/142
f 93/93/93 142/142/142 94/94/94
f 94/94/94 142/142/142 143/143/143
f 94/94/94 143/143/143 95/95/95
f 95/95/95 143/143/143 144/144/144
f 95/95/95 144/144/144 96/96/96
f 96/96/96 144/144/144 145/145/145
f 96/96/96 145/145/145 97/97/97
f 97/97/97 145/145/145 146/146/146
f 97/97/97 146/146/146 98/98/98
f 98/98/98 146/146/146 147/147/147
f 99/99/99 148/148/148 100/100/100
f 100/100/100 148/148/148 149/149/149
f 100/100/100 149/149/149 101/101/101
f 101/101/101 149/149/149 150/150/150
f 101/101/101 150/150/150 102/102/102
f 102/102/102 150/150/150 151/151/151
f 102/102/102 151/151/151 103/103/103
f 103/103/103 151/151/151 152/152/152
f 103/103/103 152/152/152 104/104/104
f 104/104/104 152/152/152 153/153/153
f 104/104/104 153/153/153 105/105/105
f 105/105/105 153/153/153 154/154/154
f 105/105/105 154/154/154 106/106/106
f 106/106/106 154/154/154 155/155/155
f 106/106/106 155/155/155 107/107/107
f 107/107/107 155/155/155 156/156/156
f 107/107/107 156/156/156 108/108/108
f 108/108/108 156/156/156 157/157/157
f 108/108/108 157/157/157 109/109/109
f 109/109/109 157/157/157 158/158/158
f 109/109/109 158/158/158 110/110/110
f 110/110/110 158/158/158 159/159/159
f 110/110/110 159/159/159 111/111/111
f 111/111/111 159/159/159 160/160/160
f 111/111/111 160/160/160 112/112/112
f 112/112/112 160/160/160 161/161/161
f 112/112/112 161/161/161 113/113/113
f 113/113/113 161/161/161 162/162/162
f 113/113/113 162/162/162 114/114/114
f 114/114/114 162/162/162 163/163/163
f 114/114/114 163/163/163 115/115/115
f 115/115/115 163/163/163 164/164/164
f 115/115/115 164/164/164 116/116/116
f 116/116/116 164/164/164 165/165/165
f 116/116/116 165/165/165 117/117/117
f 117/117/117 165/165/165 166/166/166
f 117/117/117 166/166/166 118/118/118
f 118/118/118 166/166/166 167/167/167
f 118/118/118 167/167/167 119/119/119
f 119/119/119 167/167/167 168/168/168
f 119/119/119 168/168/168 120/120/120
f 120/120/120 168/168/168 169/169/169
f 120/120/120 169/169/169 121/121/121
f 121/121/121 169/169/169 170/170/170
f 121/121/121 170/170/170 122/122/122
f 122/122/122 170/170/170 171/171/171
f 122/122/122 171/171/171 123/123/123
f 123/123/123 171/171/171 172/172/172
f 123/123/123 172/172/172 124/124/124
f 124/124/124 172/172/172 173/173/173
f 124/124/124 173/173/173 125/125/125
f 125/125/125 173/173/173 174/174/174
f 125/125/125 174/174/174 126/126/126
f 126/126/126 174/174/174 175/175/175
f 126/126/126 175/175/175 127/127/127
f 127/127/127 175/175/175 176/176/176
f 127/127/127 176/176/176 128/128/128
f 128/128/128 176/176/176 177/177/177
f 128/128/128 177/177/177 129/129/129
f 129/129/129 177/177/177 178/178/178
f 129/129/129 178/178/178 130/130/130
f 130/130/130 178/178/178 179/179/179
f 130/130/130 179/179/179 131/131/131
f 131/131/131 179/179/179 180/180/180
f 131/131/131 180/180/180 132/132/132
f 132/132/132 180/180/180 181/181/181
f 132/132/132 181/181/181 133/133/133
f 133/133/133 181/181/181 182/182/182
f 133/133/133 182/182/182 134/134/134
f 134/134/134 182/182/182 183/183/183
f 134/134/134 183/183/183 135/135/135
f 135/135/135 183/183/183 184/184/184
f 135/135/135 184/184/184 136/136/136
f 136/136/136 184/184/184 185/185/185
f 136/136/136 185/185/185 137/137/137
f 137/137/137 185/185/185 186/186/186
f 137/137/137 186/186/186 138/138/138
f 138/138/138 186/186/186 187/187/187
f 138/138/138 187/187/187 139/139/139
f 139/139/139 187/187/187 188/188/188
f 139/139/139 188/188/188 140/140/140
f 140/140/140 188/188/188 189/189/189
f 140/140/140 189/189/189 141/141/141
f 141/141/141 189/189/189 190/190/190
f 141/141/141 190/190/190 142/142/142
f 142/142/142 190/190/190 191/191/191
f 142/142/142 191/191/191 143/143/143
f 143/143/143 191/191/191 192/192/192
f 143/143/143 192/192/192 144/144/144
f 144/144/144 192/192/192 193/193/193
f 144/144/144 193/193/193 145/145/145
f 145/145/145 193/193/193 194/194/194
f 145/145/145 194/194/194 146/146/146
f 146/146/146 194/194/194 195/195/195
f 146/146/146 195/195/195 147/147/147
f 147/147/147 195/195/195 196/196/196
f 148/148/148 197/197/197 149/149/149
f 149/149/149 197/197/197 198/198/198
f 149/149/149 198/198/198 150/150/150
f 150/150/150 198/198/198 199/199/199
f 150/150/150 199/199/199 151/151/151
f 151/151/151 199/199/199 200/200/200
f 151/151/151 200/200/200 152/152/152
f 152/152/152 200/200/200 201/201/201
f 152/152/152 201/201/201 153/153/153
f 153/153/153 201/201/201 202/202/202
f 153/153/153 202/202/202 154/154/154
f 154/154/154 202/202/202 203/203/203
f 154/154/154 203/203/203 155/155/155
f 155/155/155 203/203/203 204/204/204
f 155/155/155 204/204/204 156/156/156
f 156/156/156 204/204/204 205/205/205
f 156/156/156 205/205/205 157/157/157
f 157/157/157 205/205/205 206/206/206
f 157/157/157 206/206/206 158/158/158
f 158/158/158 206/206/206 207/207/207
f 158/158/158 207/207/207 159/159/159
f 159/159/159 207/207/207 208/208/208
f 159/159/159 208/208/208 160/160/160
f 160/160/160 208/208/208 209/209/209
f 160/160/160 209/209/209 161/161/161
f 161/161/161 209/209/209 210/210/210
f 161/161/161 210/210/210 162/162/162
f 162/162/162 210/210/210 211/211/211
f 162/162/162 211/211/211 163/163/163
f 163/163/163 211/211/211 212/212/212
f 163/163/163 212/212/212 164/164/164
f 164/164/164 212/212/212 213/213/213
f 164/164/164 213/213/213 165/165/165
f 165/165/165 213/213/213 214/214/214
f 165/165/165 214/214/214 166/166/166
f 166/166/166 214/214/214 215/215/215
f 166/166/166 215/215/215 167/167/167
f 167/167/167 215/215/215 216/216/216
f 167/167/167 216/216/216 168/168/168
f 168/168/168 216/216/216 217/217/217
f 168/168/168 217/217/217 169/169/169
f 169/169/169 217/217/217 218/218/218
f 169/169/169 218/218/218 170/170/170
f 170/170/170 218/218/218 219/219/219
f 170/170/170 219/219/219 171/171/171
f 171/171/171 219/219/219 220/220/220
f 171/171/171 220/220/220 172/172/172
f 172/172/172 220/220/220 221/221/221
f 172/172/172 221/221/221 173/173/173
f 173/173/173 221/221/221 222/222/222
f 173/173/173 222/222/222 174/174/174
f 174/174/174 222/222/222 223/223/223
f 174/174/174 223/223/223 175/175/175
f 175/175/175 223/223/223 224/224/224
f 175/175/175 224/224/224 176/176/176
f 176/176/176 224/224/224 225/225/225
f 176/176/176 225/225/225 177/177/177
f 177/177/177 225/225/225 226/226/226
f 177/177/177 226/226/226 178/178/178
f 178/178/178 226/226/226 227/227/227
f 178/178/178 227/227/227 179/179/179
f 179/179/179 227/227/227 228/228/228
f 179/179/179 228/228/228 180/180/180
f 180/180/180 228/228/228 229/229/229
f 180/180/180 229/229/229 181/181/181
f 181/181/181 229/229/229 230/230/230
f 181/181/181 230/230/230 182/182/182
f 182/182/182 230/230/230 231/231/231
f 182/182/182 231/231/231 183/183/183
f 183/183/183 231/231/231 232/232/232
f 183/183/183 232/232/232 184/184/184
f 184/184/184 232/232/232 233/233/233
f 184/184/184 233/233/233 185/185/185
f 185/185/185 233/233/233 234/234/234
f 185/185/185 234/234/234 186/186/186
f 186/186/186 234/234/234 235/235/235
f 186/186/186 235/235/235 187/187/187
f 187/187/187 235/235/235 236/236/236
f 187/187/187 236/236/236 188/188/188
f 188/188/188 236/236/236 237/237/237
f 188/188/188 237/237/237 189/189/189
f 189/189/189 237/237/237 238/238/238
f 189/189/189 238/238/238 190/190/190
f 190/190/190 238/238/238 239/239/239
f 190/190/190 239/239/239 191/191/191
f 191/191/191 239/239/239 240/240/240
f 191/191/191 240/240/240 192/192/192
f 192/192/192 240/240/240 241/241/241
f 192/192/192 241/241/241 193/193/193
f 193/193/193 241/241/241 242/242/242
f 193/193/193 242/242/242 194/194/194
f 194/194/194 242/242/242 243/243/243
f 194/194/194 243/243/243 195/195/195
f 195/195/195 243/243/243 244/244/244
f 195/195/195 244/244/244 196/196/196
f 196/196/196 244/244/244 245/245/245
f 197/197/197 246/246/246 198/198/198
f 198/198/198 246/246/246 247/247/247
f 198/198/198 247/247/247 199/199/199
f 199/199/199 247/247/247 248/248/248
f 199/199/199 248/248/248 200/200/200
f 200/200/200 248/248/248 249/249/249
f 200/200/200 249/249/249 201/201/201
f 201/201/201 249/249/249 250/250/250
f 201/201/201 250/250/250 202/202/202
f 202/202/202 250/250/250 251/251/251
f 202/202/202 251/251/251 203/203/203
f 203/203/203 251/251/251 252/252/252
f 203/203/203 252/252/252 204/204/204
f 204/204/204 252/252/252 253/253/253
f 204/204/204 253/253/253 205/205/205
f 205/205/205 253/253/253 254/254/254
f 205/205/205 254/254/254 206/206/206
f 206/206/206 254/254/254 255/255/255
f 206/206/206 255/255/255 207/207/207
f 207/207/207 255/255/255 256/256/256
f 207/207/207 256/256/256 208/208/208
f 208/208/208 256/256/256 257/257/257
f 208/208/208 257/257/257 209/209/209
f 209/209/209 257/257/257 258/258/258
f 209/209/209 258/258/258 210/210/210
f 210/210/210 258/258/258 259/259/259
f 210/210/210 259/259/259 211/211/211
f 211/211/211 259/259/259 260/260/260
f 211/211/211 260/260/260 212/212/212
f 212/212/212 260/260/260 261/261/261
f 212/212/212 261/261/261 213/213/213
f 213/213/213 261/261/261 262/262/262
f 213/213/213 262/262/262 214/214/214
f 214/214/214 262/262/262 263/263/263
f 214/214/214 263/263/263 215/215/215
f 215/215/215 263/263/263 264/264/264
f 215/215/215 264/264/264 216/216/216
f 216/216/216 264/264/264 265/265/265
f 216/216/216 265/265/265 217/217/217
f 217/217/217 265/265/265 266/266/266
f 217/217/217 266/266/266 218/218/218
f 218/218/218 266/266/266 267/267/267
f 218/218/218 267/267/267 219/219/219
f 219/219/219 267/267/267 268/268/268
f 219/219/219 268/268/268 220/220/220
f 220/220/220 268/268/268 269/269/269
f 220/220/220 269/269/269 221/221/221
f 221/221/221 269/269/269 270/270/270
f 221/221/221 270/270/270 222/222/222
f 222/222/222 270/270/270 271/271/271
f 222/222/222 271/271/271 223/223/223
f 223/223/223 271/271/271 272/272/272
f 223/223/223 272/272/272 224/224/224
f 224/224/224 272/272/272 273/273/273
f 224/224/224 273/273/273 225/225/225
f 225/225/225 273/273/273 274/274/274
f 225/225/225 274/274/274 226/226/226
f 226/226/226 274/274/274 275/275/275
f 226/226/226 275/275/275 227/227/227
f 227/227/227 275/275/275 276/276/276
f 227/227/227 276/276/276 228/228/228
f 228/228/228 276/276/276 277/277/277
f 228/228/228 277/277/277 229/229/229
f 229/229/229 277/277/277 278/278/278
f 229/229/229 278/278/278 230/230/230
f 230/230/230 278/278/278 279/279/279
f 230/230/230 279/279/279 231/231/231
f 231/231/231 279/279/279 280/280/280
f 231/231/231 280/280/280 232/232/232
f 232/232/232 280/280/280 281/281/281
f 232/232/232 281/281/281 233/233/233
f 233/233/233 281/281/281 282/282/282
f 233/233/233 282/282/282 234/234/234
f 234/234/234 282/282/282 283/283/283
f 234/234/234 283/283/283 235/235/235
f 235/235/235 283/283/283 284/284/284
f 235/235/235 284/284/284 236/236/236
f 236/236/236 284/284/284 285/285/285
f 236/236/236 285/285/285 237/237/237
f 237/237/237 285/285/285 286/286/286
f 237/237/237 286/286/286 238/238/238
f 238/238/238 286/286/286 287/287/287
f 238/238/238 287/287/287 239/239/239
f 239/239/239 287/287/287 288/288/288
f 239/239/239 288/288/288 240/240/240
f 240/240/240 288/288/288 289/289/289
f 240/240/240 289/289/289 241/241/241
f 241/241/241 289/289/289 290/290/290
f 241/241/241 290/290/290 242/242/242
f 242/242/242 290/290/290 291/291/291
f 242/242/242 291/291/291 243/243/243
f 243/243/243 291/291/291 292/292/292
f 243/243/243 292/292/292 244/244/244
f 244/244/244 292/292/292 293/293/293
f 244/244/244 293/293/293 245/245/245
f 245/245/245 293/293/293 294/294/294
f 246/246/246 295/295/295 247/247/247
f 247/247/247 295/295/295 296/296/296
f 247/247/247 296/296/296 248/248/248
f 248/248/248 296/296/296 297/297/297
f 248/248/248 297/297/297 249/249/249
f 249/249/249 297/297/297 298/298/298
f 249/249/249 298/298/298 250/250/250
f 250/250/250 298/298/298 299/299/299
f 250/250/250 299/299/299 251/251/251
f 251/251/251 299/299/299 300/300/300
f 251/251/251 300/300/300 252/252/252
f 252/252/252 300/300/300 301/301/301
f 252/252/252 301/301/301 253/253/253
f 253/253/253 301/301/301 302/302/302
f 253/253/253 302/302/302 254/254/254
f 254/254/254 302/302/302 303/303/303
f 254/254/254 303/303/303 255/255/255
f 255/255/255 303/303/303 304/304/304
f 255/255/255 304/304/304 256/256/256
f 256/256/256 304/304/304 305/305/305
f 256/256/256 305/305/305 257/257/257
f 257/257/257 305/305/305 306/306/306
f 257/257/257 306/306/306 258/258/258
f 258/258/258 306/306/306 307/307/307
f 258/258/258 307/307/307 259/259/259
f 259/259/259 307/307/307 308/308/308
f 259/259/259 308/308/308 260/260/260
f 260/260/260 308/308/308 309/309/309
f 260/260/260 309/309/309 261/261/261
f 261/261/261 309/309/309 310/310/310
f 261/261/261 310/310/310 262/262/262
f 262/262/262 310/310/310 311/311/311
f 262/262/262 311/311/311 263/263/263
f 263/263/263 311/311/311 312/312/312
f 263/263/263 312/312/312 264/264/264
f 264/264/264 312/312/312 313/313/313
f 264/264/264 313/313/313 265/265/265
f 265/265/265 313/313/313 314/314/314
f 265/265/265 314/314/314 266/266/266
f 266/266/266 314/314/314 315/315/315
f 266/266/266 315/315/315 267/267/267
f 267/267/267 315/315/315 316/316/316
f 267/267/267 316/316/316 268/268/268
f 268/268/268 316/316/316 317/317/317
f 268/268/268 317/317/317 269/269/269
f 269/269/269 317/317/317 318/318/318
f 269/269/269 318/318/318 270/270/270
f 270/270/270 318/318/318 319/319/319
f 270/270/270 319/319/319 271/271/271
f 271/271/271 319/319/319 320/320/320
f 271/271/271 320/320/320 272/272/272
f 272/272/272 320/320/320 321/321/321
f 272/272/272 321/321/321 273/273/273
f 273/273/273 321/321/321 322/322/322
f 273/273/273 322/322/322 274/274/274
f 274/274/274 322/322/322 323/323/323
f 274/274/274 323/323/323 275/275/275
f 275/275/275 323/323/323 324/324/324
f 275/275/275 324/324/324 276/276/276
f 276/276/276 324/324/324 325/325/325
f 276/276/276 325/325/325 277/277/277
f 277/277/277 325/325/325 326/326/326
f 277/277/277 326/326/326 278/278/278
f 278/278/278 326/326/326 327/327/327
f 278/278/278 327/327/327 279/279/279
f 279/279/279 327/327/327 328/328/328
f 279/279/279 328/328/328 280/280/280
f 280/280/280 328/328/328 329/329/329
f 280/280/280 329/329/329 281/281/281
f 281/281/281 329/329/329 330/330/330
f 281/281/281 330/330/330 282/282/282
f 282/282/282 330/330/330 331/331/331
f 282/282/282 331/331/331 283/283/283
f 283/283/283 331/331/331 332/332/332
f 283/283/283 332/332/332 284/284/284
f 284/284/284 332/332/332 333/333/333
f 284/284/284 333/333/333 285/285/285
f 285/285/285 333/333/333 334/334/334
f 285/285/285 334/334/334 286/286/286
f 286/286/286 334/334/334 335/335/335
f 286/286/286 335/335/335 287/287/287
f 287/287/287 335/335/335 336/336/336
f 287/287/287 336/336/336 288/288/288
f 288/288/288 336/336/336 337/337/337
f 288/288/288 337/337/337 289/289/289
f 289/289/289 337/337/337 338/338/338
f 289/289/289 338/338/338 290/290/290
f 290/290/290 338/338/338 339/339/339
f 290/290/290 339/339/339 291/291/291
f 291/291/291 339/339/339 340/340/340
f 291/291/291 340/340/340 292/292/292
f 292/292/292 340/340/340 341/341/341
f 292/292/292 341/341/341 293/293/293
f 293/293/293 341/341/341 342/342/342
f 293/293/293 342/342/342 294/294/294
f 294/294/294 342/342/342 343/343/343
f 295/295/295 344/344/344 296/296/296
f 296/296/296 344/344/344 345/345/345
f 296/296/296 345/345/345 297/297/297
f 297/297/297 345/345/345 346/346/346
f 297/297/297 346/346/346 298/298/298
f 298/298/298 346/346/346 347/347/347
f 298/298/298 347/347/347 299/299/299
f 299/299/299 347/347/347 348/348/348
f 299/299/299 348/348/348 300/300/300
f 300/300/300 348/348/348 349/349/349
f 300/300/300 349/349/349 301/301/301
f 301/301/301 349/349/349 350/350/350
f 301/301/301 350/350/350 302/302/302
f 302/302/302 350/350/350 351/351/351
f 302/302/302 351/351/351 303/303/303
f 303/303/303 351/351/351 352/352/352
f 303/303/303 352/352/352 304/304/304
f 304/304/304 352/352/352 353/353/353
f 304/304/304 353/353/353 305/305/305
f 305/305/305 353/353/353 354/354/354
f 305/305/305 354/354/354 306/306/306
f 306/306/306 354/354/354 355/355/355
f 306/306/306 355/355/355 307/307/307
f 307/307/307 355/355/355 356/356/356
f 307/307/307 356/356/356 308/308/308
f 308/308/308 356/356/356 357/357/357
f 308/308/308 357/357/357 309/309/309
f 309/309/309 357/357/357 358/358/358
f 309/309/309 358/358/358 310/310/310
f 310/310/310 358/358/358 359/359/359
f 310/310/310 359/359/359 311/311/311
f 311/311/311 359/359/359 360/360/360
f 311/311/311 360/360/360 312/312/312
f 312/312/312 360/360/360 361/361/361
f 312/312/312 361/361/361 313/313/313
f 313/313/313 361/361/361 362/362/362
f 313/313/313 362/362/362 314/314/314
f 314/314/314 362/362/362 363/363/363
f 314/314/314 363/363/363 315/315/315
f 315/315/315 363/363/363 364/364/364
f 315/315/315 364/364/364 316/316/316
f 316/316/316 364/364/364 365/365/365
f 316/316/316 365/365/365 317/317/317
f 317/317/317 365/365/365 366/366/366
f 317/317/317 366/366/366 318/318/318
f 318/318/318 366/366/366 367/367/367
f 318/318/318 367/367/367 319/319/319
f 319/319/319 367/367/367 368/368/368
f 319/319/319 368/368/368 320/320/320
f 320/320/320 368/368/368 369/369/369
f 320/320/320 369/369/369 321/321/321
f 321/321/321 369/369/369 370/370/370
f 321/321/321 370/370/370 322/322/322
f 322/322/322 370/370/370 371/371/371
f 322/322/322 371/371/371 323/323/323
f 323/323/323 371/371/371 372/372/372
f 323/323/323 372/372/372 324/324/324
f 324/324/324 372/372/372 373/373/373
f 324/324/324 373/373/373 325/325/325
f 325/325/325 373/373/373 374/374/374
f 325/325/325 374/374/374 326/326/326
f 326/326/326 374/374/374 375/375/375
f 326/326/326 375/375/375 327/327/327
f 327/327/327 375/375/375 376/376/376
f 327/327/327 376/376/376 328/328/328
f 328/328/328 376/376/376 377/377/377
f 328/328/328 377/377/377 329/329/329
f 329/329/329 377/377/377 378/378/378
f 329/329/329 378/378/378 330/330/330
f 330/330/330 378/378/378 379/379/379
f 330/330/330 379/379/379 331/331/331
f 331/331/331 379/379/379 380/380/380
f 331/331/331 380/380/380 332/332/332
f 332/332/332 380/380/380 381/381/381
f 332/332/332 381/381/381 333/333/333
f 333/333/333 381/381/381 382/382/382
f 333/333/333 382/382/382 334/334/334
f 334/334/334 382/382/382 383/383/383
f 334/334/334 383/383/383 335/335/335
f 335/335/335 383/383/383 384/384/384
f 335/335/335 384/384/384 336/336/336
f 336/336/336 384/384/384 385/385/385
f 336/336/336 385/385/385 337/337/337
f 337/337/337 385/385/385 386/386/386
f 337/337/337 386/386/386 338/338/338
f 338/338/338 386/386/386 387/387/387
f 338/338/338 387/387/387 339/339/339
f 339/339/339 387/387/387 388/388/388
f 339/339/339 388/388/388 340/340/340
f 340/340/340 388/388/388 389/389/389
f 340/340/340 389/389/389 341/341/341
f 341/341/341 389/389/389 390/390/390
f 341/341/341 390/390/390 342/342/342
f 342/342/342 390/390/390 391/391/391
f 342/342/342 391/391/391 343/343/343
f 343/343/343 391/391/391 392/392/392
f 344/344/344 393/393/393 345/345/345
f 345/345/345 393/393/393 394/394/394
f 345/345/345 394/394/394 346/346/346
f 346/346/346 394/394/394 395/395/395
f 346/346/346 395/395/395 347/347/347
f 347/347/347 395/395/395 396/396/396
f 347/347/347 396/396/396 348/348/348
f 348/348/348 396/396/396 397/397/397
f 348/348/348 397/397/397 349/349/349
f 349/349/349 397/397/397 398/398/398
f 349/349/349 398/398/398 350/350/350
f 350/350/350 398/398/398 399/399/399
f 350/350/350 399/399/399 351/351/351
f 351/351/351 399/399/399 400/400/400
f 351/351/351 400/400/400 352/352/352
f 352/352/352 400/400/400 401/401/401
f 352/352/352 401/401/401 353/353/353
f 353/353/353 401/401/401 402/402/402
f 353/353/353 402/402/402 354/354/354
f 354/354/354 402/402/402 403/403/403
f 354/354/354 403/403/403 355/355/355
f 355/355/355 403/403/403 404/404/404
f 355/355/355 404/404/404 356/356/356
f 356/356/356 404/404/404 405/405/405
f 356/356/356 405/405/405 357/357/357
f 357/357/357 405/405/405 406/406/406
f 357/357/357 406/406/406 358/358/358
f 358/358/358 406/406/406 407/407/407
f 358/358/358 407/407/407 359/359/359
f 359/359/359 407/407/407 408/408/408
f 359/359/359 408/408/408 360/360/360
f 360/360/360 408/408/408 409/409/409
f 360/360/360 409/409/409 361/361/361
f 361/361/361 409/409/409 410/410/410
f 361/361/361 410/410/410 362/362/362
f 362/362/362 410/410/410 411/411/411
f 362/362/362 411/411/411 363/363/363
f 363/363/363 411/411/411 412/412/412
f 363/363/363 412/412/412 364/364/364
f 364/364/364 412/412/412 413/413/413
f 364/364/364 413/413/413 365/365/365
f 365/365/365 413/413/413 414/414/414
f 365/365/365 414/414/414 366/366/366
f 366/366/366 414/414/414 415/415/415
f 366/366/366 415/415/415 367/367/367
f 367/367/367 415/415/415 416/416/416
f 367/367/367 416/416/416 368/368/368
f 368/368/368 416/416/416 417/417/417
f 368/368/368 417/417/417 369/369/369
f 369/369/369 417/417/417 418/418/418
f 369/369/369 418/418/418 370/370/370
f 370/370/370 418/418/418 419/419/419
f 370/370/370 419/419/419 371/371/371
f 371/371/371 419/419/419 420/420/420
f 371/371/371 420/420/420 372/372/372
f 372/372/372 420/420/420 421/421/421
f 372/372/372 421/421/421 373/373/373
f 373/373/373 421/421/421 422/422/422
f 373/373/373 422/422/422 374/374/374
f 374/374/374 422/422/422 423/423/423
f 374/374/374 423/423/423 375/375/375
f 375/375/375 423/423/423 424/424/424
f 375/375/375 424/424/424 376/376/376
f 376/376/376 424/424/424 425/425/425
f 376/376/376 425/425/425 377/377/377
f 377/377/377 425/425/425 426/426/426
f 377/377/377 426/426/426 378/378/378
f 378/378/378 426/426/426 427/427/427
f 378/378/378 427/427/427 379/379/379
f 379/379/379 427/427/427 428/428/428
f 379/379/379 428/428/428 380/380/380
f 380/380/380 428/428/428 429/429/429
f 380/380/380 429/429/429 381/381/381
f 381/381/381 429/429/429 430/430/430
f 381/381/381 430/430/430 382/382/382
f 382/382/382 430/430/430 431/431/431
f 382/382/382 431/431/431 383/383/383
f 383/383/383 431/431/431 432/432/432
f 383/383/383 432/432/432 384/384/384
f 384/384/384 432/432/432 433/433/433
f 384/384/384 433/433/433 385/385/385
f 385/385/385 433/433/433 434/434/434
f 385/385/385 434/434/434 386/386/386
f 386/386/386 434/434/434 435/435/435
f 386/386/386 435/435/435 387/387/387
f 387/387/387 435/435/435 436/436/436
f 387/387/387 436/436/436 388/388/388
f 388/388/388 436/436/436 437/437/437
f 388/388/388 437/437/437 389/389/389
f 389/389/389 437/437/437 438/438/438
f 389/389/389 438/438/438 390/390/390
f 390/390/390 438/438/438 439/439/439
f 390/390/390 439/439/439 391/391/391
f 391/391/391 439/439/439 440/440/440
f 391/391/391 440/440/440 392/392/392
f 392/392/392 440/440/440 441/441/441
f 393/393/393 442/442/442 394/394/394
f 394/394/394 442/442/442 443/443/443
f 394/394/394 443/443/443 395/395/395
f 395/395/395 443/443/443 444/444/444
f 395/395/395 444/444/444 396/396/396
f 396/396/396 444/444/444 445/445/445
f 396/396/396 445/445/445 397/397/397
f 397/397/397 445/445/445 446/446/446
f 397/397/397 446/446/446 398/398/398
f 398/398/398 446/446/446 447/447/447
f 398/398/398 447/447/447 399/399/399
f 399/399/399 447/447/447 448/448/448
f 399/399/399 448/448/448 400/400/400
f 400/400/400 448/448/448 449/449/449
f 400/400/400 449/449/449 401/401/401
f 401/401/401 449/449/449 450/450/450
f 401/401/401 450/450/450 402/402/402
f 402/402/402 450/450/450 451/451/451
f 402/402/402 451/451/451 403/403/403
f 403/403/403 451/451/451 452/452/452
f 403/403/403 452/452/452 404/404/404
f 404/404/404 452/452/452 453/453/453
f 404/404/404 453/453/453 405/405/405
f 405/405/405 453/453/453 454/454/454
f 405/405/405 454/454/454 406/406/406
f 406/406/406 454/454/454 455/455/455
f 406/406/406 455/455/455 407/407/407
f 407/407/407 455/455/455 456/456/456
f 407/407/407 456/456/456 408/408/408
f 408/408/408 456/456/456 457/457/457
f 408/408/408 457/457/457 409/409/409
f 409/409/409 457/457/457 458/458/458
f 409/409/409 458/458/458 410/410/410
f 410/410/410 458/458/458 459/459/459
f 410/410/410 459/459/459 411/411/411
f 411/411/411 459/459/459 460/460/460
f 411/411/411 460/460/460 412/412/412
f 412/412/412 460/460/460 461/461/461
f 412/412/412 461/461/461 413/413/413
f 413/413/413 461/461/461 462/462/462
f 413/413/413 462/462/462 414/414/414
f 414/414/414 462/462/462 463/463/463
f 414/414/414 463/463/463 415/415/415
f 415/415/415 463/463/463 464/464/464
f 415/415/415 464/464/464 416/416/416
f 416/416/416 464/464/464 465/465/465
f 416/416/416 465/465/465 417/417/417
f 417/417/417 465/465/465 466/466/466
f 417/417/417 466/466/466 418/418/418
f 418/418/418 466/466/466 467/467/467
f 418/418/418 467/467/467 419/419/419
f 419/419/419 467/467/467 468/468/468
f 419/419/419 468/468/468 420/420/420
f 420/420/420 468/468/468 469/469/469
f 420/420/420 469/469/469 421/421/421
f 421/421/421 469/469/469 470/470/470
f 421/421/421 470/470/470 422/422/422
f 422/422/422 470/470/470 471/471/471
f 422/422/422 471/471/471 423/423/423
f 423/423/423 471/471/471 472/472/472
f 423/423/423 472/472/472 424/424/424
f 424/424/424 472/472/472 473/473/473
f 424/424/424 473/473/473 425/425/425
f 425/425/425 473/473/473 474/474/474
f 425/425/425 474/474/474 426/426/426
f 426/426/426 474/474/474 475/475/475
f 426/426/426 475/475/475 427/427/427
f 427/427/427 475/475/475 476/476/476
f 427/427/427 476/476/476 428/428/428
f 428/428/428 476/476/476 477/477/477
f 428/428/428 477/477/477 429/429/429
f 429/429/429 477/477/477 478/478/478
f 429/429/429 478/478/478 430/430/430
f 430/430/430 478/478/478 479/479/479
f 430/430/430 479/479/479 431/431/431
f 431/431/431 479/479/479 480/480/480
f 431/431/431 480/480/480 432/432/432
f 432/432/432 480/480/480 481/481/481
f 432/432/432 481/481/481 433/433/433
f 433/433/433 481/481/481 482/482/482
f 433/433/433 482/482/482 434/434/434
f 434/434/434 482/482/482 483/483/483
f 434/434/434 483/483/483 435/435/435
f 435/435/435 483/483/483 484/484/484
f 435/435/435 484/484/484 436/436/436
f 436/436/436 484/484/484 485/485/485
f 436/436/436 485/485/485 437/437/437
f 437/437/437 485/485/485 486/486/486
f 437/437/437 486/486/486 438/438/438
f 438/438/438 486/486/486 487/487/487
f 438/438/438 487/487/487 439/439/439
f 439/439/439 487/487/487 488/488/488
f 439/439/439 488/488/488 440/440/440
f 440/440/440 488/488/488 489/489/489
f 440/440/440 489/489/489 441/441/441
f 441/441/441 489/489/489 490/490/490
f 442/442/442 491/491/491 443/443/443
f 443/443/443 491/491/491 492/492/492
f 443/443/443 492/492/492 444/444/444
f 444/444/444 492/492/492 493/493/493
f 444/444/444 493/493/493 445/445/445
f 445/445/445 493/493/493 494/494/494
f 445/445/445 494/494/494 446/446/446
f 446/446/446 494/494/494 495/495/495
f 446/446/446 495/495/495 447/447/447
f 447/447/447 495/495/495 496/496/496
f 447/447/447 496/496/496 448/448/448
f 448/448/448 496/496/496 497/497/497
f 448/448/448 497/497/497 449/449/449
f 449/449/449 497/497/497 498/498/498
f 449/449/449 498/498/498 450/450/450
f 450/450/450 498/498/498 499/499/499
f 450/450/450 499/499/499 451/451/451
f 451/451/451 499/499/499 500/500/500
f 451/451/451 500/500/500 452/452/452
f 452/452/452 500/500/500 501/501/501
f 452/452/452 501/501/501 453/453/453
f 453/453/453 501/501/501 502/502/502
f 453/453/453 502/502/502 454/454/454
f 454/454/454 502/502/502 503/503/503
f 454/454/454 503/503/503 455/455/455
f 455/455/455 503/503/503 504/504/504
f 455/455/455 504/504/504 456/456/456
f 456/456/456 504/504/504 505/505/505
f 456/456/456 505/505/505 457/457/457
f 457/457/457 505/505/505 506/506/506
f 457/457/457 506/506/506 458/458/458
f 458/458/458 506/506/506 507/507/507
f 458/458/458 507/507/507 459/459/459
f 459/459/459 507/507/507 508/508/508
f 459/459/459 508/508/508 460/460/460
f 460/460/460 508/508/508 509/509/509
f 460/460/460 509/509/509 461/461/461
f 461/461/461 509/509/509 510/510/510
f 461/461/461 510/510/510 462/462/462
f 462/462/462 510/510/510 511/511/511
f 462/462/462 511/511/511 463/463/463
f 463/463/463 511/511/511 512/512/512
f 463/463/463 512/512/512 464/464/464
f 464/464/464 512/512/512 513/513/513
f 464/464/464 513/513/513 465/465/465
f 465/465/465 513/513/513 514/514/514
f 465/465/465 514/514/514 466/466/466
f 466/466/466 514/514/514 515/515/515
f 466/466/466 515/515/515 467/467/467
f 467/467/467 515/515/515 516/516/516
f 467/467/467 516/516/516 468/468/468
f 468/468/468 516/516/516 517/517/517
f 468/468/468 517/517/517 469/469/469
f 469/469/469 517/517/517 518/518/518
f 469/469/469 518/518/518 470/470/470
f 470/470/470 518/518/518 519/519/519
f 470/470/470 519/519/519 471/471/471
f 471/471/471 519/519/519 520/520/520
f 471/471/471 520/520/520 472/472/472
f 472/472/472 520/520/520 521/521/521
f 472/472/472 521/521/521 473/473/473
f 473/473/473 521/521/521 522/522/522
f 473/473/473 522/522/522 474/474/474
f 474/474/474 522/522/522 523/523/523
f 474/474/474 523/523/523 475/475/475
f 475/475/475 523/523/523 524/524/524
f 475/475/475 524/524/524 476/476/476
f 476/476/476 524/524/524 525/525/525
f 476/476/476 525/525/525 477/477/477
f 477/477/477 525/525/525 526/526/526
f 477/477/477 526/526/526 478/478/478
f 478/478/478 526/526/526 527/527/527
f 478/478/478 527/527/527 479/479/479
f 479/479/479 527/527/527 528/528/528
f 479/479/479 528/528/528 480/480/480
f 480/480/480 528/528/528 529/529/529
f 480/480/480 529/529/529 481/481/481
f 481/481/481 529/529/529 530/530/530
f 481/481/481 530/530/530 482/482/482
f 482/482/482 530/530/530 531/531/531
f 482/482/482 531/531/531 483/483/483
f 483/483/483 531/531/531 532/532/532
f 483/483/483 532/532/532 484/484/484
f 484/484/484 532/532/532 533/533/533
f 484/484/484 533/533/533 485/485/485
f 485/485/485 533/533/533 534/534/534
f 485/485/485 534/534/534 486/486/486
f 486/486/486 534/534/534 535/535/535
f 486/486/486 535/535/535 487/487/487
f 487/487/487 535/535/535 536/536/536
f 487/487/487 536/536/536 488/488/488
f 488/488/488 536/536/536 537/537/537
f 488/488/488 537/537/537 489/489/489
f 489/489/489 537/537/537 538/538/538
f 489/489/489 538/538/538 490/490/490
f 490/490/490 538/538/538 539/539/539
f 491/491/491 540/540/540 492/492/492
f 492/492/492 540/540/540 541/541/541
f 492/492/492 541/541/541 493/493/493
f 493/493/493 541/541/541 542/542/542
f 493/493/493 542/542/542 494/494/494
f 494/494/494 542/542/542 543/543/543
f 494/494/494 543/543/543 495/495/495
f 495/495/495 543/543/543 544/544/544
f 495/495/495 544/544/544 496/496/496
f 496/496/496 544/544/544 545/545/545
f 496/496/496 545/545/545 497/497/497
f 497/497/497 545/545/545 546/546/546
f 497/497/497 546/546/546 498/498/498
f 498/498/498 546/546/546 547/547/547
f 498/498/498 547/547/547 499/499/499
f 499/499/499 547/547/547 548/548/548
f 499/499/499 548/548/548 500/500/500
f 500/500/500 548/548/548 549/549/549
f 500/500/500 549/549/549 501/501/501
f 501/501/501 549/549/549 550/550/550
f 501/501/501 550/550/550 502/502/502
f 502/502/502 550/550/550 551/551/551
f 502/502/502 551/551/551 503/503/503
f 503/503/503 551/551/551 552/552/552
f 503/503/503 552/552/552 504/504/504
f 504/504/504 552/552/552 553/553/553
f 504/504/504 553/553/553 505/505/505
f 505/505/505 553/553/553 554/554/554
f 505/505/505 554/554/554 506/506/506
f 506/506/506 554/554/554 555/555/555
f 506/506/506 555/555/555 507/507/507
f 507/507/507 555/555/555 556/556/556
f 507/507/507 556/556/556 508/508/508
f 508/508/508 556/556/556 557/557/557
f 508/508/508 557/557/557 509/509/509
f 509/509/509 557/557/557 558/558/558
f 509/509/509 558/558/558 510/510/510
f 510/510/510 558/558/558 559/559/559
f 510/510/510 559/559/559 511/511/511
f 511/511/511 559/559/559 560/560/560
f 511/511/511 560/560/560 512/512/512
f 512/512/512 560/560/560 561/561/561
f 512/512/512 561/561/561 513/513/513
f 513/513/513 561/561/561 562/562/562
f 513/513/513 562/562/562 514/514/514
f 514/514/514 562/562/562 563/563/563
f 514/514/514 563/563/563 515/515/515
f 515/515/515 563/563/563 564/564/564
f 515/515/515 564/564/564 516/516/516
f 516/516/516 564/564/564 565/565/565
f 516/516/516 565/565/565 517/517/517
f 517/517/517 565/565/565 566/566/566
f 517/517/517 566/566/566 518/518/518
f 518/518/518 566/566/566 567/567/567
f 518/518/518 567/567/567 519/519/519
f 519/519/519 567/567/567 568/568/568
f 519/519/519 568/568/568 520/520/520
f 520/520/520 568/568/568 569/569/569
f 520/520/520 569/569/569 521/521/521
f 521/521/521 569/569/569 570/570/570
f 521/521/521 570/570/570 522/522/522
f 522/522/522 570/570/570 571/571/571
f 522/522/522 571/571/571 523/523/523
f 523/523/523 571/571/571 572/572/572
f 523/523/523 572/572/572 524/524/524
f 524/524/524 572/572/572 573/573/573
f 524/524/524 573/573/573 525/525/525
f 525/525/525 573/573/573 574/574/574
f 525/525/525 574/574/574 526/526/526
f 526/526/526 574/574/574 575/575/575
f 526/526/526 575/575/575 527/527/527
f 527/527/527 575/575/575 576/576/576
f 527/527/527 576/576/576 528/528/528
f 528/528/528 576/576/576 577/577/577
f 528/528/528 577/577/577 529/529/529
f 529/529/529 577/577/577 578/578/578
f 529/529/529 578/578/578 530/530/530
f 530/530/530 578/578/578 579/579/579
f 530/530/530 579/579/579 531/531/531
f 531/531/531 579/579/579 580/580/580
f 531/531/531 580/580/580 532/532/532
f 532/532/532 580/580/580 581/581/581
f 532/532/532 581/581/581 533/533/533
f 533/533/533 581/581/581 582/582/582
f 533/533/533 582/582/582 534/534/534
f 534/534/534 582/582/582 583/583/583
f 534/534/534 583/583/583 535/535/535
f 535/535/535 583/583/583 584/584/584
f 535/535/535 584/584/584 536/536/536
f 536/536/536 584/584/584 585/585/585
f 536/536/536 585/585/585 537/537/537
f 537/537/537 585/585/585 586/586/586
f 537/537/537 586/586/586 538/538/538
f 538/538/538 586/586/586 587/587/587
f 538/538/538 587/587/587 539/539/539
f 539/539/539 587/587/587 588/588/588
f 540/540/540 589/589/589 541/541/541
f 541/541/541 589/589/589 590/590/590
f 541/541/541 590/590/590 542/542/542
f 542/542/542 590/590/590 591/591/591
f 542/542/542 591/591/591 543/543/543
f 543/543/543 591/591/591 592/592/592
f 543/543/543 592/592/592 544/544/544
f 544/544/544 592/592/592 593/593/593
f 544/544/544 593/593/593 545/545/545
f 545/545/545 593/593/593 594/594/594
f 545/545/545 594/594/594 546/546/546
f 546/546/546 594/594/594 595/595/595
f 546/546/546 595/595/595 547/547/547
f 547/547/547 595/595/595 596/596/596
f 547/547/547 596/596/596 548/548/548
f 548/548/548 596/596/596 597/597/597
f 548/548/548 597/597/597 549/549/549
f 549/549/549 597/597/597 598/598/598
f 549/549/549 598/598/598 550/550/550
f 550/550/550 598/598/598 599/599/599
f 550/550/550 599/599/599 551/551/551
f 551/551/551 599/599/599 600/600/600
f 551/551/551 600/600/600 552/552/552
f 552/552/552 600/600/600 601/601/601
f 552/552/552 601/601/601 553/553/553
f 553/553/553 601/601/601 602/602/602
f 553/553/553 602/602/602 554/554/554
f 554/554/554 602/602/602 603/603/603
f 554/554/554 603/603/603 555/555/555
f 555/555/555 603/603/603 604/604/604
f 555/555/555 604/604/604 556/556/556
f 556/556/556 604/604/604 605/605/605
f 556/556/556 605/605/605 557/557/557
f 557/557/557 605/605/605 606/606/606
f 557/557/557 606/606/606 558/558/558
f 558/558/558 606/606/606 607/607/607
f 558/558/558 607/607/607 559/559/559
f 559/559/559 607/607/607 608/608/608
f 559/559/559 608/608/608 560/560/560
f 560/560/560 608/608/608 609/609/609
f 560/560/560 609/609/609 561/561/561
f 561/561/561 609/609/609 610/610/610
f 561/561/561 610/610/610 562/562/562
f 562/562/562 610/610/610 611/611/611
f 562/562/562 611/611/611 563/563/563
f 563/563/563 611/611/611 612/612/612
f 563/563/563 612/612/612 564/564/564
f 564/564/564 612/612/612 613/613/613
f 564/564/564 613/613/613 565/565/565
f 565/565/565 613/613/613 614/614/614
f 565/565/565 614/614/614 566/566/566
f 566/566/566 614/614/614 615/615/615
f 566/566/566 615/615/615 567/567/567
f 567/567/567 615/615/615 616/616/616
f 567/567/567 616/616/616 568/568/568
f 568/568/568 616/616/616 617/617/617
f 568/568/568 617/617/617 569/569/569
f 569/569/569 617/617/617 618/618/618
f 569/569/569 618/618/618 570/570/570
f 570/570/570 618/618/618 619/619/619
f 570/570/570 619/619/619 571/571/571
f 571/571/571 619/619/619 620/620/620
f 571/571/571 620/620/620 572/572/572
f 572/572/572 620/620/620 621/621/621
f 572/572/572 621/621/621 573/573/573
f 573/573/573 621/621/621 622/622/622
f 573/573/573 622/622/622 574/574/574
f 574/574/574 622/622/622 623/623/623
f 574/574/574 623/623/623 575/575/575
f 575/575/575 623/623/623 624/624/624
f 575/575/575 624/624/624 576/576/576
f 576/576/576 624/624/624 625/625/625
f 576/576/576 625/625/625 577/577/577
f 577/577/577 625/625/625 626/626/626
f 577/577/577 626/626/626 578/578/578
f 578/578/578 626/626/626 627/627/627
f 578/578/578 627/627/627 579/579/579
f 579/579/579 627/627/627 628/628/628
f 579/579/579 628/628/628 580/580/580
f 580/580/580 628/628/628 629/629/629
f 580/580/580 629/629/629 581/581/581
f 581/581/581 629/629/629 630/630/630
f 581/581/581 630/630/630 582/582/582
f 582/582/582 630/630/630 631/631/631
f 582/582/582 631/631/631 583/583/583
f 583/583/583 631/631/631 632/632/632
f 583/583/583 632/632/632 584/584/584
f 584/584/584 632/632/632 633/633/633
f 584/584/584 633/633/633 585/585/585
f 585/585/585 633/633/633 634/634/634
f 585/585/585 634/634/634 586/586/586
f 586/586/586 634/634/634 635/635/635
f 586/586/586 635/635/635 587/587/587
f 587/587/587 635/635/635 636/636/636
f 587/587/587 636/636/636 588/588/588
f 588/588/588 636/636/636 637/637/637
f 589/589/589 638/638/638 590/590/590
f 590/590/590 638/638/638 639/639/639
f 590/590/590 639/639/639 591/591/591
f 591/591/591 639/639/639 640/640/640
f 591/591/591 640/640/640 592/592/592
f 592/592/592 640/640/640 641/641/641
f 592/592/592 641/641/641 593/593/593
f 593/593/593 641/641/641 642/642/642
f 593/593/593 642/642/642 594/594/594
f 594/594/594 642/642/642 643/643/643
f 594/594/594 643/643/643 595/595/595
f 595/595/595 643/643/643 644/644/644
f 595/595/595 644/644/644 596/596/596
f 596/596/596 644/644/644 645/645/645
f 596/596/596 645/645/645 597/597/597
f 597/597/597 645/645/645 646/646/646
f 597/597/597 646/646/646 598/598/598
f 598/598/598 646/646/646 647/647/647
f 598/598/598 647/647/647 599/599/599
f 599/599/599 647/647/647 648/648/648
f 599/599/599 648/648/648 600/600/600
f 600/600/600 648/648/648 649/649/649
f 600/600/600 649/649/649 601/601/601
f 601/601/601 649/649/649 650/650/650
f 601/601/601 650/650/650 602/602/602
f 602/602/602 650/650/650 651/651/651
f 602/602/602 651/651/651 603/603/603
f 603/603/603 651/651/651 652/652/652
f 603/603/603 652/652/652 604/604/604
f 604/604/604 652/652/652 653/653/653
f 604/604/604 653/653/653 605/605/605
f 605/605/605 653/653/653 654/654/654
f 605/605/605 654/654/654 606/606/606
f 606/606/606 654/654/654 655/655/655
f 606/606/606 655/655/655 607/607/607
f 607/607/607 655/655/655 656/656/656
f 607/607/607 656/656/656 608/608/608
f 608/608/608 656/656/656 657/657/657
f 608/608/608 657/657/657 609/609/609
f 609/609/609 657/657/657 658/658/658
f 609/609/609 658/658/658 610/610/610
f 610/610/610 658/658/658 659/659/659
f 610/610/610 659/659/659 611/611/611
f 611/611/611 659/659/659 660/660/660
f 611/611/611 660/660/660 612/612/612
f 612/612/612 660/660/660 661/661/661
f 612/612/612 661/661/661 613/613/613
f 613/613/613 661/661/661 662/662/662
f 613/613/613 662/662/662 614/614/614
f 614/614/614 662/662/662 663/663/663
f 614/614/614 663/663/663 615/615/615
f 615/615/615 663/663/663 664/664/664
f 615/615/615 664/664/664 616/616/616
f 616/616/616 664/664/664 665/665/665
f 616/616/616 665/665/665 617/617/617
f 617/617/617 665/665/665 666/666/666
f 617/617/617 666/666/666 618/618/618
f 618/618/618 666/666/666 667/667/667
f 618/618/618 667/667/667 619/619/619
f 619/619/619 667/667/667 668/668/668
f 619/619/619 668/668/668 620/620/620
f 620/620/620 668/668/668 669/669/669
f 620/620/620 669/669/669 621/621/621
f 621/621/621 669/669/669 670/670/670
f 621/621/621 670/670/670 622/622/622
f 622/622/622 670/670/670 671/671/671
f 622/622/622 671/671/671 623/623/623
f 623/623/623 671/671/671 672/672/672
f 623/623/623 672/672/672 624/624/624
f 624/624/624 672/672/672 673/673/673
f 624/624/624 673/673/673 625/625/625
f 625/625/625 673/673/673 674/674/674
f 625/625/625 674/674/674 626/626/626
f 626/626/626 674/674/674 675/675/675
f 626/626/626 675/675/675 627/627/627
f 627/627/627 675/675/675 676/676/676
f 627/627/627 676/676/676 628/628/628
f 628/628/628 676/676/676 677/677/677
f 628/628/628 677/677/677 629/629/629
f 629/629/629 677/677/677 678/678/678
f 629/629/629 678/678/678 630/630/630
f 630/630/630 678/678/678 679/679/679
f 630/630/630 679/679/679 631/631/631
f 631/631/631 679/679/679 680/680/680
f 631/631/631 680/680/680 632/632/632
f 632/632/632 680/680/680 681/681/681
f 632/632/632 681/681/681 633/633/633
f 633/633/633 681/681/681 682/682/682
f 633/633/633 682/682/682 634/634/634
f 634/634/634 682/682/682 683/683/683
f 634/634/634 683/683/683 635/635/635
f 635/635/635 683/683/683 684/684/684
f 635/635/635 684/684/684 636/636/636
f 636/636/636 684/684/684 685/685/685
f 636/636/636 685/685/685 637/637/637
f 637/637/637 685/685/685 686/686/686
f 638/638/638 687/687/687 639/639/639
f 639/639/639 687/687/687 688/688/688
f 639/639/639 688/688/688 640/640/640
f 640/640/640 688/688/688 689/689/689
f 640/640/640 689/689/689 641/641/641
f 641/641/641 689/689/689 690/690/690
f 641/641/641 690/690/690 642/642/642
f 642/642/642 690/690/690 691/691/691
f 642/642/642 691/691/691 643/643/643
f 643/643/643 691/691/691 692/692/692
f 643/643/643 692/692/692 644/644/644
f 644/644/644 692/692/692 693/693/693
f 644/644/644 693/693/693 645/645/645
f 645/645/645 693/693/693 694/694/694
f 645/645/645 694/694/694 646/646/646
f 646/646/646 694/694/694 695/695/695
f 646/646/646 695/695/695 647/647/647
f 647/647/647 695/695/695 696/696/696
f 647/647/647 696/696/696 648/648/648
f 648/648/648 696/696/696 697/697/697
f 648/648/648 697/697/697 649/649/649
f 649/649/649 697/697/697 698/698/698
f 649/649/649 698/698/698 650/650/650
f 650/650/650 698/698/698 699/699/699
f 650/650/650 699/699/699 651/651/651
f 651/651/651 699/699/699 700/700/700
f 651/651/651 700/700/700 652/652/652
f 652/652/652 700/700/700 701/701/701
f 652/652/652 701/701/701 653/653/653
f 653/653/653 701/701/701 702/702/702
f 653/653/653 702/702/702 654/654/654
f 654/654/654 702/702/702 703/703/703
f 654/654/654 703/703/703 655/655/655
f 655/655/655 703/703/703 704/704/704
f 655/655/655 704/704/704 656/656/656
f 656/656/656 704/704/704 705/705/705
f 656/656/656 705/705/705 657/657/657
f 657/657/657 705/705/705 706/706/706
f 657/657/657 706/706/706 658/658/658
f 658/658/658 706/706/706 707/707/707
f 658/658/658 707/707/707 659/659/659
f 659/659/659 707/707/707 708/708/708
f 659/659/659 708/708/708 660/660/660
f 660/660/660 708/708/708 709/709/709
f 660/660/660 709/709/709 661/661/661
f 661/661/661 709/709/709 710/710/710
f 661/661/661 710/710/710 662/662/662
f 662/662/662 710/710/710 711/711/711
f 662/662/662 711/711/711 663/663/663
f 663/663/663 711/711/711 712/712/712
f 663/663/663 712/712/712 664/664/664
f 664/664/664 712/712/712 713/713/713
f 664/664/664 713/713/713 665/665/665
f 665/665/665 713/713/713 714/714/714
f 665/665/665 714/714/714 666/666/666
f 666/666/666 714/714/714 715/715/715
f 666/666/666 715/715/715 667/667/667
f 667/667/667 715/715/715 716/716/716
f 667/667/667 716/716/716 668/668/668
f 668/668/668 716/716/716 717/717/717
f 668/668/668 717/717/717 669/669/669
f 669/669/669 717/717/717 718/718/718
f 669/669/669 718/718/718 670/670/670
f 670/670/670 718/718/718 719/719/719
f 670/670/670 719/719/719 671/671/671
f 671/671/671 719/719/719 720/720/720
f 671/671/671 720/720/720 672/672/672
f 672/672/672 720/720/720 721/721/721
f 672/672/672 721/721/721 673/673/673
f 673/673/673 721/721/721 722/722/722
f 673/673/673 722/722/722 674/674/674
f 674/674/674 722/722/722 723/723/723
f 674/674/674 723/723/723 675/675/675
f 675/675/675 723/723/723 724/724/724
f 675/675/675 724/724/724 676/676/676
f 676/676/676 724/724/724 725/725/725
f 676/676/676 725/725/725 677/677/677
f 677/677/677 725/725/725 726/726/726
f 677/677/677 726/726/726 678/678/678
f 678/678/678 726/726/726 727/727/727
f 678/678/678 727/727/727 679/679/679
f 679/679/679 727/727/727 728/728/728
f 679/679/679 728/728/728 680/680/680
f 680/680/680 728/728/728 729/729/729
f 680/680/680 729/729/729 681/681/681
f 681/681/681 729/729/729 730/730/730
f 681/681/681 730/730/730 682/682/682
f 682/682/682 730/730/730 731/731/731
f 682/682/682 731/731/731 683/683/683
f 683/683/683 731/731/731 732/732/732
f 683/683/683 732/732/732 684/684/684
f 684/684/684 732/732/732 733/733/733
f 684/684/684 733/733/733 685/685/685
f 685/685/685 733/733/733 734/734/734
f 685/685/685 734/734/734 686/686/686
f 686/686/686 734/734/734 735/735/735
f 687/687/687 736/736/736 688/688/688
f 688/688/688 736/736/736 737/737/737
f 688/688/688 737/737/737 689/689/689
f 689/689/689 737/737/737 738/738/738
f 689/689/689 738/738/738 690/690/690
f 690/690/690 738/738/738 739/739/739
f 690/690/690 739/739/739 691/691/691
f 691/691/691 739/739/739 740/740/740
f 691/691/691 740/740/740 692/692/692
f 692/692/692 740/740/740 741/741/741
f 692/692/692 741/741/741 693/693/693
f 693/693/693 741/741/741 742/742/742
f 693/693/693 742/742/742 694/694/694
f 694/694/694 742/742/742 743/743/743
f 694/694/694 743/743/743 695/695/695
f 695/695/695 743/743/743 744/744/744
f 695/695/695 744/744/744 696/696/696
f 696/696/696 744/744/744 745/745/745
f 696/696/696 745/745/745 697/697/697
f 697/697/697 745/745/745 746/746/746
f 697/697/697 746/746/746 698/698/698
f 698/698/698 746/746/746 747/747/747
f 698/698/698 747/747/747 699/699/699
f 699/699/699 747/747/747 748/748/748
f 699/699/699 748/748/748 700/700/700
f 700/700/700 748/748/748 749/749/749
f 700/700/700 749/749/749 701/701/701
f 701/701/701 749/749/749 750/750/750
f 701/701/701 750/750/750 702/702/702
f 702/702/702 750/750/750 751/751/751
f 702/702/702 751/751/751 703/703/703
f 703/703/703 751/751/751 752/752/752
f 703/703/703 752/752/752 704/704/704
f 704/704/704 752/752/752 753/753/753
f 704/704/704 753/753/753 705/705/705
f 705/705/705 753/753/753 754/754/754
f 705/705/705 754/754/754 706/706/706
f 706/706/706 754/754/754 755/755/755
f 706/706/706 755/755/755 707/707/707
f 707/707/707 755/755/755 756/756/756
f 707/707/707 756/756/756 708/708/708
f 708/708/708 756/756/756 757/757/757
f 708/708/708 757/757/757 709/709/709
f 709/709/709 757/757/757 758/758/758
f 709/709/709 758/758/758 710/710/710
f 710/710/710 758/758/758 759/759/759
f 710/710/710 759/759/759 711/711/711
f 711/711/711 759/759/759 760/760/760
f 711/711/711 760/760/760 712/712/712
f 712/712/712 760/760/760 761/761/761
f 712/712/712 761/761/761 713/713/713
f 713/713/713 761/761/761 762/762/762
f 713/713/713 762/762/762 714/714/714
f 714/714/714 762/762/762 763/763/763
f 714/714/714 763/763/763 715/715/715
f 715/715/715 763/763/763 764/764/764
f 715/715/715 764/764/764 716/716/716
f 716/716/716 764/764/764 765/765/765
f 716/716/716 765/765/765 717/717/717
f 717/717/717 765/765/765 766/766/766
f 717/717/717 766/766/766 718/718/718
f 718/718/718 766/766/766 767/767/767
f 718/718/718 767/767/767 719/719/719
f 719/719/719 767/767/767 768/768/768
f 719/719/719 768/768/768 720/720/720
f 720/720/720 768/768/768 769/769/769
f 720/720/720 769/769/769 721/721/721
f 721/721/721 769/769/769 770/770/770
f 721/721/721 770/770/770 722/722/722
f 722/722/722 770/770/770 771/771/771
f 722/722/722 771/771/771 723/723/723
f 723/723/723 771/771/771 772/772/772
f 723/723/723 772/772/772 724/724/724
f 724/724/724 772/772/772 773/773/773
f 724/724/724 773/773/773 725/725/725
f 725/725/725 773/773/773 774/774/774
f 725/725/725 774/774/774 726/726/726
f 726/726/726 774/774/774 775/775/775
f 726/726/726 775/775/775 727/727/727
f 727/727/727 775/775/775 776/776/776
f 727/727/727 776/776/776 728/728/728
f 728/728/728 776/776/776 777/777/777
f 728/728/728 777/777/777 729/729/729
f 729/729/729 777/777/777 778/778/778
f 729/729/729 778/778/778 730/730/730
f 730/730/730 778/778/778 779/779/779
f 730/730/730 779/779/779 731/731/731
f 731/731/731 779/779/779 780/780/780
f 731/731/731 780/780/780 732/732/732
f 732/732/732 780/780/780 781/781/781
f 732/732/732 781/781/781 733/733/733
f 733/733/733 781/781/781 782/782/782
f 733/733/733 782/782/782 734/734/734
f 734/734/734 782/782/782 783/783/783
f 734/734/734 783/783/783 735/735/735
f 735/735/735 783/783/783 784/784/784
f 736/736/736 785/785/785 737/737/737
f 737/737/737 785/785/785 786/786/786
f 737/737/737 786/786/786 738/738/738
f 738/738/738 786/786/786 787/787/787
f 738/738/738 787/787/787 739/739/739
f 739/739/739 787/787/787 788/788/788
f 739/739/739 788/788/788 740/740/740
f 740/740/740 788/788/788 789/789/789
f 740/740/740 789/789/789 741/741/741
f 741/741/741 789/789/789 790/790/790
f 741/741/741 790/790/790 742/742/742
f 742/742/742 790/790/790 791/791/791
f 742/742/742 791/791/791 743/743/743
f 743/743/743 791/791/791 792/792/792
f 743/743/743 792/792/792 744/744/744
f 744/744/744 792/792/792 793/793/793
f 744/744/744 793/793/793 745/745/745
f 745/745/745 793/793/793 794/794/794
f 745/745/745 794/794/794 746/746/746
f 746/746/746 794/794/794 795/795/795
f 746/746/746 795/795/795 747/747/747
f 747/747/747 795/795/795 796/796/796
f 747/747/747 796/796/796 748/748/748
f 748/748/748 796/796/796 797/797/797
f 748/748/748 797/797/797 749/749/749
f 749/749/749 797/797/797 798/798/798
f 749/749/749 798/798/798 750/750/750
f 750/750/750 798/798/798 799/799/799
f 750/750/750 799/799/799 751/751/751
f 751/751/751 799/799/799 800/800/800
f 751/751/751 800/800/800 752/752/752
f 752/752/752 800/800/800 801/801/801
f 752/752/752 801/801/801 753/753/753
f 753/753/753 801/801/801 802/802/802
f 753/753/753 802/802/802 754/754/754
f 754/754/754 802/802/802 803/803/803
f 754/754/754 803/803/803 755/755/755
f 755/755/755 803/803/803 804/804/804
f 755/755/755 804/804/804 756/756/756
f 756/756/756 804/804/804 805/805/805
f 756/756/756 805/805/805 757/757/757
f 757/757/757 805/805/805 806/806/806
f 757/757/757 806/806/806 758/758/758
f 758/758/758 806/806/806 807/807/807
f 758/758/758 807/807/807 759/759/759
f 759/759/759 807/807/807 808/808/808
f 759/759/759 808/808/808 760/760/760
f 760/760/760 808/808/808 809/809/809
f 760/760/760 809/809/809 761/761/761
f 761/761/761 809/809/809 810/810/810
f 761/761/761 810/810/810 762/762/762
f 762/762/762 810/810/810 811/811/811
f 762/762/762 811/811/811 763/763/763
f 763/763/763 811/811/811 812/812/812
f 763/763/763 812/812/812 764/764/764
f 764/764/764 812/812/812 813/813/813
f 764/764/764 813/813/813 765/765/765
f 765/765/765 813/813/813 814/814/814
f 765/765/765 814/814/814 766/766/766
f 766/766/766 814/814/814 815/815/815
f 766/766/766 815/815/815 767/767/767
f 767/767/767 815/815/815 816/816/816
f 767/767/767 816/816/816 768/768/768
f 768/768/768 816/816/816 817/817/817
f 768/768/768 817/817/817 769/769/769
f 769/769/769 817/817/817 818/818/818
f 769/769/769 818/818/818 770/770/770
f 770/770/770 818/818/818 819/819/819
f 770/770/770 819/819/819 771/771/771
f 771/771/771 819/819/819 820/820/820
f 771/771/771 820/820/820 772/772/772
f 772/772/772 820/820/820 821/821/821
f 772/772/772 821/821/821 773/773/773
f 773/773/773 821/821/821 822/822/822
f 773/773/773 822/822/822 774/774/774
f 774/774/774 822/822/822 823/823/823
f 774/774/774 823/823/823 775/775/775
f 775/775/775 823/823/823 824/824/824
f 775/775/775 824/824/824 776/776/776
f 776/776/776 824/824/824 825/825/825
f 776/776/776 825/825/825 777/777/777
f 777/777/777 825/825/825 826/826/826
f 777/777/777 826/826/826 778/778/778
f 778/778/778 826/826/826 827/827/827
f 778/778/778 827/827/827 779/779/779
f 779/779/779 827/827/827 828/828/828
f 779/779/779 828/828/828 780/780/780
f 780/780/780 828/828/828 829/829/829
f 780/780/780 829/829/829 781/781/781
f 781/781/781 829/829/829 830/830/830
f 781/781/781 830/830/830 782/782/782
f 782/782/782 830/830/830 831/831/831
f 782/782/782 831/831/831 783/783/783
f 783/783/783 831/831/831 832/832/832
f 783/783/783 832/832/832 784/784/784
f 784/784/784 832/832/832 833/833/833
f 785/785/785 834/834/834 786/786/786
f 786/786/786 834/834/834 835/835/835
f 786/786/786 835/835/835 787/787/787
f 787/787/787 835/835/835 836/836/836
f 787/787/787 836/836/836 788/788/788
f 788/788/788 836/836/836 837/837/837
f 788/788/788 837/837/837 789/789/789
f 789/789/789 837/837/837 838/838/838
f 789/789/789 838/838/838 790/790/790
f 790/790/790 838/838/838 839/839/839
f 790/790/790 839/839/839 791/791/791
f 791/791/791 839/839/839 840/840/840
f 791/791/791 840/840/840 792/792/792
f 792/792/792 840/840/840 841/841/841
f 792/792/792 841/841/841 793/793/793
f 793/793/793 841/841/841 842/842/842
f 793/793/793 842/842/842 794/794/794
f 794/794/794 842/842/842 843/843/843
f 794/794/794 843/843/843 795/795/795
f 795/795/795 843/843/843 844/844/844
f 795/795/795 844/844/844 796/796/796
f 796/796/796 844/844/844 845/845/845
f 796/796/796 845/845/845 797/797/797
f 797/797/797 845/845/845 846/846/846
f 797/797/797 846/846/846 798/798/798
f 798/798/798 846/846/846 847/847/847
f 798/798/798 847/847/847 799/799/799
f 799/799/799 847/847/847 848/848/848
f 799/799/799 848/848/848 800/800/800
f 800/800/800 848/848/848 849/849/849
f 800/800/800 849/849/849 801/801/801
f 801/801/801 849/849/849 850/850/850
f 801/801/801 850/850/850 802/802/802
f 802/802/802 850/850/850 851/851/851
f 802/802/802 851/851/851 803/803/803
f 803/803/803 851/851/851 852/852/852
f 803/803/803 852/852/852 804/804/804
f 804/804/804 852/852/852 853/853/853
f 804/804/804 853/853/853 805/805/805
f 805/805/805 853/853/853 854/854/854
f 805/805/805 854/854/854 806/806/806
f 806/806/806 854/854/854 855/855/855
f 806/806/806 855/855/855 807/807/807
f 807/807/807 855/855/855 856/856/856
f 807/807/807 856/856/856 808/808/808
f 808/808/808 856/856/856 857/857/857
f 808/808/808 857/857/857 809/809/809
f 809/809/809 857/857/857 858/858/858
f 809/809/809 858/858/858 810/810/810
f 810/810/810 858/858/858 859/859/859
f 810/810/810 859/859/859 811/811/811
f 811/811/811 859/859/859 860/860/860
f 811/811/811 860/860/860 812/812/812
f 812/812/812 860/860/860 861/861/861
f 812/812/812 861/861/861 813/813/813
f 813/813/813 861/861/861 862/862/862
f 813/813/813 862/862/862 814/814/814
f 814/814/814 862/862/862 863/863/863
f 814/814/814 863/863/863 815/815/815
f 815/815/815 863/863/863 864/864/864
f 815/815/815 864/864/864 816/816/816
f 816/816/816 864/864/864 865/865/865
f 816/816/816 865/865/865 817/817/817
f 817/817/817 865/865/865 866/866/866
f 817/817/817 866/866/866 818/818/818
f 818/818/818 866/866/866 867/867/867
f 818/818/818 867/867/867 819/819/819
f 819/819/819 867/867/867 868/868/868
f 819/819/819 868/868/868 820/820/820
f 820/820/820 868/868/868 869/869/869
f 820/820/820 869/869/869 821/821/821
f 821/821/821 869/869/869 870/870/870
f 821/821/821 870/870/870 822/822/822
f 822/822/822 870/870/870 871/871/871
f 822/822/822 871/871/871 823/823/823
f 823/823/823 871/871/871 872/872/872
f 823/823/823 872/872/872 824/824/824
f 824/824/824 872/872/872 873/873/873
f 824/824/824 873/873/873 825/825/825
f 825/825/825 873/873/873 874/874/874
f 825/825/825 874/874/874 826/826/826
f 826/826/826 874/874/874 875/875/875
f 826/826/826 875/875/875 827/827/827
f 827/827/827 875/875/875 876/876/876
f 827/827/827 876/876/876 828/828/828
f 828/828/828 876/876/876 877/877/877
f 828/828/828 877/877/877 829/829/829
f 829/829/829 877/877/877 878/878/878
f 829/829/829 878/878/878 830/830/830
f 830/830/830 878/878/878 879/879/879
f 830/830/830 879/879/879 831/831/831
f 831/831/831 879/879/879 880/880/880
f 831/831/831 880/880/880 832/832/832
f 832/832/832 880/880/880 881/881/881
f 832/832/832 881/881/881 833/833/833
f 833/833/833 881/881/881 882/882/882
f 834/834/834 883/883/883 835/835/835
f 835/835/835 883/883/883 884/884/884
f 835/835/835 884/884/884 836/836/836
f 836/836/836 884/884/884 885/885/885
f 836/836/836 885/885/885 837/837/837
f 837/837/837 885/885/885 886/886/886
f 837/837/837 886/886/886 838/838/838
f 838/838/838 886/886/886 887/887/887
f 838/838/838 887/887/887 839/839/839
f 839/839/839 887/887/887 888/888/888
f 839/839/839 888/888/888 840/840/840
f 840/840/840 888/888/888 889/889/889
f 840/840/840 889/889/889 841/841/841
f 841/841/841 889/889/889 890/890/890
f 841/841/841 890/890/890 842/842/842
f 842/842/842 890/890/890 891/891/891
f 842/842/842 891/891/891 843/843/843
f 843/843/843 891/891/891 892/892/892
f 843/843/843 892/892/892 844/844/844
f 844/844/844 892/892/892 893/893/893
f 844/844/844 893/893/893 845/845/845
f 845/845/845 893/893/893 894/894/894
f 845/845/845 894/894/894 846/846/846
f 846/846/846 894/894/894 895/895/895
f 846/846/846 895/895/895 847/847/847
f 847/847/847 895/895/895 896/896/896
f 847/847/847 896/896/896 848/848/848
f 848/848/848 896/896/896 897/897/897
f 848/848/848 897/897/897 849/849/849
f 849/849/849 897/897/897 898/898/898
f 849/849/849 898/898/898 850/850/850
f 850/850/850 898/898/898 899/899/899
f 850/850/850 899/899/899 851/851/851
f 851/851/851 899/899/899 900/900/900
f 851/851/851 900/900/900 852/852/852
f 852/852/852 900/900/900 901/901/901
f 852/852/852 901/901/901 853/853/853
f 853/853/853 901/901/901 902/902/902
f 853/853/853 902/902/902 854/854/854
f 854/854/854 902/902/902 903/903/903
f 854/854/854 903/903/903 855/855/855
f 855/855/855 903/903/903 904/904/904
f 855/855/855 904/904/904 856/856/856
f 856/856/856 904/904/904 905/905/905
f 856/856/856 905/905/905 857/857/857
f 857/857/857 905/905/905 906/906/906
f 857/857/857 906/906/906 858/858/858
f 858/858/858 906/906/906 907/907/907
f 858/858/858 907/907/907 859/859/859
f 859/859/859 907/907/907 908/908/908
f 859/859/859 908/908/908 860/860/860
f 860/860/860 908/908/908 909/909/909
f 860/860/860 909/909/909 861/861/861
f 861/861/861 909/909/909 910/910/910
f 861/861/861 910/910/910 862/862/862
f 862/862/862 910/910/910 911/911/911
f 862/862/862 911/911/911 863/863/863
f 863/863/863 911/911/911 912/912/912
f 863/863/863 912/912/912 864/864/864
f 864/864/864 912/912/912 913/913/913
f 864/864/864 913/913/913 865/865/865
f 865/865/865 913/913/913 914/914/914
f 865/865/865 914/914/914 866/866/866
f 866/866/866 914/914/914 915/915/915
f 866/866/866 915/915/915 867/867/867
f 867/867/867 915/915/915 916/916/916
f 867/867/867 916/916/916 868/868/868
f 868/868/868 916/916/916 917/917/917
f 868/868/868 917/917/917 869/869/869
f 869/869/869 917/917/917 918/918/918
f 869/869/869 918/918/918 870/870/870
f 870/870/870 918/918/918 919/919/919
f 870/870/870 919/919/919 871/871/871
f 871/871/871 919/919/919 920/920/920
f 871/871/871 920/920/920 872/872/872
f 872/872/872 920/920/920 921/921/921
f 872/872/872 921/921/921 873/873/873
f 873/873/873 921/921/921 922/922/922
f 873/873/873 922/922/922 874/874/874
f 874/874/874 922/922/922 923/923/923
f 874/874/874 923/923/923 875/875/875
f 875/875/875 923/923/923 924/924/924
f 875/875/875 924/924/924 876/876/876
f 876/876/876 924/924/924 925/925/925
f 876/876/876 925/925/925 877/877/877
f 877/877/877 925/925/925 926/926/926
f 877/877/877 926/926/926 878/878/878
f 878/878/878 926/926/926 927/927/927
f 878/878/878 927/927/927 879/879/879
f 879/879/879 927/927/927 928/928/928
f 879/879/879 928/928/928 880/880/880
f 880/880/880 928/928/928 929/929/929
f 880/880/880 929/929/929 881/881/881
f 881/881/881 929/929/929 930/930/930
f 881/881/881 930/930/930 882/882/882
f 882/882/882 930/930/930 931/931/931
f 883/883/883 932/932/932 884/884/884
f 884/884/884 932/932/932 933/933/933
f 884/884/884 933/933/933 885/885/885
f 885/885/885 933/933/933 934/934/934
f 885/885/885 934/934/934 886/886/886
f 886/886/886 934/934/934 935/935/935
f 886/886/886 935/935/935 887/887/887
f 887/887/887 935/935/935 936/936/936
f 887/887/887 936/936/936 888/888/888
f 888/888/888 936/936/936 937/937/937
f 888/888/888 937/937/937 889/889/889
f 889/889/889 937/937/937 938/938/938
f 889/889/889 938/938/938 890/890/890
f 890/890/890 938/938/938 939/939/939
f 890/890/890 939/939/939 891/891/891
f 891/891/891 939/939/939 940/940/940
f 891/891/891 940/940/940 892/892/892
f 892/892/892 940/940/940 941/941/941
f 892/892/892 941/941/941 893/893/893
f 893/893/893 941/941/941 942/942/942
f 893/893/893 942/942/942 894/894/894
f 894/894/894 942/942/942 943/943/943
f 894/894/894 943/943/943 895/895/895
f 895/895/895 943/943/943 944/944/944
f 895/895/895 944/944/944 896/896/896
f 896/896/896 944/944/944 945/945/945
f 896/896/896 945/945/945 897/897/897
f 897/897/897 945/945/945 946/946/946
f 897/897/897 946/946/946 898/898/898
f 898/898/898 946/946/946 947/947/947
f 898/898/898 947/947/947 899/899/899
f 899/899/899 947/947/947 948/948/948
f 899/899/899 948/948/948 900/900/900
f 900/900/900 948/948/948 949/949/949
f 900/900/900 949/949/949 901/901/901
f 901/901/901 949/949/949 950/950/950
f 901/901/901 950/950/950 902/902/902
f 902/902/902 950/950/950 951/951/951
f 902/902/902 951/951/951 903/903/903
f 903/903/903 951/951/951 952/952/952
f 903/903/903 952/952/952 904/904/904
f 904/904/904 952/952/952 953/953/953
f 904/904/904 953/953/953 905/905/905
f 905/905/905 953/953/953 954/954/954
f 905/905/905 954/954/954 906/906/906
f 906/906/906 954/954/954 955/955/955
f 906/906/906 955/955/955 907/907/907
f 907/907/907 955/955/955 956/956/956
f 907/907/907 956/956/956 908/908/908
f 908/908/908 956/956/956 957/957/957
f 908/908/908 957/957/957 909/909/909
f 909/909/909 957/957/957 958/958/958
f 909/909/909 958/958/958 910/910/910
f 910/910/910 958/958/958 959/959/959
f 910/910/910 959/959/959 911/911/911
f 911/911/911 959/959/959 960/960/960
f 911/911/911 960/960/960 912/912/912
f 912/912/912 960/960/960 961/961/961
f 912/912/912 961/961/961 913/913/913
f 913/913/913 961/961/961 962/962/962
f 913/913/913 962/962/962 914/914/914
f 914/914/914 962/962/962 963/963/963
f 914/914/914 963/963/963 915/915/915
f 915/915/915 963/963/963 964/964/964
f 915/915/915 964/964/964 916/916/916
f 916/916/916 964/964/964 965/965/965
f 916/916/916 965/965/965 917/917/917
f 917/917/917 965/965/965 966/966/966
f 917/917/917 966/966/966 918/918/918
f 918/918/918 966/966/966 967/967/967
f 918/918/918 967/967/967 919/919/919
f 919/919/919 967/967/967 968/968/968
f 919/919/919 968/968/968 920/920/920
f 920/920/920 968/968/968 969/969/969
f 920/920/920 969/969/969 921/921/921
f 921/921/921 969/969/969 970/970/970
f 921/921/921 970/970/970 922/922/922
f 922/922/922 970/970/970 971/971/971
f 922/922/922 971/971/971 923/923/923
f 923/923/923 971/971/971 972/972/972
f 923/923/923 972/972/972 924/924/924
f 924/924/924 972/972/972 973/973/973
f 924/924/924 973/973/973 925/925/925
f 925/925/925 973/973/973 974/974/974
f 925/925/925 974/974/974 926/926/926
f 926/926/926 974/974/974 975/975/975
f 926/926/926 975/975/975 927/927/927
f 927/927/927 975/975/975 976/976/976
f 927/927/927 976/976/976 928/928/928
f 928/928/928 976/976/976 977/977/977
f 928/928/928 977/977/977 929/929/929
f 929/929/929 977/977/977 978/978/978
f 929/929/929 978/978/978 930/930/930
f 930/930/930 978/978/978 979/979/979
f 930/930/930 979/979/979 931/931/931
f 931/931/931 979/979/979 980/980/980
f 932/932/932 981/981/981 933/933/933
f 933/933/933 981/981/981 982/982/982
f 933/933/933 982/982/982 934/934/934
f 934/934/934 982/982/982 983/983/983
f 934/934/934 983/983/983 935/935/935
f 935/935/935 983/983/983 984/984/984
f 935/935/935 984/984/984 936/936/936
f 936/936/936 984/984/984 985/985/985
f 936/936/936 985/985/985 937/937/937
f 937/937/937 985/985/985 986/986/986
f 937/937/937 986/986/986 938/938/938
f 938/938/938 986/986/986 987/987/987
f 938/938/938 987/987/987 939/939/939
f 939/939/939 987/987/987 988/988/988
f 939/939/939 988/988/988 940/940/940
f 940/940/940 988/988/988 989/989/989
f 940/940/940 989/989/989 941/941/941
f 941/941/941 989/989/989 990/990/990
f 941/941/941 990/990/990 942/942/942
f 942/942/942 990/990/990 991/991/991
f 942/942/942 991/991/991 943/943/943
f 943/943/943 991/991/991 992/992/992
f 943/943/943 992/992/992 944/944/944
f 944/944/944 992/992/992 993/993/993
f 944/944/944 993/993/993 945/945/945
f 945/945/945 993/993/993 994/994/994
f 945/945/945 994/994/994 946/946/946
f 946/946/946 994/994/994 995/995/995
f 946/946/946 995/995/995 947/947/947
f 947/947/947 995/995/995 996/996/996
f 947/947/947 996/996/996 948/948/948
f 948/948/948 996/996/996 997/997/997
f 948/948/948 997/997/997 949/949/949
f 949/949/949 997/997/997 998/998/998
f 949/949/949 998/998/998 950/950/950
f 950/950/950 998/998/998 999/999/999
f 950/950/950 999/999/999 951/951/951
f 951/951/951 999/999/999 1000/1000/1000
f 951/951/951 1000/1000/1000 952/952/952
f 952/952/952 1000/1000/1000 1001/1001/1001
f 952/952/952 1001/1001/1001 953/953/953
f 953/953/953 1001/1001/1001 1002/1002/1002
f 953/953/953 1002/1002/1002 954/954/954
f 954/954/954 1002/1002/1002 1003/1003/1003
f 954/954/954 1003/1003/1003 955/955/955
f 955/955/955 1003/1003/1003 1004/1004/1004
f 955/955/955 1004/1004/1004 956/956/956
f 956/956/956 1004/1004/1004 1005/1005/1005
f 956/956/956 1005/1005/1005 957/957/957
f 957/957/957 1005/1005/1005 1006/1006/1006
f 957/957/957 1006/1006/1006 958/958/958
f 958/958/958 1006/1006/1006 1007/1007/1007
f 958/958/958 1007/1007/1007 959/959/959
f 959/959/959 1007/1007/1007 1008/1008/1008
f 959/959/959 1008/1008/1008 960/960/960
f 960/960/960 1008/1008/1008 1009/1009/1009
f 960/960/960 1009/1009/1009 961/961/961
f 961/961/961 1009/1009/1009 1010/1010/1010
f 961/961/961 1010/1010/1010 962/962/962
f 962/962/962 1010/1010/1010 1011/1011/1011
f 962/962/962 1011/1011/1011 963/963/963
f 963/963/963 1011/1011/1011 1012/1012/1012
f 963/963/963 1012/1012/1012 964/964/964
f 964/964/964 1012/1012/1012 1013/1013/1013
f 964/964/964 1013/1013/1013 965/965/965
f 965/965/965 1013/1013/1013 1014/1014/1014
f 965/965/965 1014/1014/1014 966/966/966
f 966/966/966 1014/1014/1014 1015/1015/1015
f 966/966/966 1015/1015/1015 967/967/967
f 967/967/967 1015/1015/1015 1016/1016/1016
f 967/967/967 1016/1016/1016 968/968/968
f 968/968/968 1016/1016/1016 1017/1017/1017
f 968/968/968 1017/1017/1017 969/969/969
f 969/969/969 1017/1017/1017 1018/1018/1018
f 969/969/969 1018/1018/1018 970/970/970
f 970/970/970 1018/1018/1018 1019/1019/1019
f 970/970/970 1019/1019/1019 971/971/971
f 971/971/971 1019/1019/1019 1020/1020/1020
f 971/971/971 1020/1020/1020 972/972/972
f 972/972/972 1020/1020/1020 1021/1021/1021
f 972/972/972 1021/1021/1021 973/973/973
f 973/973/973 1021/1021/1021 1022/1022/1022
f 973/973/973 1022/1022/1022 974/974/974
f 974/974/974 1022/1022/1022 1023/1023/1023
f 974/974/974 1023/1023/1023 975/975/975
f 975/975/975 1023/1023/1023 1024/1024/1024
f 975/975/975 1024/1024/1024 976/976/976
f 976/976/976 1024/1024/1024 1025/1025/1025
f 976/976/976 1025/1025/1025 977/977/977
f 977/977/977 1025/1025/1025 1026/1026/1026
f 977/977/977 1026/1026/1026 978/978/978
f 978/978/978 1026/1026/1026 1027/1027/1027
f 978/978/978 1027/1027/1027 979/979/979
f 979/979/979 1027/1027/1027 1028/1028/1028
f 979/979/979 1028/1028/1028 980/980/980
f 980/980/980 1028/1028/1028 1029/1029/1029
f 981/981/981 1030/1030/1030 982/982/982
f 982/982/982 1030/1030/1030 1031/1031/1031
f 982/982/982 1031/1031/1031 983/983/983
f 983/983/983 1031/1031/1031 1032/1032/1032
f 983/983/983 1032/1032/1032 984/984/984
f 984/984/984 1032/1032/1032 1033/1033/1033
f 984/984/984 1033/1033/1033 985/985/985
f 985/985/985 1033/1033/1033 1034/1034/1034
f 985/985/985 1034/1034/1034 986/986/986
f 986/986/986 1034/1034/1034 1035/1035/1035
f 986/986/986 1035/1035/1035 987/987/987
f 987/987/987 1035/1035/1035 1036/1036/1036
f 987/987/987 1036/1036/1036 988/988/988
f 988/988/988 1036/1036/1036 1037/1037/1037
f 988/988/988 1037/1037/1037 989/989/989
f 989/989/989 1037/1037/1037 1038/1038/1038
f 989/989/989 1038/1038/1038 990/990/990
f 990/990/990 1038/1038/1038 1039/1039/1039
f 990/990/990 1039/1039/1039 991/991/991
f 991/991/991 1039/1039/1039 1040/1040/1040
f 991/991/991 1040/1040/1040 992/992/992
f 992/992/992 1040/1040/1040 1041/1041/1041
f 992/992/992 1041/1041/1041 993/993/993
f 993/993/993 1041/1041/1041 1042/1042/1042
f 993/993/993 1042/1042/1042 994/994/994
f 994/994/994 1042/1042/1042 1043/1043/1043
f 994/994/994 1043/1043/1043 995/995/995
f 995/995/995 1043/1043/1043 1044/1044/1044
f 995/995/995 1044/1044/1044 996/996/996
f 996/996/996 1044/1044/1044 1045/1045/1045
f 996/996/996 1045/1045/1045 997/997/997
f 997/997/997 1045/1045/1045 1046/1046/1046
f 997/997/997 1046/1046/1046 998/998/998
f 998/998/998 1046/1046/1046 1047/1047/1047
f 998/998/998 1047/1047/1047 999/999/999
f 999/999/999 1047/1047/1047 1048/1048/1048
f 999/999/999 1048/1048/1048 1000/1000/1000
f 1000/1000/1000 1048/1048/1048 1049/1049/1049
f 1000/1000/1000 1049/1049/1049 1001/1001/1001
f 1001/1001/1001 1049/1049/1049 1050/1050/1050
f 1001/1001/1001 1050/1050/1050 1002/1002/1002
f 1002/1002/1002 1050/1050/1050 1051/1051/1051
f 1002/1002/1002 1051/1051/1051 1003/1003/1003
f 1003/1003/1003 1051/1051/1051 1052/1052/1052
f 1003/1003/1003 1052/1052/1052 1004/1004/1004
f 1004/1004/1004 1052/1052/1052 1053/1053/1053
f 1004/1004/1004 1053/1053/1053 1005/1005/1005
f 1005/1005/1005 1053/1053/1053 1054/1054/1054
f 1005/1005/1005 1054/1054/1054 1006/1006/1006
f 1006/1006/1006 1054/1054/1054 1055/1055/1055
f 1006/1006/1006 1055/1055/1055 1007/1007/1007
f 1007/1007/1007 1055/1055/1055 1056/1056/1056
f 1007/1007/1007 1056/1056/1056 1008/1008/1008
f 1008/1008/1008 1056/1056/1056 1057/1057/1057
f 1008/1008/1008 1057/1057/1057 1009/1009/1009
f 1009/1009/1009 1057/1057/1057 1058/1058/1058
f 1009/1009/1009 1058/1058/1058 1010/1010/1010
f 1010/1010/1010 1058/1058/1058 1059/1059/1059
f 1010/1010/1010 1059/1059/1059 1011/1011/1011
f 1011/1011/1011 1059/1059/1059 1060/1060/1060
f 1011/1011/1011 1060/1060/1060 1012/1012/1012
f 1012/1012/1012 1060/1060/1060 1061/1061/1061
f 1012/1012/1012 1061/1061/1061 1013/1013/1013
f 1013/1013/1013 1061/1061/1061 1062/1062/1062
f 1013/1013/1013 1062/1062/1062 1014/1014/1014
f 1014/1014/1014 1062/1062/1062 1063/1063/1063
f 1014/1014/1014 1063/1063/1063 1015/1015/1015
f 1015/1015/1015 1063/1063/1063 1064/1064/1064
f 1015/1015/1015 1064/1064/1064 1016/1016/1016
f 1016/1016/1016 1064/1064/1064 1065/1065/1065
f 1016/1016/1016 1065/1065/1065 1017/1017/1017
f 1017/1017/1017 1065/1065/1065 1066/1066/1066
f 1017/1017/1017 1066/1066/1066 1018/1018/1018
f 1018/1018/1018 1066/1066/1066 1067/1067/1067
f 1018/1018/1018 1067/1067/1067 1019/1019/1019
f 1019/1019/1019 1067/1067/1067 1068/1068/1068
f 1019/1019/1019 1068/1068/1068 1020/1020/1020
f 1020/1020/1020 1068/1068/1068 1069/1069/1069
f 1020/1020/1020 1069/1069/1069 1021/1021/1021
f 1021/1021/1021 1069/1069/1069 1070/1070/1070
f 1021/1021/1021 1070/1070/1070 1022/1022/1022
f 1022/1022/1022 1070/1070/1070 1071/1071/1071
f 1022/1022/1022 1071/1071/1071 1023/1023/1023
f 1023/1023/1023 1071/1071/1071 1072/1072/1072
f 1023/1023/1023 1072/1072/1072 1024/1024/1024
f 1024/1024/1024 1072/1072/1072 1073/1073/1073
f 1024/1024/1024 1073/1073/1073 1025/1025/1025
f 1025/1025/1025 1073/1073/1073 1074/1074/1074
f 1025/1025/1025 1074/1074/1074 1026/1026/1026
f 1026/1026/1026 1074/1074/1074 1075/1075/1075
f 1026/1026/1026 1075/1075/1075 1027/1027/1027
f 1027/1027/1027 1075/1075/1075 1076/1076/1076
f 1027/1027/1027 1076/1076/1076 1028/1028/1028
f 1028/1028/1028 1076/1076/1076 1077/1077/1077
f 1028/1028/1028 1077/1077/1077 1029/1029/1029
f 1029/1029/1029 1077/1077/1077 1078/1078/1078
f 1030/1030/1030 1079/1079/1079 1031/1031/1031
f 1031/1031/1031 1079/1079/1079 1080/1080/1080
f 1031/1031/1031 1080/1080/1080 1032/1032/1032
f 1032/1032/1032 1080/1080/1080 1081/1081/1081
f 1032/1032/1032 1081/1081/1081 1033/1033/1033
f 1033/1033/1033 1081/1081/1081 1082/1082/1082
f 1033/1033/1033 1082/1082/1082 1034/1034/1034
f 1034/1034/1034 1082/1082/1082 1083/1083/1083
f 1034/1034/1034 1083/1083/1083 1035/1035/1035
f 1035/1035/1035 1083/1083/1083 1084/1084/1084
f 1035/1035/1035 1084/1084/1084 1036/1036/1036
f 1036/1036/1036 1084/1084/1084 1085/1085/1085
f 1036/1036/1036 1085/1085/1085 1037/1037/1037
f 1037/1037/1037 1085/1085/1085 1086/1086/1086
f 1037/1037/1037 1086/1086/1086 1038/1038/1038
f 1038/1038/1038 1086/1086/1086 1087/1087/1087
f 1038/1038/1038 1087/1087/1087 1039/1039/1039
f 1039/1039/1039 1087/1087/1087 1088/1088/1088
f 1039/1039/1039 1088/1088/1088 1040/1040/1040
f 1040/1040/1040 1088/1088/1088 1089/1089/1089
f 1040/1040/1040 1089/1089/1089 1041/1041/1041
f 1041/1041/1041 1089/1089/1089 1090/1090/1090
f 1041/1041/1041 1090/1090/1090 1042/1042/1042
f 1042/1042/1042 1090/1090/1090 1091/1091/1091
f 1042/1042/1042 1091/1091/1091 1043/1043/1043
f 1043/1043/1043 1091/1091/1091 1092/1092/1092
f 1043/1043/1043 1092/1092/1092 1044/1044/1044
f 1044/1044/1044 1092/1092/1092 1093/1093/1093
f 1044/1044/1044 1093/1093/1093 1045/1045/1045
f 1045/1045/1045 1093/1093/1093 1094/1094/1094
f 1045/1045/1045 1094/1094/1094 1046/1046/1046
f 1046/1046/1046 1094/1094/1094 1095/1095/1095
f 1046/1046/1046 1095/1095/1095 1047/1047/1047
f 1047/1047/1047 1095/1095/1095 1096/1096/1096
f 1047/1047/1047 1096/1096/1096 1048/1048/1048
f 1048/1048/1048 1096/1096/1096 1097/1097/1097
f 1048/1048/1048 1097/1097/1097 1049/1049/1049
f 1049/1049/1049 1097/1097/1097 1098/1098/1098
f 1049/1049/1049 1098/1098/1098 1050/1050/1050
f 1050/1050/1050 1098/1098/1098 1099/1099/1099
f 1050/1050/1050 1099/1099/1099 1051/1051/1051
f 1051/1051/1051 1099/1099/1099 1100/1100/1100
f 1051/1051/1051 1100/1100/1100 1052/1052/1052
f 1052/1052/1052 1100/1100/1100 1101/1101/1101
f 1052/1052/1052 1101/1101/1101 1053/1053/1053
f 1053/1053/1053 1101/1101/1101 1102/1102/1102
f 1053/1053/1053 1102/1102/1102 1054/1054/1054
f 1054/1054/1054 1102/1102/1102 1103/1103/1103
f 1054/1054/1054 1103/1103/1103 1055/1055/1055
f 1055/1055/1055 1103/1103/1103 1104/1104/1104
f 1055/1055/1055 1104/1104/1104 1056/1056/1056
f 1056/1056/1056 1104/1104/1104 1105/1105/1105
f 1056/1056/1056 1105/1105/1105 1057/1057/1057
f 1057/1057/1057 1105/1105/1105 1106/1106/1106
f 1057/1057/1057 1106/1106/1106 1058/1058/1058
f 1058/1058/1058 1106/1106/1106 1107/1107/1107
f 1058/1058/1058 1107/1107/1107 1059/1059/1059
f 1059/1059/1059 1107/1107/1107 1108/1108/1108
f 1059/1059/1059 1108/1108/1108 1060/1060/1060
f 1060/1060/1060 1108/1108/1108 1109/1109/1109
f 1060/1060/1060 1109/1109/1109 1061/1061/1061
f 1061/1061/1061 1109/1109/1109 1110/1110/1110
f 1061/1061/1061 1110/1110/1110 1062/1062/1062
f 1062/1062/1062 1110/1110/1110 1111/1111/1111
f 1062/1062/1062 1111/1111/1111 1063/1063/1063
f 1063/1063/1063 1111/1111/1111 1112/1112/1112
f 1063/1063/1063 1112/1112/1112 1064/1064/1064
f 1064/1064/1064 1112/1112/1112 1113/1113/1113
f 1064/1064/1064 1113/1113/1113 1065/1065/1065
f 1065/1065/1065 1113/1113/1113 1114/1114/1114
f 1065/1065/1065 1114/1114/1114 1066/1066/1066
f 1066/1066/1066 1114/1114/1114 1115/1115/1115
f 1066/1066/1066 1115/1115/1115 1067/1067/1067
f 1067/1067/1067 1115/1115/1115 1116/1116/1116
f 1067/1067/1067 1116/1116/1116 1068/1068/1068
f 1068/1068/1068 1116/1116/1116 1117/1117/1117
f 1068/1068/1068 1117/1117/1117 1069/1069/1069
f 1069/1069/1069 1117/1117/1117 1118/1118/1118
f 1069/1069/1069 1118/1118/1118 1070/1070/1070
f 1070/1070/1070 1118/1118/1118 1119/1119/1119
f 1070/1070/1070 1119/1119/1119 1071/1071/1071
f 1071/1071/1071 1119/1119/1119 1120/1120/1120
f 1071/1071/1071 1120/1120/1120 1072/1072/1072
f 1072/1072/1072 1120/1120/1120 1121/1121/1121
f 1072/1072/1072 1121/1121/1121 1073/1073/1073
f 1073/1073/1073 1121/1121/1121 1122/1122/1122
f 1073/1073/1073 1122/1122/1122 1074/1074/1074
f 1074/1074/1074 1122/1122/1122 1123/1123/1123
f 1074/1074/1074 1123/1123/1123 1075/1075/1075
f 1075/1075/1075 1123/1123/1123 1124/1124/1124
f 1075/1075/1075 1124/1124/1124 1076/1076/1076
f 1076/1076/1076 1124/1124/1124 1125/1125/1125
f 1076/1076/1076 1125/1125/1125 1077/1077/1077
f 1077/1077/1077 1125/1125/1125 1126/1126/1126
f 1077/1077/1077 1126/1126/1126 1078/1078/1078
f 1078/1078/1078 1126/1126/1126 1127/1127/1127
f 1079/1079/1079 1128/1128/1128 1080/1080/1080
f 1080/1080/1080 1128/1128/1128 1129/1129/1129
f 1080/1080/1080 1129/1129/1129 1081/1081/1081
f 1081/1081/1081 1129/1129/1129 1130/1130/1130
f 1081/1081/1081 1130/1130/1130 1082/1082/1082
f 1082/1082/1082 1130/1130/1130 1131/1131/1131
f 1082/1082/1082 1131/1131/1131 1083/1083/1083
f 1083/1083/1083 1131/1131/1131 1132/1132/1132
f 1083/1083/1083 1132/1132/1132 1084/1084/1084
f 1084/1084/1084 1132/1132/1132 1133/1133/1133
f 1084/1084/1084 1133/1133/1133 1085/1085/1085
f 1085/1085/1085 1133/1133/1133 1134/1134/1134
f 1085/1085/1085 1134/1134/1134 1086/1086/1086
f 1086/1086/1086 1134/1134/1134 1135/1135/1135
f 1086/1086/1086 1135/1135/1135 1087/1087/1087
f 1087/1087/1087 1135/1135/1135 1136/1136/1136
f 1087/1087/1087 1136/1136/1136 1088/1088/1088
f 1088/1088/1088 1136/1136/1136 1137/1137/1137
f 1088/1088/1088 1137/1137/1137 1089/1089/1089
f 1089/1089/1089 1137/1137/1137 1138/1138/1138
f 1089/1089/1089 1138/1138/1138 1090/1090/1090
f 1090/1090/1090 1138/1138/1138 1139/1139/1139
f 1090/1090/1090 1139/1139/1139 1091/1091/1091
f 1091/1091/1091 1139/1139/1139 1140/1140/1140
f 1091/1091/1091 1140/1140/1140 1092/1092/1092
f 1092/1092/1092 1140/1140/1140 1141/1141/1141
f 1092/1092/1092 1141/1141/1141 1093/1093/1093
f 1093/1093/1093 1141/1141/1141 1142/1142/1142
f 1093/1093/1093 1142/1142/1142 1094/1094/1094
f 1094/1094/1094 1142/1142/1142 1143/1143/1143
f 1094/1094/1094 1143/1143/1143 1095/1095/1095
f 1095/1095/1095 1143/1143/1143 1144/1144/1144
f 1095/1095/1095 1144/1144/1144 1096/1096/1096
f 1096/1096/1096 1144/1144/1144 1145/1145/1145
f 1096/1096/1096 1145/1145/1145 1097/1097/1097
f 1097/1097/1097 1145/1145/1145 1146/1146/1146
f 1097/1097/1097 1146/1146/1146 1098/1098/1098
f 1098/1098/1098 1146/1146/1146 1147/1147/1147
f 1098/1098/1098 1147/1147/1147 1099/1099/1099
f 1099/1099/1099 1147/1147/1147 1148/1148/1148
f 1099/1099/1099 1148/1148/1148 1100/1100/1100
f 1100/1100/1100 1148/1148/1148 1149/1149/1149
f 1100/1100/1100 1149/1149/1149 1101/1101/1101
f 1101/1101/1101 1149/1149/1149 1150/1150/1150
f 1101/1101/1101 1150/1150/1150 1102/1102/1102
f 1102/1102/1102 1150/1150/1150 1151/1151/1151
f 1102/1102/1102 1151/1151/1151 1103/1103/1103
f 1103/1103/1103 1151/1151/1151 1152/1152/1152
f 1103/1103/1103 1152/1152/1152 1104/1104/1104
f 1104/1104/1104 1152/1152/1152 1153/1153/1153
f 1104/1104/1104 1153/1153/1153 1105/1105/1105
f 1105/1105/1105 1153/1153/1153 1154/1154/1154
f 1105/1105/1105 1154/1154/1154 1106/1106/1106
f 1106/1106/1106 1154/1154/1154 1155/1155/1155
f 1106/1106/1106 1155/1155/1155 1107/1107/1107
f 1107/1107/1107 1155/1155/1155 1156/1156/1156
f 1107/1107/1107 1156/1156/1156 1108/1108/1108
f 1108/1108/1108 1156/1156/1156 1157/1157/1157
f 1108/1108/1108 1157/1157/1157 1109/1109/1109
f 1109/1109/1109 1157/1157/1157 1158/1158/1158
f 1109/1109/1109 1158/1158/1158 1110/1110/1110
f 1110/1110/1110 1158/1158/1158 1159/1159/1159
f 1110/1110/1110 1159/1159/1159 1111/1111/1111
f 1111/1111/1111 1159/1159/1159 1160/1160/1160
f 1111/1111/1111 1160/1160/1160 1112/1112/1112
f 1112/1112/1112 1160/1160/1160 1161/1161/1161
f 1112/1112/1112 1161/1161/1161 1113/1113/1113
f 1113/1113/1113 1161/1161/1161 1162/1162/1162
f 1113/1113/1113 1162/1162/1162 1114/1114/1114
f 1114/1114/1114 1162/1162/1162 1163/1163/1163
f 1114/1114/1114 1163/1163/1163 1115/1115/1115
f 1115/1115/1115 1163/1163/1163 1164/1164/1164
f 1115/1115/1115 1164/1164/1164 1116/1116/1116
f 1116/1116/1116 1164/1164/1164 1165/1165/1165
f 1116/1116/1116 1165/1165/1165 1117/1117/1117
f 1117/1117/1117 1165/1165/1165 1166/1166/1166
f 1117/1117/1117 1166/1166/1166 1118/1118/1118
f 1118/1118/1118 1166/1166/1166 1167/1167/1167
f 1118/1118/1118 1167/1167/1167 1119/1119/1119
f 1119/1119/1119 1167/1167/1167 1168/1168/1168
f 1119/1119/1119 1168/1168/1168 1120/1120/1120
f 1120/1120/1120 1168/1168/1168 1169/1169/1169
f 1120/1120/1120 1169/1169/1169 1121/1121/1121
f 1121/1121/1121 1169/1169/1169 1170/1170/1170
f 1121/1121/1121 1170/1170/1170 1122/1122/1122
f 1122/1122/1122 1170/1170/1170 1171/1171/1171
f 1122/1122/1122 1171/1171/1171 1123/1123/1123
f 1123/1123/1123 1171/1171/1171 1172/1172/1172
f 1123/1123/1123 1172/1172/1172 1124/1124/1124
f 1124/1124/1124 1172/1172/1172 1173/1173/1173
f 1124/1124/1124 1173/1173/1173 1125/1125/1125
f 1125/1125/1125 1173/1173/1173 1174/1174/1174
f 1125/1125/1125 1174/1174/1174 1126/1126/1126
f 1126/1126/1126 1174/1174/1174 1175/1175/1175
f 1126/1126/1126 1175/1175/1175 1127/1127/1127
f 1127/1127/1127 1175/1175/1175 1176/1176/1176
f 1128/1128/1128 1177/1177/1177 1129/1129/1129
f 1129/1129/1129 1177/1177/1177 1178/1178/1178
f 1129/1129/1129 1178/1178/1178 1130/1130/1130
f 1130/1130/1130 1178/1178/1178 1179/1179/1179
f 1130/1130/1130 1179/1179/1179 1131/1131/1131
f 1131/1131/1131 1179/1179/1179 1180/1180/1180
f 1131/1131/1131 1180/1180/1180 1132/1132/1132
f 1132/1132/1132 1180/1180/1180 1181/1181/1181
f 1132/1132/1132 1181/1181/1181 1133/1133/1133
f 1133/1133/1133 1181/1181/1181 1182/1182/1182
f 1133/1133/1133 1182/1182/1182 1134/1134/1134
f 1134/1134/1134 1182/1182/1182 1183/1183/1183
f 1134/1134/1134 1183/1183/1183 1135/1135/1135
f 1135/1135/1135 1183/1183/1183 1184/1184/1184
f 1135/1135/1135 1184/1184/1184 1136/1136/1136
f 1136/1136/1136 1184/1184/1184 1185/1185/1185
f 1136/1136/1136 1185/1185/1185 1137/1137/1137
f 1137/1137/1137 1185/1185/1185 1186/1186/1186
f 1137/1137/1137 1186/1186/1186 1138/1138/1138
f 1138/1138/1138 1186/1186/1186 1187/1187/1187
f 1138/1138/1138 1187/1187/1187 1139/1139/1139
f 1139/1139/1139 1187/1187/1187 1188/1188/1188
f 1139/1139/1139 1188/1188/1188 1140/1140/1140
f 1140/1140/1140 1188/1188/1188 1189/1189/1189
f 1140/1140/1140 1189/1189/1189 1141/1141/1141
f 1141/1141/1141 1189/1189/1189 1190/1190/1190
f 1141/1141/1141 1190/1190/1190 1142/1142/1142
f 1142/1142/1142 1190/1190/1190 1191/1191/1191
f 1142/1142/1142 1191/1191/1191 1143/1143/1143
f 1143/1143/1143 1191/1191/1191 1192/1192/1192
f 1143/1143/1143 1192/1192/1192 1144/1144/1144
f 1144/1144/1144 1192/1192/1192 1193/1193/1193
f 1144/1144/1144 1193/1193/1193 1145/1145/1145
f 1145/1145/1145 1193/1193/1193 1194/1194/1194
f 1145/1145/1145 1194/1194/1194 1146/1146/1146
f 1146/1146/1146 1194/1194/1194 1195/1195/1195
f 1146/1146/1146 1195/1195/1195 1147/1147/1147
f 1147/1147/1147 1195/1195/1195 1196/1196/1196
f 1147/1147/1147 1196/1196/1196 1148/1148/1148
f 1148/1148/1148 1196/1196/1196 1197/1197/1197
f 1148/1148/1148 1197/1197/1197 1149/1149/1149
f 1149/1149/1149 1197/1197/1197 1198/1198/1198
f 1149/1149/1149 1198/1198/1198 1150/1150/1150
f 1150/1150/1150 1198/1198/1198 1199/1199/1199
f 1150/1150/1150 1199/1199/1199 1151/1151/1151
f 1151/1151/1151 1199/1199/1199 1200/1200/1200
f 1151/1151/1151 1200/1200/1200 1152/1152/1152
f 1152/1152/1152 1200/1200/1200 1201/1201/1201
f 1152/1152/1152 1201/1201/1201 1153/1153/1153
f 1153/1153/1153 1201/1201/1201 1202/1202/1202
f 1153/1153/1153 1202/1202/1202 1154/1154/1154
f 1154/1154/1154 1202/1202/1202 1203/1203/1203
f 1154/1154/1154 1203/1203/1203 1155/1155/1155
f 1155/1155/1155 1203/1203/1203 1204/1204/1204
f 1155/1155/1155 1204/1204/1204 1156/1156/1156
f 1156/1156/1156 1204/1204/1204 1205/1205/1205
f 1156/1156/1156 1205/1205/1205 1157/1157/1157
f 1157/1157/1157 1205/1205/1205 1206/1206/1206
f 1157/1157/1157 1206/1206/1206 1158/1158/1158
f 1158/1158/1158 1206/1206/1206 1207/1207/1207
f 1158/1158/1158 1207/1207/1207 1159/1159/1159
f 1159/1159/1159 1207/1207/1207 1208/1208/1208
f 1159/1159/1159 1208/1208/1208 1160/1160/1160
f 1160/1160/1160 1208/1208/1208 1209/1209/1209
f 1160/1160/1160 1209/1209/1209 1161/1161/1161
f 1161/1161/1161 1209/1209/1209 1210/1210/1210
f 1161/1161/1161 1210/1210/1210 1162/1162/1162
f 1162/1162/1162 1210/1210/1210 1211/1211/1211
f 1162/1162/1162 1211/1211/1211 1163/1163/1163
f 1163/1163/1163 1211/1211/1211 1212/1212/1212
f 1163/1163/1163 1212/1212/1212 1164/1164/1164
f 1164/1164/1164 1212/1212/1212 1213/1213/1213
f 1164/1164/1164 1213/1213/1213 1165/1165/1165
f 1165/1165/1165 1213/1213/1213 1214/1214/1214
f 1165/1165/1165 1214/1214/1214 1166/1166/1166
f 1166/1166/1166 1214/1214/1214 1215/1215/1215
f 1166/1166/1166 1215/1215/1215 1167/1167/1167
f 1167/1167/1167 1215/1215/1215 1216/1216/1216
f 1167/1167/1167 1216/1216/1216 1168/1168/1168
f 1168/1168/1168 1216/1216/1216 1217/1217/1217
f 1168/1168/1168 1217/1217/1217 1169/1169/1169
f 1169/1169/1169 1217/1217/1217 1218/1218/1218
f 1169/1169/1169 1218/1218/1218 1170/1170/1170
f 1170/1170/1170 1218/1218/1218 1219/1219/1219
f 1170/1170/1170 1219/1219/1219 1171/1171/1171
f 1171/1171/1171 1219/1219/1219 1220/1220/1220
f 1171/1171/1171 1220/1220/1220 1172/1172/1172
f 1172/1172/1172 1220/1220/1220 1221/1221/1221
f 1172/1172/1172 1221/1221/1221 1173/1173/1173
f 1173/1173/1173 1221/1221/1221 1222/1222/1222
f 1173/1173/1173 1222/1222/1222 1174/1174/1174
f 1174/1174/1174 1222/1222/1222 1223/1223/1223
f 1174/1174/1174 1223/1223/1223 1175/1175/1175
f 1175/1175/1175 1223/1223/1223 1224/1224/1224
f 1175/1175/1175 1224/1224/1224 1176/1176/1176
f 1176/1176/1176 1224/1224/1224 1225/1225/1225
f 1177/1177/1177 1226/1226/1226 1178/1178/1178
f 1178/1178/1178 1226/1226/1226 1227/1227/1227
f 1178/1178/1178 1227/1227/1227 1179/1179/1179
f 1179/1179/1179 1227/1227/1227 1228/1228/1228
f 1179/1179/1179 1228/1228/1228 1180/1180/1180
f 1180/1180/1180 1228/1228/1228 1229/1229/1229
f 1180/1180/1180 1229/1229/1229 1181/1181/1181
f 1181/1181/1181 1229/1229/1229 1230/1230/1230
f 1181/1181/1181 1230/1230/1230 1182/1182/1182
f 1182/1182/1182 1230/1230/1230 1231/1231/1231
f 1182/1182/1182 1231/1231/1231 1183/1183/1183
f 1183/1183/1183 1231/1231/1231 1232/1232/1232
f 1183/1183/1183 1232/1232/1232 1184/1184/1184
f 1184/1184/1184 1232/1232/1232 1233/1233/1233
f 1184/1184/1184 1233/1233/1233 1185/1185/1185
f 1185/1185/1185 1233/1233/1233 1234/1234/1234
f 1185/1185/1185 1234/1234/1234 1186/1186/1186
f 1186/1186/1186 1234/1234/1234 1235/1235/1235
f 1186/1186/1186 1235/1235/1235 1187/1187/1187
f 1187/1187/1187 1235/1235/1235 1236/1236/1236
f 1187/1187/1187 1236/1236/1236 1188/1188/1188
f 1188/1188/1188 1236/1236/1236 1237/1237/1237
f 1188/1188/1188 1237/1237/1237 1189/1189/1189
f 1189/1189/1189 1237/1237/1237 1238/1238/1238
f 1189/1189/1189 1238/1238/1238 1190/1190/1190
f 1190/1190/1190 1238/1238/1238 1239/1239/1239
f 1190/1190/1190 1239/1239/1239 1191/1191/1191
f 1191/1191/1191 1239/1239/1239 1240/1240/1240
f 1191/1191/1191 1240/1240/1240 1192/1192/1192
f 1192/1192/1192 1240/1240/1240 1241/1241/1241
f 1192/1192/1192 1241/1241/1241 1193/1193/1193
f 1193/1193/1193 1241/1241/1241 1242/1242/1242
f 1193/1193/1193 1242/1242/1242 1194/1194/1194
f 1194/1194/1194 1242/1242/1242 1243/1243/1243
f 1194/1194/1194 1243/1243/1243 1195/1195/1195
f 1195/1195/1195 1243/1243/1243 1244/1244/1244
f 1195/1195/1195 1244/1244/1244 1196/1196/1196
f 1196/1196/1196 1244/1244/1244 1245/1245/1245
f 1196/1196/1196 1245/1245/1245 1197/1197/1197
f 1197/1197/1197 1245/1245/1245 1246/1246/1246
f 1197/1197/1197 1246/1246/1246 1198/1198/1198
f 1198/1198/1198 1246/1246/1246 1247/1247/1247
f 1198/1198/1198 1247/1247/1247 1199/1199/1199
f 1199/1199/1199 1247/1247/1247 1248/1248/1248
f 1199/1199/1199 1248/1248/1248 1200/1200/1200
f 1200/1200/1200 1248/1248/1248 1249/1249/1249
f 1200/1200/1200 1249/1249/1249 1201/1201/1201
f 1201/1201/1201 1249/1249/1249 1250/1250/1250
f 1201/1201/1201 1250/1250/1250 1202/1202/1202
f 1202/1202/1202 1250/1250/1250 1251/1251/1251
f 1202/1202/1202 1251/1251/1251 1203/1203/1203
f 1203/1203/1203 1251/1251/1251 1252/1252/1252
f 1203/1203/1203 1252/1252/1252 1204/1204/1204
f 1204/1204/1204 1252/1252/1252 1253/1253/1253
f 1204/1204/1204 1253/1253/1253 1205/1205/1205
f 1205/1205/1205 1253/1253/1253 1254/1254/1254
f 1205/1205/1205 1254/1254/1254 1206/1206/1206
f 1206/1206/1206 1254/1254/1254 1255/1255/1255
f 1206/1206/1206 1255/1255/1255 1207/1207/1207
f 1207/1207/1207 1255/1255/1255 1256/1256/1256
f 1207/1207/1207 1256/1256/1256 1208/1208/1208
f 1208/1208/1208 1256/1256/1256 1257/1257/1257
f 1208/1208/1208 1257/1257/1257 1209/1209/1209
f 1209/1209/1209 1257/1257/1257 1258/1258/1258
f 1209/1209/1209 1258/1258/1258 1210/1210/1210
f 1210/1210/1210 1258/1258/1258 1259/1259/1259
f 1210/1210/1210 1259/1259/1259 1211/1211/1211
f 1211/1211/1211 1259/1259/1259 1260/1260/1260
f 1211/1211/1211 1260/1260/1260 1212/1212/1212
f 1212/1212/1212 1260/1260/1260 1261/1261/1261
f 1212/1212/1212 1261/1261/1261 1213/1213/1213
f 1213/1213/1213 1261/1261/1261 1262/1262/1262
f 1213/1213/1213 1262/1262/1262 1214/1214/1214
f 1214/1214/1214 1262/1262/1262 1263/1263/1263
f 1214/1214/1214 1263/1263/1263 1215/1215/1215
f 1215/1215/1215 1263/1263/1263 1264/1264/1264
f 1215/1215/1215 1264/1264/1264 1216/1216/1216
f 1216/1216/1216 1264/1264/1264 1265/1265/1265
f 1216/1216/1216 1265/1265/1265 1217/1217/1217
f 1217/1217/1217 1265/1265/1265 1266/1266/1266
f 1217/1217/1217 1266/1266/1266 1218/1218/1218
f 1218/1218/1218 1266/1266/1266 1267/1267/1267
f 1218/1218/1218 1267/1267/1267 1219/1219/1219
f 1219/1219/1219 1267/1267/1267 1268/1268/1268
f 1219/1219/1219 1268/1268/1268 1220/1220/1220
f 1220/1220/1220 1268/1268/1268 1269/1269/1269
f 1220/1220/1220 1269/1269/1269 1221/1221/1221
f 1221/1221/1221 1269/1269/1269 1270/1270/1270
f 1221/1221/1221 1270/1270/1270 1222/1222/1222
f 1222/1222/1222 1270/1270/1270 1271/1271/1271
f 1222/1222/1222 1271/1271/1271 1223/1223/1223
f 1223/1223/1223 1271/1271/1271 1272/1272/1272
f 1223/1223/1223 1272/1272/1272 1224/1224/1224
f 1224/1224/1224 1272/1272/1272 1273/1273/1273
f 1224/1224/1224 1273/1273/1273 1225/1225/1225
f 1225/1225/1225 1273/1273/1273 1274/1274/1274
f 1226/1226/1226 1275/1275/1275 1227/1227/1227
f 1227/1227/1227 1275/1275/1275 1276/1276/1276
f 1227/1227/1227 1276/1276/1276 1228/1228/1228
f 1228/1228/1228 1276/1276/1276 1277/1277/1277
f 1228/1228/1228 1277/1277/1277 1229/1229/1229
f 1229/1229/1229 1277/1277/1277 1278/1278/1278
f 1229/1229/1229 1278/1278/1278 1230/1230/1230
f 1230/1230/1230 1278/1278/1278 1279/1279/1279
f 1230/1230/1230 1279/1279/1279 1231/1231/1231
f 1231/1231/1231 1279/1279/1279 1280/1280/1280
f 1231/1231/1231 1280/1280/1280 1232/1232/1232
f 1232/1232/1232 1280/1280/1280 1281/1281/1281
f 1232/1232/1232 1281/1281/1281 1233/1233/1233
f 1233/1233/1233 1281/1281/1281 1282/1282/1282
f 1233/1233/1233 1282/1282/1282 1234/1234/1234
f 1234/1234/1234 1282/1282/1282 1283/1283/1283
f 1234/1234/1234 1283/1283/1283 1235/1235/1235
f 1235/1235/1235 1283/1283/1283 1284/1284/1284
f 1235/1235/1235 1284/1284/1284 1236/1236/1236
f 1236/1236/1236 1284/1284/1284 1285/1285/1285
f 1236/1236/1236 1285/1285/1285 1237/1237/1237
f 1237/1237/1237 1285/1285/1285 1286/1286/1286
f 1237/1237/1237 1286/1286/1286 1238/1238/1238
f 1238/1238/1238 1286/1286/1286 1287/1287/1287
f 1238/1238/1238 1287/1287/1287 1239/1239/1239
f 1239/1239/1239 1287/1287/1287 1288/1288/1288
f 1239/1239/1239 1288/1288/1288 1240/1240/1240
f 1240/1240/1240 1288/1288/1288 1289/1289/1289
f 1240/1240/1240 1289/1289/1289 1241/1241/1241
f 1241/1241/1241 1289/1289/1289 1290/1290/1290
f 1241/1241/1241 1290/1290/1290 1242/1242/1242
f 1242/1242/1242 1290/1290/1290 1291/1291/1291
f 1242/1242/1242 1291/1291/1291 1243/1243/1243
f 1243/1243/1243 1291/1291/1291 1292/1292/1292
f 1243/1243/1243 1292/1292/1292 1244/1244/1244
f 1244/1244/1244 1292/1292/1292 1293/1293/1293
f 1244/1244/1244 1293/1293/1293 1245/1245/1245
f 1245/1245/1245 1293/1293/1293 1294/1294/1294
f 1245/1245/1245 1294/1294/1294 1246/1246/1246
f 1246/1246/1246 1294/1294/1294 1295/1295/1295
f 1246/1246/1246 1295/1295/1295 1247/1247/1247
f 1247/1247/1247 1295/1295/1295 1296/1296/1296
f 1247/1247/1247 1296/1296/1296 1248/1248/1248
f 1248/1248/1248 1296/1296/1296 1297/1297/1297
f 1248/1248/1248 1297/1297/1297 1249/1249/1249
f 1249/1249/1249 1297/1297/1297 1298/1298/1298
f 1249/1249/1249 1298/1298/1298 1250/1250/1250
f 1250/1250/1250 1298/1298/1298 1299/1299/1299
f 1250/1250/1250 1299/1299/1299 1251/1251/1251
f 1251/1251/1251 1299/1299/1299 1300/1300/1300
f 1251/1251/1251 1300/1300/1300 1252/1252/1252
f 1252/1252/1252 1300/1300/1300 1301/1301/1301
f 1252/1252/1252 1301/1301/1301 1253/1253/1253
f 1253/1253/1253 1301/1301/1301 1302/1302/1302
f 1253/1253/1253 1302/1302/1302 1254/1254/1254
f 1254/1254/1254 1302/1302/1302 1303/1303/1303
f 1254/1254/1254 1303/1303/1303 1255/1255/1255
f 1255/1255/1255 1303/1303/1303 1304/1304/1304
f 1255/1255/1255 1304/1304/1304 1256/1256/1256
f 1256/1256/1256 1304/1304/1304 1305/1305/1305
f 1256/1256/1256 1305/1305/1305 1257/1257/1257
f 1257/1257/1257 1305/1305/1305 1306/1306/1306
f 1257/1257/1257 1306/1306/1306 1258/1258/1258
f 1258/1258/1258 1306/1306/1306 1307/1307/1307
f 1258/1258/1258 1307/1307/1307 1259/1259/1259
f 1259/1259/1259 1307/1307/1307 1308/1308/1308
f 1259/1259/1259 1308/1308/1308 1260/1260/1260
f 1260/1260/1260 1308/1308/1308 1309/1309/1309
f 1260/1260/1260 1309/1309/1309 1261/1261/1261
f 1261/1261/1261 1309/1309/1309 1310/1310/1310
f 1261/1261/1261 1310/1310/1310 1262/1262/1262
f 1262/1262/1262 1310/1310/1310 1311/1311/1311
f 1262/1262/1262 1311/1311/1311 1263/1263/1263
f 1263/1263/1263 1311/1311/1311 1312/1312/1312
f 1263/1263/1263 1312/1312/1312 1264/1264/1264
f 1264/1264/1264 1312/1312/1312 1313/1313/1313
f 1264/1264/1264 1313/1313/1313 1265/1265/1265
f 1265/1265/1265 1313/1313/1313 1314/1314/1314
f 1265/1265/1265 1314/1314/1314 1266/1266/1266
f 1266/1266/1266 1314/1314/1314 1315/1315/1315
f 1266/1266/1266 1315/1315/1315 1267/1267/1267
f 1267/1267/1267 1315/1315/1315 1316/1316/1316
f 1267/1267/1267 1316/1316/1316 1268/1268/1268
f 1268/1268/1268 1316/1316/1316 1317/1317/1317
f 1268/1268/1268 1317/1317/1317 1269/1269/1269
f 1269/1269/1269 1317/1317/1317 1318/1318/1318
f 1269/1269/1269 1318/1318/1318 1270/1270/1270
f 1270/1270/1270 1318/1318/1318 1319/1319/1319
f 1270/1270/1270 1319/1319/1319 1271/1271/1271
f 1271/1271/1271 1319/1319/1319 1320/1320/1320
f 1271/1271/1271 1320/1320/1320 1272/1272/1272
f 1272/1272/1272 1320/1320/1320 1321/1321/1321
f 1272/1272/1272 1321/1321/1321 1273/1273/1273
f 1273/1273/1273 1321/1321/1321 1322/1322/1322
f 1273/1273/1273 1322/1322/1322 1274/1274/1274
f 1274/1274/1274 1322/1322/1322 1323/1323/1323
f 1275/1275/1275 1324/1324/1324 1276/1276/1276
f 1276/1276/1276 1324/1324/1324 1325/1325/1325
f 1276/1276/1276 1325/1325/1325 1277/1277/1277
f 1277/1277/1277 1325/1325/1325 1326/1326/1326
f 1277/1277/1277 1326/1326/1326 1278/1278/1278
f 1278/1278/1278 1326/1326/1326 1327/1327/1327
f 1278/1278/1278 1327/1327/1327 1279/1279/1279
f 1279/1279/1279 1327/1327/1327 1328/1328/1328
f 1279/1279/1279 1328/1328/1328 1280/1280/1280
f 1280/1280/1280 1328/1328/1328 1329/1329/1329
f 1280/1280/1280 1329/1329/1329 1281/1281/1281
f 1281/1281/1281 1329/1329/1329 1330/1330/1330
f 1281/1281/1281 1330/1330/1330 1282/1282/1282
f 1282/1282/1282 1330/1330/1330 1331/1331/1331
f 1282/1282/1282 1331/1331/1331 1283/1283/1283
f 1283/1283/1283 1331/1331/1331 1332/1332/1332
f 1283/1283/1283 1332/1332/1332 1284/1284/1284
f 1284/1284/1284 1332/1332/1332 1333/1333/1333
f 1284/1284/1284 1333/1333/1333 1285/1285/1285
f 1285/1285/1285 1333/1333/1333 1334/1334/1334
f 1285/1285/1285 1334/1334/1334 1286/1286/1286
f 1286/1286/1286 1334/1334/1334 1335/1335/1335
f 1286/1286/1286 1335/1335/1335 1287/1287/1287
f 1287/1287/1287 1335/1335/1335 1336/1336/1336
f 1287/1287/1287 1336/1336/1336 1288/1288/1288
f 1288/1288/1288 1336/1336/1336 1337/1337/1337
f 1288/1288/1288 1337/1337/1337 1289/1289/1289
f 1289/1289/1289 1337/1337/1337 1338/1338/1338
f 1289/1289/1289 1338/1338/1338 1290/1290/1290
f 1290/1290/1290 1338/1338/1338 1339/1339/1339
f 1290/1290/1290 1339/1339/1339 1291/1291/1291
f 1291/1291/1291 1339/1339/1339 1340/1340/1340
f 1291/1291/1291 1340/1340/1340 1292/1292/1292
f 1292/1292/1292 1340/1340/1340 1341/1341/1341
f 1292/1292/1292 1341/1341/1341 1293/1293/1293
f 1293/1293/1293 1341/1341/1341 1342/1342/1342
f 1293/1293/1293 1342/1342/1342 1294/1294/1294
f 1294/1294/1294 1342/1342/1342 1343/1343/1343
f 1294/1294/1294 1343/1343/1343 1295/1295/1295
f 1295/1295/1295 1343/1343/1343 1344/1344/1344
f 1295/1295/1295 1344/1344/1344 1296/1296/1296
f 1296/1296/1296 1344/1344/1344 1345/1345/1345
f 1296/1296/1296 1345/1345/1345 1297/1297/1297
f 1297/1297/1297 1345/1345/1345 1346/1346/1346
f 1297/1297/1297 1346/1346/1346 1298/1298/1298
f 1298/1298/1298 1346/1346/1346 1347/1347/1347
f 1298/1298/1298 1347/1347/1347 1299/1299/1299
f 1299/1299/1299 1347/1347/1347 1348/1348/1348
f 1299/1299/1299 1348/1348/1348 1300/1300/1300
f 1300/1300/1300 1348/1348/1348 1349/1349/1349
f 1300/1300/1300 1349/1349/1349 1301/1301/1301
f 1301/1301/1301 1349/1349/1349 1350/1350/1350
f 1301/1301/1301 1350/1350/1350 1302/1302/1302
f 1302/1302/1302 1350/1350/1350 1351/1351/1351
f 1302/1302/1302 1351/1351/1351 1303/1303/1303
f 1303/1303/1303 1351/1351/1351 1352/1352/1352
f 1303/1303/1303 1352/1352/1352 1304/1304/1304
f 1304/1304/1304 1352/1352/1352 1353/1353/1353
f 1304/1304/1304 1353/1353/1353 1305/1305/1305
f 1305/1305/1305 1353/1353/1353 1354/1354/1354
f 1305/1305/1305 1354/1354/1354 1306/1306/1306
f 1306/1306/1306 1354/1354/1354 1355/1355/1355
f 1306/1306/1306 1355/1355/1355 1307/1307/1307
f 1307/1307/1307 1355/1355/1355 1356/1356/1356
f 1307/1307/1307 1356/1356/1356 1308/1308/1308
f 1308/1308/1308 1356/1356/1356 1357/1357/1357
f 1308/1308/1308 1357/1357/1357 1309/1309/1309
f 1309/1309/1309 1357/1357/1357 1358/1358/1358
f 1309/1309/1309 1358/1358/1358 1310/1310/1310
f 1310/1310/1310 1358/1358/1358 1359/1359/1359
f 1310/1310/1310 1359/1359/1359 1311/1311/1311
f 1311/1311/1311 1359/1359/1359 1360/1360/1360
f 1311/1311/1311 1360/1360/1360 1312/1312/1312
f 1312/1312/1312 1360/1360/1360 1361/1361/1361
f 1312/1312/1312 1361/1361/1361 1313/1313/1313
f 1313/1313/1313 1361/1361/1361 1362/1362/1362
f 1313/1313/1313 1362/1362/1362 1314/1314/1314
f 1314/1314/1314 1362/1362/1362 1363/1363/1363
f 1314/1314/1314 1363/1363/1363 1315/1315/1315
f 1315/1315/1315 1363/1363/1363 1364/1364/1364
f 1315/1315/1315 1364/1364/1364 1316/1316/1316
f 1316/1316/1316 1364/1364/1364 1365/1365/1365
f 1316/1316/1316 1365/1365/1365 1317/1317/1317
f 1317/1317/1317 1365/1365/1365 1366/1366/1366
f 1317/1317/1317 1366/1366/1366 1318/1318/1318
f 1318/1318/1318 1366/1366/1366 1367/1367/1367
f 1318/1318/1318 1367/1367/1367 1319/1319/1319
f 1319/1319/1319 1367/1367/1367 1368/1368/1368
f 1319/1319/1319 1368/1368/1368 1320/1320/1320
f 1320/1320/1320 1368/1368/1368 1369/1369/1369
f 1320/1320/1320 1369/1369/1369 1321/1321/1321
f 1321/1321/1321 1369/1369/1369 1370/1370/1370
f 1321/1321/1321 1370/1370/1370 1322/1322/1322
f 1322/1322/1322 1370/1370/1370 1371/1371/1371
f 1322/1322/1322 1371/1371/1371 1323/1323/1323
f 1323/1323/1323 1371/1371/1371 1372/1372/1372
f 1324/1324/1324 1373/1373/1373 1325/1325/1325
f 1325/1325/1325 1373/1373/1373 1374/1374/1374
f 1325/1325/1325 1374/1374/1374 1326/1326/1326
f 1326/1326/1326 1374/1374/1374 1375/1375/1375
f 1326/1326/1326 1375/1375/1375 1327/1327/1327
f 1327/1327/1327 1375/1375/1375 1376/1376/1376
f 1327/1327/1327 1376/1376/1376 1328/1328/1328
f 1328/1328/1328 1376/1376/1376 1377/1377/1377
f 1328/1328/1328 1377/1377/1377 1329/1329/1329
f 1329/1329/1329 1377/1377/1377 1378/1378/1378
f 1329/1329/1329 1378/1378/1378 1330/1330/1330
f 1330/1330/1330 1378/1378/1378 1379/1379/1379
f 1330/1330/1330 1379/1379/1379 1331/1331/1331
f 1331/1331/1331 1379/1379/1379 1380/1380/1380
f 1331/1331/1331 1380/1380/1380 1332/1332/1332
f 1332/1332/1332 1380/1380/1380 1381/1381/1381
f 1332/1332/1332 1381/1381/1381 1333/1333/1333
f 1333/1333/1333 1381/1381/1381 1382/1382/1382
f 1333/1333/1333 1382/1382/1382 1334/1334/1334
f 1334/1334/1334 1382/1382/1382 1383/1383/1383
f 1334/1334/1334 1383/1383/1383 1335/1335/1335
f 1335/1335/1335 1383/1383/1383 1384/1384/1384
f 1335/1335/1335 1384/1384/1384 1336/1336/1336
f 1336/1336/1336 1384/1384/1384 1385/1385/1385
f 1336/1336/1336 1385/1385/1385 1337/1337/1337
f 1337/1337/1337 1385/1385/1385 1386/1386/1386
f 1337/1337/1337 1386/1386/1386 1338/1338/1338
f 1338/1338/1338 1386/1386/1386 1387/1387/1387
f 1338/1338/1338 1387/1387/1387 1339/1339/1339
f 1339/1339/1339 1387/1387/1387 1388/1388/1388
f 1339/1339/1339 1388/1388/1388 1340/1340/1340
f 1340/1340/1340 1388/1388/1388 1389/1389/1389
f 1340/1340/1340 1389/1389/1389 1341/1341/1341
f 1341/1341/1341 1389/1389/1389 1390/1390/1390
f 1341/1341/1341 1390/1390/1390 1342/1342/1342
f 1342/1342/1342 1390/1390/1390 1391/1391/1391
f 1342/1342/1342 1391/1391/1391 1343/1343/1343
f 1343/1343/1343 1391/1391/1391 1392/1392/1392
f 1343/1343/1343 1392/1392/1392 1344/1344/1344
f 1344/1344/1344 1392/1392/1392 1393/1393/1393
f 1344/1344/1344 1393/1393/1393 1345/1345/1345
f 1345/1345/1345 1393/1393/1393 1394/1394/1394
f 1345/1345/1345 1394/1394/1394 1346/1346/1346
f 1346/1346/1346 1394/1394/1394 1395/1395/1395
f 1346/1346/1346 1395/1395/1395 1347/1347/1347
f 1347/1347/1347 1395/1395/1395 1396/1396/1396
f 1347/1347/1347 1396/1396/1396 1348/1348/1348
f 1348/1348/1348 1396/1396/1396 1397/1397/1397
f 1348/1348/1348 1397/1397/1397 1349/1349/1349
f 1349/1349/1349 1397/1397/1397 1398/1398/1398
f 1349/1349/1349 1398/1398/1398 1350/1350/1350
f 1350/1350/1350 1398/1398/1398 1399/1399/1399
f 1350/1350/1350 1399/1399/1399 1351/1351/1351
f 1351/1351/1351 1399/1399/1399 1400/1400/1400
f 1351/1351/1351 1400/1400/1400 1352/1352/1352
f 1352/1352/1352 1400/1400/1400 1401/1401/1401
f 1352/1352/1352 1401/1401/1401 1353/1353/1353
f 1353/1353/1353 1401/1401/1401 1402/1402/1402
f 1353/1353/1353 1402/1402/1402 1354/1354/1354
f 1354/1354/1354 1402/1402/1402 1403/1403/1403
f 1354/1354/1354 1403/1403/1403 1355/1355/1355
f 1355/1355/1355 1403/1403/1403 1404/1404/1404
f 1355/1355/1355 1404/1404/1404 1356/1356/1356
f 1356/1356/1356 1404/1404/1404 1405/1405/1405
f 1356/1356/1356 1405/1405/1405 1357/1357/1357
f 1357/1357/1357 1405/1405/1405 1406/1406/1406
f 1357/1357/1357 1406/1406/1406 1358/1358/1358
f 1358/1358/1358 1406/1406/1406 1407/1407/1407
f 1358/1358/1358 1407/1407/1407 1359/1359/1359
f 1359/1359/1359 1407/1407/1407 1408/1408/1408
f 1359/1359/1359 1408/1408/1408 1360/1360/1360
f 1360/1360/1360 1408/1408/1408 1409/1409/1409
f 1360/1360/1360 1409/1409/1409 1361/1361/1361
f 1361/1361/1361 1409/1409/1409 1410/1410/1410
f 1361/1361/1361 1410/1410/1410 1362/1362/1362
f 1362/1362/1362 1410/1410/1410 1411/1411/1411
f 1362/1362/1362 1411/1411/1411 1363/1363/1363
f 1363/1363/1363 1411/1411/1411 1412/1412/1412
f 1363/1363/1363 1412/1412/1412 1364/1364/1364
f 1364/1364/1364 1412/1412/1412 1413/1413/1413
f 1364/1364/1364 1413/1413/1413 1365/1365/1365
f 1365/1365/1365 1413/1413/1413 1414/1414/1414
f 1365/1365/1365 1414/1414/1414 1366/1366/1366
f 1366/1366/1366 1414/1414/1414 1415/1415/1415
f 1366/1366/1366 1415/1415/1415 1367/1367/1367
f 1367/1367/1367 1415/1415/1415 1416/1416/1416
f 1367/1367/1367 1416/1416/1416 1368/1368/1368
f 1368/1368/1368 1416/1416/1416 1417/1417/1417
f 1368/1368/1368 1417/1417/1417 1369/1369/1369
f 1369/1369/1369 1417/1417/1417 1418/1418/1418
f 1369/1369/1369 1418/1418/1418 1370/1370/1370
f 1370/1370/1370 1418/1418/1418 1419/1419/1419
f 1370/1370/1370 1419/1419/1419 1371/1371/1371
f 1371/1371/1371 1419/1419/1419 1420/1420/1420
f 1371/1371/1371 1420/1420/1420 1372/1372/1372
f 1372/1372/1372 1420/1420/1420 1421/1421/1421
f 1373/1373/1373 1422/1422/1422 1374/1374/1374
f 1374/1374/1374 1422/1422/1422 1423/1423/1423
f 1374/1374/1374 1423/1423/1423 1375/1375/1375
f 1375/1375/1375 1423/1423/1423 1424/1424/1424
f 1375/1375/1375 1424/1424/1424 1376/1376/1376
f 1376/1376/1376 1424/1424/1424 1425/1425/1425
f 1376/1376/1376 1425/1425/1425 1377/1377/1377
f 1377/1377/1377 1425/1425/1425 1426/1426/1426
f 1377/1377/1377 1426/1426/1426 1378/1378/1378
f 1378/1378/1378 1426/1426/1426 1427/1427/1427
f 1378/1378/1378 1427/1427/1427 1379/1379/1379
f 1379/1379/1379 1427/1427/1427 1428/1428/1428
f 1379/1379/1379 1428/1428/1428 1380/1380/1380
f 1380/1380/1380 1428/1428/1428 1429/1429/1429
f 1380/1380/1380 1429/1429/1429 1381/1381/1381
f 1381/1381/1381 1429/1429/1429 1430/1430/1430
f 1381/1381/1381 1430/1430/1430 1382/1382/1382
f 1382/1382/1382 1430/1430/1430 1431/1431/1431
f 1382/1382/1382 1431/1431/1431 1383/1383/1383
f 1383/1383/1383 1431/1431/1431 1432/1432/1432
f 1383/1383/1383 1432/1432/1432 1384/1384/1384
f 1384/1384/1384 1432/1432/1432 1433/1433/1433
f 1384/1384/1384 1433/1433/1433 1385/1385/1385
f 1385/1385/1385 1433/1433/1433 1434/1434/1434
f 1385/1385/1385 1434/1434/1434 1386/1386/1386
f 1386/1386/1386 1434/1434/1434 1435/1435/1435
f 1386/1386/1386 1435/1435/1435 1387/1387/1387
f 1387/1387/1387 1435/1435/1435 1436/1436/1436
f 1387/1387/1387 1436/1436/1436 1388/1388/1388
f 1388/1388/1388 1436/1436/1436 1437/1437/1437
f 1388/1388/1388 1437/1437/1437 1389/1389/1389
f 1389/1389/1389 1437/1437/1437 1438/1438/1438
f 1389/1389/1389 1438/1438/1438 1390/1390/1390
f 1390/1390/1390 1438/1438/1438 1439/1439/1439
f 1390/1390/1390 1439/1439/1439 1391/1391/1391
f 1391/1391/1391 1439/1439/1439 1440/1440/1440
f 1391/1391/1391 1440/1440/1440 1392/1392/1392
f 1392/1392/1392 1440/1440/1440 1441/1441/1441
f 1392/1392/1392 1441/1441/1441 1393/1393/1393
f 1393/1393/1393 1441/1441/1441 1442/1442/1442
f 1393/1393/1393 1442/1442/1442 1394/1394/1394
f 1394/1394/1394 1442/1442/1442 1443/1443/1443
f 1394/1394/1394 1443/1443/1443 1395/1395/1395
f 1395/1395/1395 1443/1443/1443 1444/1444/1444
f 1395/1395/1395 1444/1444/1444 1396/1396/1396
f 1396/1396/1396 1444/1444/1444 1445/1445/1445
f 1396/1396/1396 1445/1445/1445 1397/1397/1397
f 1397/1397/1397 1445/1445/1445 1446/1446/1446
f 1397/1397/1397 1446/1446/1446 1398/1398/1398
f 1398/1398/1398 1446/1446/1446 1447/1447/1447
f 1398/1398/1398 1447/1447/1447 1399/1399/1399
f 1399/1399/1399 1447/1447/1447 1448/1448/1448
f 1399/1399/1399 1448/1448/1448 1400/1400/1400
f 1400/1400/1400 1448/1448/1448 1449/1449/1449
f 1400/1400/1400 1449/1449/1449 1401/1401/1401
f 1401/1401/1401 1449/1449/1449 1450/1450/1450
f 1401/1401/1401 1450/1450/1450 1402/1402/1402
f 1402/1402/1402 1450/1450/1450 1451/1451/1451
f 1402/1402/1402 1451/1451/1451 1403/1403/1403
f 1403/1403/1403 1451/1451/1451 1452/1452/1452
f 1403/1403/1403 1452/1452/1452 1404/1404/1404
f 1404/1404/1404 1452/1452/1452 1453/1453/1453
f 1404/1404/1404 1453/1453/1453 1405/1405/1405
f 1405/1405/1405 1453/1453/1453 1454/1454/1454
f 1405/1405/1405 1454/1454/1454 1406/1406/1406
f 1406/1406/1406 1454/1454/1454 1455/1455/1455
f 1406/1406/1406 1455/1455/1455 1407/1407/1407
f 1407/1407/1407 1455/1455/1455 1456/1456/1456
f 1407/1407/1407 1456/1456/1456 1408/1408/1408
f 1408/1408/1408 1456/1456/1456 1457/1457/1457
f 1408/1408/1408 1457/1457/1457 1409/1409/1409
f 1409/1409/1409 1457/1457/1457 1458/1458/1458
f 1409/1409/1409 1458/1458/1458 1410/1410/1410
f 1410/1410/1410 1458/1458/1458 1459/1459/1459
f 1410/1410/1410 1459/1459/1459 1411/1411/1411
f 1411/1411/1411 1459/1459/1459 1460/1460/1460
f 1411/1411/1411 1460/1460/1460 1412/1412/1412
f 1412/1412/1412 1460/1460/1460 1461/1461/1461
f 1412/1412/1412 1461/1461/1461 1413/1413/1413
f 1413/1413/1413 1461/1461/1461 1462/1462/1462
f 1413/1413/1413 1462/1462/1462 1414/1414/1414
f 1414/1414/1414 1462/1462/1462 1463/1463/1463
f 1414/1414/1414 1463/1463/1463 1415/1415/1415
f 1415/1415/1415 1463/1463/1463 1464/1464/1464
f 1415/1415/1415 1464/1464/1464 1416/1416/1416
f 1416/1416/1416 1464/1464/1464 1465/1465/1465
f 1416/1416/1416 1465/1465/1465 1417/1417/1417
f 1417/1417/1417 1465/1465/1465 1466/1466/1466
f 1417/1417/1417 1466/1466/1466 1418/1418/1418
f 1418/1418/1418 1466/1466/1466 1467/1467/1467
f 1418/1418/1418 1467/1467/1467 1419/1419/1419
f 1419/1419/1419 1467/1467/1467 1468/1468/1468
f 1419/1419/1419 1468/1468/1468 1420/1420/1420
f 1420/1420/1420 1468/1468/1468 1469/1469/1469
f 1420/1420/1420 1469/1469/1469 1421/1421/1421
f 1421/1421/1421 1469/1469/1469 1470/1470/1470
f 1422/1422/1422 1471/1471/1471 1423/1423/1423
f 1423/1423/1423 1471/1471/1471 1472/1472/1472
f 1423/1423/1423 1472/1472/1472 1424/1424/1424
f 1424/1424/1424 1472/1472/1472 1473/1473/1473
f 1424/1424/1424 1473/1473/1473 1425/1425/1425
f 1425/1425/1425 1473/1473/1473 1474/1474/1474
f 1425/1425/1425 1474/1474/1474 1426/1426/1426
f 1426/1426/1426 1474/1474/1474 1475/1475/1475
f 1426/1426/1426 1475/1475/1475 1427/1427/1427
f 1427/1427/1427 1475/1475/1475 1476/1476/1476
f 1427/1427/1427 1476/1476/1476 1428/1428/1428
f 1428/1428/1428 1476/1476/1476 1477/1477/1477
f 1428/1428/1428 1477/1477/1477 1429/1429/1429
f 1429/1429/1429 1477/1477/1477 1478/1478/1478
f 1429/1429/1429 1478/1478/1478 1430/1430/1430
f 1430/1430/1430 1478/1478/1478 1479/1479/1479
f 1430/1430/1430 1479/1479/1479 1431/1431/1431
f 1431/1431/1431 1479/1479/1479 1480/1480/1480
f 1431/1431/1431 1480/1480/1480 1432/1432/1432
f 1432/1432/1432 1480/1480/1480 1481/1481/1481
f 1432/1432/1432 1481/1481/1481 1433/1433/1433
f 1433/1433/1433 1481/1481/1481 1482/1482/1482
f 1433/1433/1433 1482/1482/1482 1434/1434/1434
f 1434/1434/1434 1482/1482/1482 1483/1483/1483
f 1434/1434/1434 1483/1483/1483 1435/1435/1435
f 1435/1435/1435 1483/1483/1483 1484/1484/1484
f 1435/1435/1435 1484/1484/1484 1436/1436/1436
f 1436/1436/1436 1484/1484/1484 1485/1485/1485
f 1436/1436/1436 1485/1485/1485 1437/1437/1437
f 1437/1437/1437 1485/1485/1485 1486/1486/1486
f 1437/1437/1437 1486/1486/1486 1438/1438/1438
f 1438/1438/1438 1486/1486/1486 1487/1487/1487
f 1438/1438/1438 1487/1487/1487 1439/1439/1439
f 1439/1439/1439 1487/1487/1487 1488/1488/1488
f 1439/1439/1439 1488/1488/1488 1440/1440/1440
f 1440/1440/1440 1488/1488/1488 1489/1489/1489
f 1440/1440/1440 1489/1489/1489 1441/1441/1441
f 1441/1441/1441 1489/1489/1489 1490/1490/1490
f 1441/1441/1441 1490/1490/1490 1442/1442/1442
f 1442/1442/1442 1490/1490/1490 1491/1491/1491
f 1442/1442/1442 1491/1491/1491 1443/1443/1443
f 1443/1443/1443 1491/1491/1491 1492/1492/1492
f 1443/1443/1443 1492/1492/1492 1444/1444/1444
f 1444/1444/1444 1492/1492/1492 1493/1493/1493
f 1444/1444/1444 1493/1493/1493 1445/1445/1445
f 1445/1445/1445 1493/1493/1493 1494/1494/1494
f 1445/1445/1445 1494/1494/1494 1446/1446/1446
f 1446/1446/1446 1494/1494/1494 1495/1495/1495
f 1446/1446/1446 1495/1495/1495 1447/1447/1447
f 1447/1447/1447 1495/1495/1495 1496/1496/1496
f 1447/1447/1447 1496/1496/1496 1448/1448/1448
f 1448/1448/1448 1496/1496/1496 1497/1497/1497
f 1448/1448/1448 1497/1497/1497 1449/1449/1449
f 1449/1449/1449 1497/1497/1497 1498/1498/1498
f 1449/1449/1449 1498/1498/1498 1450/1450/1450
f 1450/1450/1450 1498/1498/1498 1499/1499/1499
f 1450/1450/1450 1499/1499/1499 1451/1451/1451
f 1451/1451/1451 1499/1499/1499 1500/1500/1500
f 1451/1451/1451 1500/1500/1500 1452/1452/1452
f 1452/1452/1452 1500/1500/1500 1501/1501/1501
f 1452/1452/1452 1501/1501/1501 1453/1453/1453
f 1453/1453/1453 1501/1501/1501 1502/1502/1502
f 1453/1453/1453 1502/1502/1502 1454/1454/1454
f 1454/1454/1454 1502/1502/1502 1503/1503/1503
f 1454/1454/1454 1503/1503/1503 1455/1455/1455
f 1455/1455/1455 1503/1503/1503 1504/1504/1504
f 1455/1455/1455 1504/1504/1504 1456/1456/1456
f 1456/1456/1456 1504/1504/1504 1505/1505/1505
f 1456/1456/1456 1505/1505/1505 1457/1457/1457
f 1457/1457/1457 1505/1505/1505 1506/1506/1506
f 1457/1457/1457 1506/1506/1506 1458/1458/1458
f 1458/1458/1458 1506/1506/1506 1507/1507/1507
f 1458/1458/1458 1507/1507/1507 1459/1459/1459
f 1459/1459/1459 1507/1507/1507 1508/1508/1508
f 1459/1459/1459 1508/1508/1508 1460/1460/1460
f 1460/1460/1460 1508/1508/1508 1509/1509/1509
f 1460/1460/1460 1509/1509/1509 1461/1461/1461
f 1461/1461/1461 1509/1509/1509 1510/1510/1510
f 1461/1461/1461 1510/1510/1510 1462/1462/1462
f 1462/1462/1462 1510/1510/1510 1511/1511/1511
f 1462/1462/1462 1511/1511/1511 1463/1463/1463
f 1463/1463/1463 1511/1511/1511 1512/1512/1512
f 1463/1463/1463 1512/1512/1512 1464/1464/1464
f 1464/1464/1464 1512/1512/1512 1513/1513/1513
f 1464/1464/1464 1513/1513/1513 1465/1465/1465
f 1465/1465/1465 1513/1513/1513 1514/1514/1514
f 1465/1465/1465 1514/1514/1514 1466/1466/1466
f 1466/1466/1466 1514/1514/1514 1515/1515/1515
f 1466/1466/1466 1515/1515/1515 1467/1467/1467
f 1467/1467/1467 1515/1515/1515 1516/1516/1516
f 1467/1467/1467 1516/1516/1516 1468/1468/1468
f 1468/1468/1468 1516/1516/1516 1517/1517/1517
f 1468/1468/1468 1517/1517/1517 1469/1469/1469
f 1469/1469/1469 1517/1517/1517 1518/1518/1518
f 1469/1469/1469 1518/1518/1518 1470/1470/1470
f 1470/1470/1470 1518/1518/1518 1519/1519/1519
f 1471/1471/1471 1520/1520/1520 1472/1472/1472
f 1472/1472/1472 1520/1520/1520 1521/1521/1521
f 1472/1472/1472 1521/1521/1521 1473/1473/1473
f 1473/1473/1473 1521/1521/1521 1522/1522/1522
f 1473/1473/1473 1522/1522/1522 1474/1474/1474
f 1474/1474/1474 1522/1522/1522 1523/1523/1523
f 1474/1474/1474 1523/1523/1523 1475/1475/1475
f 1475/1475/1475 1523/1523/1523 1524/1524/1524
f 1475/1475/1475 1524/1524/1524 1476/1476/1476
f 1476/1476/1476 1524/1524/1524 1525/1525/1525
f 1476/1476/1476 1525/1525/1525 1477/1477/1477
f 1477/1477/1477 1525/1525/1525 1526/1526/1526
f 1477/1477/1477 1526/1526/1526 1478/1478/1478
f 1478/1478/1478 1526/1526/1526 1527/1527/1527
f 1478/1478/1478 1527/1527/1527 1479/1479/1479
f 1479/1479/1479 1527/1527/1527 1528/1528/1528
f 1479/1479/1479 1528/1528/1528 1480/1480/1480
f 1480/1480/1480 1528/1528/1528 1529/1529/1529
f 1480/1480/1480 1529/1529/1529 1481/1481/1481
f 1481/1481/1481 1529/1529/1529 1530/1530/1530
f 1481/1481/1481 1530/1530/1530 1482/1482/1482
f 1482/1482/1482 1530/1530/1530 1531/1531/1531
f 1482/1482/1482 1531/1531/1531 1483/1483/1483
f 1483/1483/1483 1531/1531/1531 1532/1532/1532
f 1483/1483/1483 1532/1532/1532 1484/1484/1484
f 1484/1484/1484 1532/1532/1532 1533/1533/1533
f 1484/1484/1484 1533/1533/1533 1485/1485/1485
f 1485/1485/1485 1533/1533/1533 1534/1534/1534
f 1485/1485/1485 1534/1534/1534 1486/1486/1486
f 1486/1486/1486 1534/1534/1534 1535/1535/1535
f 1486/1486/1486 1535/1535/1535 1487/1487/1487
f 1487/1487/1487 1535/1535/1535 1536/1536/1536
f 1487/1487/1487 1536/1536/1536 1488/1488/1488
f 1488/1488/1488 1536/1536/1536 1537/1537/1537
f 1488/1488/1488 1537/1537/1537 1489/1489/1489
f 1489/1489/1489 1537/1537/1537 1538/1538/1538
f 1489/1489/1489 1538/1538/1538 1490/1490/1490
f 1490/1490/1490 1538/1538/1538 1539/1539/1539
f 1490/1490/1490 1539/1539/1539 1491/1491/1491
f 1491/1491/1491 1539/1539/1539 1540/1540/1540
f 1491/1491/1491 1540/1540/1540 1492/1492/1492
f 1492/1492/1492 1540/1540/1540 1541/1541/1541
f 1492/1492/1492 1541/1541/1541 1493/1493/1493
f 1493/1493/1493 1541/1541/1541 1542/1542/1542
f 1493/1493/1493 1542/1542/1542 1494/1494/1494
f 1494/1494/1494 1542/1542/1542 1543/1543/1543
f 1494/1494/1494 1543/1543/1543 1495/1495/1495
f 1495/1495/1495 1543/1543/1543 1544/1544/1544
f 1495/1495/1495 1544/1544/1544 1496/1496/1496
f 1496/1496/1496 1544/1544/1544 1545/1545/1545
f 1496/1496/1496 1545/1545/1545 1497/1497/1497
f 1497/1497/1497 1545/1545/1545 1546/1546/1546
f 1497/1497/1497 1546/1546/1546 1498/1498/1498
f 1498/1498/1498 1546/1546/1546 1547/1547/1547
f 1498/1498/1498 1547/1547/1547 1499/1499/1499
f 1499/1499/1499 1547/1547/1547 1548/1548/1548
f 1499/1499/1499 1548/1548/1548 1500/1500/1500
f 1500/1500/1500 1548/1548/1548 1549/1549/1549
f 1500/1500/1500 1549/1549/1549 1501/1501/1501
f 1501/1501/1501 1549/1549/1549 1550/1550/1550
f 1501/1501/1501 1550/1550/1550 1502/1502/1502
f 1502/1502/1502 1550/1550/1550 1551/1551/1551
f 1502/1502/1502 1551/1551/1551 1503/1503/1503
f 1503/1503/1503 1551/1551/1551 1552/1552/1552
f 1503/1503/1503 1552/1552/1552 1504/1504/1504
f 1504/1504/1504 1552/1552/1552 1553/1553/1553
f 1504/1504/1504 1553/1553/1553 1505/1505/1505
f 1505/1505/1505 1553/1553/1553 1554/1554/1554
f 1505/1505/1505 1554/1554/1554 1506/1506/1506
f 1506/1506/1506 1554/1554/1554 1555/1555/1555
f 1506/1506/1506 1555/1555/1555 1507/1507/1507
f 1507/1507/1507 1555/1555/1555 1556/1556/1556
f 1507/1507/1507 1556/1556/1556 1508/1508/1508
f 1508/1508/1508 1556/1556/1556 1557/1557/1557
f 1508/1508/1508 1557/1557/1557 1509/1509/1509
f 1509/1509/1509 1557/1557/1557 1558/1558/1558
f 1509/1509/1509 1558/1558/1558 1510/1510/1510
f 1510/1510/1510 1558/1558/1558 1559/1559/1559
f 1510/1510/1510 1559/1559/1559 1511/1511/1511
f 1511/1511/1511 1559/1559/1559 1560/1560/1560
f 1511/1511/1511 1560/1560/1560 1512/1512/1512
f 1512/1512/1512 1560/1560/1560 1561/1561/1561
f 1512/1512/1512 1561/1561/1561 1513/1513/1513
f 1513/1513/1513 1561/1561/1561 1562/1562/1562
f 1513/1513/1513 1562/1562/1562 1514/1514/1514
f 1514/1514/1514 1562/1562/1562 1563/1563/1563
f 1514/1514/1514 1563/1563/1563 1515/1515/1515
f 1515/1515/1515 1563/1563/1563 1564/1564/1564
f 1515/1515/1515 1564/1564/1564 1516/1516/1516
f 1516/1516/1516 1564/1564/1564 1565/1565/1565
f 1516/1516/1516 1565/1565/1565 1517/1517/1517
f 1517/1517/1517 1565/1565/1565 1566/1566/1566
f 1517/1517/1517 1566/1566/1566 1518/1518/1518
f 1518/1518/1518 1566/1566/1566 1567/1567/1567
f 1518/1518/1518 1567/1567/1567 1519/1519/1519
f 1519/1519/1519 1567/1567/1567 1568/1568/1568
f 1520/1520/1520 1569/1569/1569 1521/1521/1521
f 1521/1521/1521 1569/1569/1569 1570/1570/1570
f 1521/1521/1521 1570/1570/1570 1522/1522/1522
f 1522/1522/1522 1570/1570/1570 1571/1571/1571
f 1522/1522/1522 1571/1571/1571 1523/1523/1523
f 1523/1523/1523 1571/1571/1571 1572/1572/1572
f 1523/1523/1523 1572/1572/1572 1524/1524/1524
f 1524/1524/1524 1572/1572/1572 1573/1573/1573
f 1524/1524/1524 1573/1573/1573 1525/1525/1525
f 1525/1525/1525 1573/1573/1573 1574/1574/1574
f 1525/1525/1525 1574/1574/1574 1526/1526/1526
f 1526/1526/1526 1574/1574/1574 1575/1575/1575
f 1526/1526/1526 1575/1575/1575 1527/1527/1527
f 1527/1527/1527 1575/1575/1575 1576/1576/1576
f 1527/1527/1527 1576/1576/1576 1528/1528/1528
f 1528/1528/1528 1576/1576/1576 1577/1577/1577
f 1528/1528/1528 1577/1577/1577 1529/1529/1529
f 1529/1529/1529 1577/1577/1577 1578/1578/1578
f 1529/1529/1529 1578/1578/1578 1530/1530/1530
f 1530/1530/1530 1578/1578/1578 1579/1579/1579
f 1530/1530/1530 1579/1579/1579 1531/1531/1531
f 1531/1531/1531 1579/1579/1579 1580/1580/1580
f 1531/1531/1531 1580/1580/1580 1532/1532/1532
f 1532/1532/1532 1580/1580/1580 1581/1581/1581
f 1532/1532/1532 1581/1581/1581 1533/1533/1533
f 1533/1533/1533 1581/1581/1581 1582/1582/1582
f 1533/1533/1533 1582/1582/1582 1534/1534/1534
f 1534/1534/1534 1582/1582/1582 1583/1583/1583
f 1534/1534/1534 1583/1583/1583 1535/1535/1535
f 1535/1535/1535 1583/1583/1583 1584/1584/1584
f 1535/1535/1535 1584/1584/1584 1536/1536/1536
f 1536/1536/1536 1584/1584/1584 1585/1585/1585
f 1536/1536/1536 1585/1585/1585 1537/1537/1537
f 1537/1537/1537 1585/1585/1585 1586/1586/1586
f 1537/1537/1537 1586/1586/1586 1538/1538/1538
f 1538/1538/1538 1586/1586/1586 1587/1587/1587
f 1538/1538/1538 1587/1587/1587 1539/1539/1539
f 1539/1539/1539 1587/1587/1587 1588/1588/1588
f 1539/1539/1539 1588/1588/1588 1540/1540/1540
f 1540/1540/1540 1588/1588/1588 1589/1589/1589
f 1540/1540/1540 1589/1589/1589 1541/1541/1541
f 1541/1541/1541 1589/1589/1589 1590/1590/1590
f 1541/1541/1541 1590/1590/1590 1542/1542/1542
f 1542/1542/1542 1590/1590/1590 1591/1591/1591
f 1542/1542/1542 1591/1591/1591 1543/1543/1543
f 1543/1543/1543 1591/1591/1591 1592/1592/1592
f 1543/1543/1543 1592/1592/1592 1544/1544/1544
f 1544/1544/1544 1592/1592/1592 1593/1593/1593
f 1544/1544/1544 1593/1593/1593 1545/1545/1545
f 1545/1545/1545 1593/1593/1593 1594/1594/1594
f 1545/1545/1545 1594/1594/1594 1546/1546/1546
f 1546/1546/1546 1594/1594/1594 1595/1595/1595
f 1546/1546/1546 1595/1595/1595 1547/1547/1547
f 1547/1547/1547 1595/1595/1595 1596/1596/1596
f 1547/1547/1547 1596/1596/1596 1548/1548/1548
f 1548/1548/1548 1596/1596/1596 1597/1597/1597
f 1548/1548/1548 1597/1597/1597 1549/1549/1549
f 1549/1549/1549 1597/1597/1597 1598/1598/1598
f 1549/1549/1549 1598/1598/1598 1550/1550/1550
f 1550/1550/1550 1598/1598/1598 1599/1599/1599
f 1550/1550/1550 1599/1599/1599 1551/1551/1551
f 1551/1551/1551 1599/1599/1599 1600/1600/1600
f 1551/1551/1551 1600/1600/1600 1552/1552/1552
f 1552/1552/1552 1600/1600/1600 1601/1601/1601
f 1552/1552/1552 1601/1601/1601 1553/1553/1553
f 1553/1553/1553 1601/1601/1601 1602/1602/1602
f 1553/1553/1553 1602/1602/1602 1554/1554/1554
f 1554/1554/1554 1602/1602/1602 1603/1603/1603
f 1554/1554/1554 1603/1603/1603 1555/1555/1555
f 1555/1555/1555 1603/1603/1603 1604/1604/1604
f 1555/1555/1555 1604/1604/1604 1556/1556/1556
f 1556/1556/1556 1604/1604/1604 1605/1605/1605
f 1556/1556/1556 1605/1605/1605 1557/1557/1557
f 1557/1557/1557 1605/1605/1605 1606/1606/1606
f 1557/1557/1557 1606/1606/1606 1558/1558/1558
f 1558/1558/1558 1606/1606/1606 1607/1607/1607
f 1558/1558/1558 1607/1607/1607 1559/1559/1559
f 1559/1559/1559 1607/1607/1607 1608/1608/1608
f 1559/1559/1559 1608/1608/1608 1560/1560/1560
f 1560/1560/1560 1608/1608/1608 1609/1609/1609
f 1560/1560/1560 1609/1609/1609 1561/1561/1561
f 1561/1561/1561 1609/1609/1609 1610/1610/1610
f 1561/1561/1561 1610/1610/1610 1562/1562/1562
f 1562/1562/1562 1610/1610/1610 1611/1611/1611
f 1562/1562/1562 1611/1611/1611 1563/1563/1563
f 1563/1563/1563 1611/1611/1611 1612/1612/1612
f 1563/1563/1563 1612/1612/1612 1564/1564/1564
f 1564/1564/1564 1612/1612/1612 1613/1613/1613
f 1564/1564/1564 1613/1613/1613 1565/1565/1565
f 1565/1565/1565 1613/1613/1613 1614/1614/1614
f 1565/1565/1565 1614/1614/1614 1566/1566/1566
f 1566/1566/1566 1614/1614/1614 1615/1615/1615
f 1566/1566/1566 1615/1615/1615 1567/1567/1567
f 1567/1567/1567 1615/1615/1615 1616/1616/1616
f 1567/1567/1567 1616/1616/1616 1568/1568/1568
f 1568/1568/1568 1616/1616/1616 1617/1617/1617
f 1569/1569/1569 1618/1618/1618 1570/1570/1570
f 1570/1570/1570 1618/1618/1618 1619/1619/1619
f 1570/1570/1570 1619/1619/1619 1571/1571/1571
f 1571/1571/1571 1619/1619/1619 1620/1620/1620
f 1571/1571/1571 1620/1620/1620 1572/1572/1572
f 1572/1572/1572 1620/1620/1620 1621/1621/1621
f 1572/1572/1572 1621/1621/1621 1573/1573/1573
f 1573/1573/1573 1621/1621/1621 1622/1622/1622
f 1573/1573/1573 1622/1622/1622 1574/1574/1574
f 1574/1574/1574 1622/1622/1622 1623/1623/1623
f 1574/1574/1574 1623/1623/1623 1575/1575/1575
f 1575/1575/1575 1623/1623/1623 1624/1624/1624
f 1575/1575/1575 1624/1624/1624 1576/1576/1576
f 1576/1576/1576 1624/1624/1624 1625/1625/1625
f 1576/1576/1576 1625/1625/1625 1577/1577/1577
f 1577/1577/1577 1625/1625/1625 1626/1626/1626
f 1577/1577/1577 1626/1626/1626 1578/1578/1578
f 1578/1578/1578 1626/1626/1626 1627/1627/1627
f 1578/1578/1578 1627/1627/1627 1579/1579/1579
f 1579/1579/1579 1627/1627/1627 1628/1628/1628
f 1579/1579/1579 1628/1628/1628 1580/1580/1580
f 1580/1580/1580 1628/1628/1628 1629/1629/1629
f 1580/1580/1580 1629/1629/1629 1581/1581/1581
f 1581/1581/1581 1629/1629/1629 1630/1630/1630
f 1581/1581/1581 1630/1630/1630 1582/1582/1582
f 1582/1582/1582 1630/1630/1630 1631/1631/1631
f 1582/1582/1582 1631/1631/1631 1583/1583/1583
f 1583/1583/1583 1631/1631/1631 1632/1632/1632
f 1583/1583/1583 1632/1632/1632 1584/1584/1584
f 1584/1584/1584 1632/1632/1632 1633/1633/1633
f 1584/1584/1584 1633/1633/1633 1585/1585/1585
f 1585/1585/1585 1633/1633/1633 1634/1634/1634
f 1585/1585/1585 1634/1634/1634 1586/1586/1586
f 1586/1586/1586 1634/1634/1634 1635/1635/1635
f 1586/1586/1586 1635/1635/1635 1587/1587/1587
f 1587/1587/1587 1635/1635/1635 1636/1636/1636
f 1587/1587/1587 1636/1636/1636 1588/1588/1588
f 1588/1588/1588 1636/1636/1636 1637/1637/1637
f 1588/1588/1588 1637/1637/1637 1589/1589/1589
f 1589/1589/1589 1637/1637/1637 1638/1638/1638
f 1589/1589/1589 1638/1638/1638 1590/1590/1590
f 1590/1590/1590 1638/1638/1638 1639/1639/1639
f 1590/1590/1590 1639/1639/1639 1591/1591/1591
f 1591/1591/1591 1639/1639/1639 1640/1640/1640
f 1591/1591/1591 1640/1640/1640 1592/1592/1592
f 1592/1592/1592 1640/1640/1640 1641/1641/1641
f 1592/1592/1592 1641/1641/1641 1593/1593/1593
f 1593/1593/1593 1641/1641/1641 1642/1642/1642
f 1593/1593/1593 1642/1642/1642 1594/1594/1594
f 1594/1594/1594 1642/1642/1642 1643/1643/1643
f 1594/1594/1594 1643/1643/1643 1595/1595/1595
f 1595/1595/1595 1643/1643/1643 1644/1644/1644
f 1595/1595/1595 1644/1644/1644 1596/1596/1596
f 1596/1596/1596 1644/1644/1644 1645/1645/1645
f 1596/1596/1596 1645/1645/1645 1597/1597/1597
f 1597/1597/1597 1645/1645/1645 1646/1646/1646
f 1597/1597/1597 1646/1646/1646 1598/1598/1598
f 1598/1598/1598 1646/1646/1646 1647/1647/1647
f 1598/1598/1598 1647/1647/1647 1599/1599/1599
f 1599/1599/1599 1647/1647/1647 1648/1648/1648
f 1599/1599/1599 1648/1648/1648 1600/1600/1600
f 1600/1600/1600 1648/1648/1648 1649/1649/1649
f 1600/1600/1600 1649/1649/1649 1601/1601/1601
f 1601/1601/1601 1649/1649/1649 1650/1650/1650
f 1601/1601/1601 1650/1650/1650 1602/1602/1602
f 1602/1602/1602 1650/1650/1650 1651/1651/1651
f 1602/1602/1602 1651/1651/1651 1603/1603/1603
f 1603/1603/1603 1651/1651/1651 1652/1652/1652
f 1603/1603/1603 1652/1652/1652 1604/1604/1604
f 1604/1604/1604 1652/1652/1652 1653/1653/1653
f 1604/1604/1604 1653/1653/1653 1605/1605/1605
f 1605/1605/1605 1653/1653/1653 1654/1654/1654
f 1605/1605/1605 1654/1654/1654 1606/1606/1606
f 1606/1606/1606 1654/1654/1654 1655/1655/1655
f 1606/1606/1606 1655/1655/1655 1607/1607/1607
f 1607/1607/1607 1655/1655/1655 1656/1656/1656
f 1607/1607/1607 1656/1656/1656 1608/1608/1608
f 1608/1608/1608 1656/1656/1656 1657/1657/1657
f 1608/1608/1608 1657/1657/1657 1609/1609/1609
f 1609/1609/1609 1657/1657/1657 1658/1658/1658
f 1609/1609/1609 1658/1658/1658 1610/1610/1610
f 1610/1610/1610 1658/1658/1658 1659/1659/1659
f 1610/1610/1610 1659/1659/1659 1611/1611/1611
f 1611/1611/1611 1659/1659/1659 1660/1660/1660
f 1611/1611/1611 1660/1660/1660 1612/1612/1612
f 1612/1612/1612 1660/1660/1660 1661/1661/1661
f 1612/1612/1612 1661/1661/1661 1613/1613/1613
f 1613/1613/1613 1661/1661/1661 1662/1662/1662
f 1613/1613/1613 1662/1662/1662 1614/1614/1614
f 1614/1614/1614 1662/1662/1662 1663/1663/1663
f 1614/1614/1614 1663/1663/1663 1615/1615/1615
f 1615/1615/1615 1663/1663/1663 1664/1664/1664
f 1615/1615/1615 1664/1664/1664 1616/1616/1616
f 1616/1616/1616 1664/1664/1664 1665/1665/1665
f 1616/1616/1616 1665/1665/1665 1617/1617/1617
f 1617/1617/1617 1665/1665/1665 1666/1666/1666
f 1618/1618/1618 1667/1667/1667 1619/1619/1619
f 1619/1619/1619 1667/1667/1667 1668/1668/1668
f 1619/1619/1619 1668/1668/1668 1620/1620/1620
f 1620/1620/1620 1668/1668/1668 1669/1669/1669
f 1620/1620/1620 1669/1669/1669 1621/1621/1621
f 1621/1621/1621 1669/1669/1669 1670/1670/1670
f 1621/1621/1621 1670/1670/1670 1622/1622/1622
f 1622/1622/1622 1670/1670/1670 1671/1671/1671
f 1622/1622/1622 1671/1671/1671 1623/1623/1623
f 1623/1623/1623 1671/1671/1671 1672/1672/1672
f 1623/1623/1623 1672/1672/1672 1624/1624/1624
f 1624/1624/1624 1672/1672/1672 1673/1673/1673
f 1624/1624/1624 1673/1673/1673 1625/1625/1625
f 1625/1625/1625 1673/1673/1673 1674/1674/1674
f 1625/1625/1625 1674/1674/1674 1626/1626/1626
f 1626/1626/1626 1674/1674/1674 1675/1675/1675
f 1626/1626/1626 1675/1675/1675 1627/1627/1627
f 1627/1627/1627 1675/1675/1675 1676/1676/1676
f 1627/1627/1627 1676/1676/1676 1628/1628/1628
f 1628/1628/1628 1676/1676/1676 1677/1677/1677
f 1628/1628/1628 1677/1677/1677 1629/1629/1629
f 1629/1629/1629 1677/1677/1677 1678/1678/1678
f 1629/1629/1629 1678/1678/1678 1630/1630/1630
f 1630/1630/1630 1678/1678/1678 1679/1679/1679
f 1630/1630/1630 1679/1679/1679 1631/1631/1631
f 1631/1631/1631 1679/1679/1679 1680/1680/1680
f 1631/1631/1631 1680/1680/1680 1632/1632/1632
f 1632/1632/1632 1680/1680/1680 1681/1681/1681
f 1632/1632/1632 1681/1681/1681 1633/1633/1633
f 1633/1633/1633 1681/1681/1681 1682/1682/1682
f 1633/1633/1633 1682/1682/1682 1634/1634/1634
f 1634/1634/1634 1682/1682/1682 1683/1683/1683
f 1634/1634/1634 1683/1683/1683 1635/1635/1635
f 1635/1635/1635 1683/1683/1683 1684/1684/1684
f 1635/1635/1635 1684/1684/1684 1636/1636/1636
f 1636/1636/1636 1684/1684/1684 1685/1685/1685
f 1636/1636/1636 1685/1685/1685 1637/1637/1637
f 1637/1637/1637 1685/1685/1685 1686/1686/1686
f 1637/1637/1637 1686/1686/1686 1638/1638/1638
f 1638/1638/1638 1686/1686/1686 1687/1687/1687
f 1638/1638/1638 1687/1687/1687 1639/1639/1639
f 1639/1639/1639 1687/1687/1687 1688/1688/1688
f 1639/1639/1639 1688/1688/1688 1640/1640/1640
f 1640/1640/1640 1688/1688/1688 1689/1689/1689
f 1640/1640/1640 1689/1689/1689 1641/1641/1641
f 1641/1641/1641 1689/1689/1689 1690/1690/1690
f 1641/1641/1641 1690/1690/1690 1642/1642/1642
f 1642/1642/1642 1690/1690/1690 1691/1691/1691
f 1642/1642/1642 1691/1691/1691 1643/1643/1643
f 1643/1643/1643 1691/1691/1691 1692/1692/1692
f 1643/1643/1643 1692/1692/1692 1644/1644/1644
f 1644/1644/1644 1692/1692/1692 1693/1693/1693
f 1644/1644/1644 1693/1693/1693 1645/1645/1645
f 1645/1645/1645 1693/1693/1693 1694/1694/1694
f 1645/1645/1645 1694/1694/1694 1646/1646/1646
f 1646/1646/1646 1694/1694/1694 1695/1695/1695
f 1646/1646/1646 1695/1695/1695 1647/1647/1647
f 1647/1647/1647 1695/1695/1695 1696/1696/1696
f 1647/1647/1647 1696/1696/1696 1648/1648/1648
f 1648/1648/1648 1696/1696/1696 1697/1697/1697
f 1648/1648/1648 1697/1697/1697 1649/1649/1649
f 1649/1649/1649 1697/1697/1697 1698/1698/1698
f 1649/1649/1649 1698/1698/1698 1650/1650/1650
f 1650/1650/1650 1698/1698/1698 1699/1699/1699
f 1650/1650/1650 1699/1699/1699 1651/1651/1651
f 1651/1651/1651 1699/1699/1699 1700/1700/1700
f 1651/1651/1651 1700/1700/1700 1652/1652/1652
f 1652/1652/1652 1700/1700/1700 1701/1701/1701
f 1652/1652/1652 1701/1701/1701 1653/1653/1653
f 1653/1653/1653 1701/1701/1701 1702/1702/1702
f 1653/1653/1653 1702/1702/1702 1654/1654/1654
f 1654/1654/1654 1702/1702/1702 1703/1703/1703
f 1654/1654/1654 1703/1703/1703 1655/1655/1655
f 1655/1655/1655 1703/1703/1703 1704/1704/1704
f 1655/1655/1655 1704/1704/1704 1656/1656/1656
f 1656/1656/1656 1704/1704/1704 1705/1705/1705
f 1656/1656/1656 1705/1705/1705 1657/1657/1657
f 1657/1657/1657 1705/1705/1705 1706/1706/1706
f 1657/1657/1657 1706/1706/1706 1658/1658/1658
f 1658/1658/1658 1706/1706/1706 1707/1707/1707
f 1658/1658/1658 1707/1707/1707 1659/1659/1659
f 1659/1659/1659 1707/1707/1707 1708/1708/1708
f 1659/1659/1659 1708/1708/1708 1660/1660/1660
f 1660/1660/1660 1708/1708/1708 1709/1709/1709
f 1660/1660/1660 1709/1709/1709 1661/1661/1661
f 1661/1661/1661 1709/1709/1709 1710/1710/1710
f 1661/1661/1661 1710/1710/1710 1662/1662/1662
f 1662/1662/1662 1710/1710/1710 1711/1711/1711
f 1662/1662/1662 1711/1711/1711 1663/1663/1663
f 1663/1663/1663 1711/1711/1711 1712/1712/1712
f 1663/1663/1663 1712/1712/1712 1664/1664/1664
f 1664/1664/1664 1712/1712/1712 1713/1713/1713
f 1664/1664/1664 1713/1713/1713 1665/1665/1665
f 1665/1665/1665 1713/1713/1713 1714/1714/1714
f 1665/1665/1665 1714/1714/1714 1666/1666/1666
f 1666/1666/1666 1714/1714/1714 1715/1715/1715
f 1667/1667/1667 1716/1716/1716 1668/1668/1668
f 1668/1668/1668 1716/1716/1716 1717/1717/1717
f 1668/1668/1668 1717/1717/1717 1669/1669/1669
f 1669/1669/1669 1717/1717/1717 1718/1718/1718
f 1669/1669/1669 1718/1718/1718 1670/1670/1670
f 1670/1670/1670 1718/1718/1718 1719/1719/1719
f 1670/1670/1670 1719/1719/1719 1671/1671/1671
f 1671/1671/1671 1719/1719/1719 1720/1720/1720
f 1671/1671/1671 1720/1720/1720 1672/1672/1672
f 1672/1672/1672 1720/1720/1720 1721/1721/1721
f 1672/1672/1672 1721/1721/1721 1673/1673/1673
f 1673/1673/1673 1721/1721/1721 1722/1722/1722
f 1673/1673/1673 1722/1722/1722 1674/1674/1674
f 1674/1674/1674 1722/1722/1722 1723/1723/1723
f 1674/1674/1674 1723/1723/1723 1675/1675/1675
f 1675/1675/1675 1723/1723/1723 1724/1724/1724
f 1675/1675/1675 1724/1724/1724 1676/1676/1676
f 1676/1676/1676 1724/1724/1724 1725/1725/1725
f 1676/1676/1676 1725/1725/1725 1677/1677/1677
f 1677/1677/1677 1725/1725/1725 1726/1726/1726
f 1677/1677/1677 1726/1726/1726 1678/1678/1678
f 1678/1678/1678 1726/1726/1726 1727/1727/1727
f 1678/1678/1678 1727/1727/1727 1679/1679/1679
f 1679/1679/1679 1727/1727/1727 1728/1728/1728
f 1679/1679/1679 1728/1728/1728 1680/1680/1680
f 1680/1680/1680 1728/1728/1728 1729/1729/1729
f 1680/1680/1680 1729/1729/1729 1681/1681/1681
f 1681/1681/1681 1729/1729/1729 1730/1730/1730
f 1681/1681/1681 1730/1730/1730 1682/1682/1682
f 1682/1682/1682 1730/1730/1730 1731/1731/1731
f 1682/1682/1682 1731/1731/1731 1683/1683/1683
f 1683/1683/1683 1731/1731/1731 1732/1732/1732
f 1683/1683/1683 1732/1732/1732 1684/1684/1684
f 1684/1684/1684 1732/1732/1732 1733/1733/1733
f 1684/1684/1684 1733/1733/1733 1685/1685/1685
f 1685/1685/1685 1733/1733/1733 1734/1734/1734
f 1685/1685/1685 1734/1734/1734 1686/1686/1686
f 1686/1686/1686 1734/1734/1734 1735/1735/1735
f 1686/1686/1686 1735/1735/1735 1687/1687/1687
f 1687/1687/1687 1735/1735/1735 1736/1736/1736
f 1687/1687/1687 1736/1736/1736 1688/1688/1688
f 1688/1688/1688 1736/1736/1736 1737/1737/1737
f 1688/1688/1688 1737/1737/1737 1689/1689/1689
f 1689/1689/1689 1737/1737/1737 1738/1738/1738
f 1689/1689/1689 1738/1738/1738 1690/1690/1690
f 1690/1690/1690 1738/1738/1738 1739/1739/1739
f 1690/1690/1690 1739/1739/1739 1691/1691/1691
f 1691/1691/1691 1739/1739/1739 1740/1740/1740
f 1691/1691/1691 1740/1740/1740 1692/1692/1692
f 1692/1692/1692 1740/1740/1740 1741/1741/1741
f 1692/1692/1692 1741/1741/1741 1693/1693/1693
f 1693/1693/1693 1741/1741/1741 1742/1742/1742
f 1693/1693/1693 1742/1742/1742 1694/1694/1694
f 1694/1694/1694 1742/1742/1742 1743/1743/1743
f 1694/1694/1694 1743/1743/1743 1695/1695/1695
f 1695/1695/1695 1743/1743/1743 1744/1744/1744
f 1695/1695/1695 1744/1744/1744 1696/1696/1696
f 1696/1696/1696 1744/1744/1744 1745/1745/1745
f 1696/1696/1696 1745/1745/1745 1697/1697/1697
f 1697/1697/1697 1745/1745/1745 1746/1746/1746
f 1697/1697/1697 1746/1746/1746 1698/1698/1698
f 1698/1698/1698 1746/1746/1746 1747/1747/1747
f 1698/1698/1698 1747/1747/1747 1699/1699/1699
f 1699/1699/1699 1747/1747/1747 1748/1748/1748
f 1699/1699/1699 1748/1748/1748 1700/1700/1700
f 1700/1700/1700 1748/1748/1748 1749/1749/1749
f 1700/1700/1700 1749/1749/1749 1701/1701/1701
f 1701/1701/1701 1749/1749/1749 1750/1750/1750
f 1701/1701/1701 1750/1750/1750 1702/1702/1702
f 1702/1702/1702 1750/1750/1750 1751/1751/1751
f 1702/1702/1702 1751/1751/1751 1703/1703/1703
f 1703/1703/1703 1751/1751/1751 1752/1752/1752
f 1703/1703/1703 1752/1752/1752 1704/1704/1704
f 1704/1704/1704 1752/1752/1752 1753/1753/1753
f 1704/1704/1704 1753/1753/1753 1705/1705/1705
f 1705/1705/1705 1753/1753/1753 1754/1754/1754
f 1705/1705/1705 1754/1754/1754 1706/1706/1706
f 1706/1706/1706 1754/1754/1754 1755/1755/1755
f 1706/1706/1706 1755/1755/1755 1707/1707/1707
f 1707/1707/1707 1755/1755/1755 1756/1756/1756
f 1707/1707/1707 1756/1756/1756 1708/1708/1708
f 1708/1708/1708 1756/1756/1756 1757/1757/1757
f 1708/1708/1708 1757/1757/1757 1709/1709/1709
f 1709/1709/1709 1757/1757/1757 1758/1758/1758
f 1709/1709/1709 1758/1758/1758 1710/1710/1710
f 1710/1710/1710 1758/1758/1758 1759/1759/1759
f 1710/1710/1710 1759/1759/1759 1711/1711/1711
f 1711/1711/1711 1759/1759/1759 1760/1760/1760
f 1711/1711/1711 1760/1760/1760 1712/1712/1712
f 1712/1712/1712 1760/1760/1760 1761/1761/1761
f 1712/1712/1712 1761/1761/1761 1713/1713/1713
f 1713/1713/1713 1761/1761/1761 1762/1762/1762
f 1713/1713/1713 1762/1762/1762 1714/1714/1714
f 1714/1714/1714 1762/1762/1762 1763/1763/1763
f 1714/1714/1714 1763/1763/1763 1715/1715/1715
f 1715/1715/1715 1763/1763/1763 1764/1764/1764
f 1716/1716/1716 1765/1765/1765 1717/1717/1717
f 1717/1717/1717 1765/1765/1765 1766/1766/1766
f 1717/1717/1717 1766/1766/1766 1718/1718/1718
f 1718/1718/1718 1766/1766/1766 1767/1767/1767
f 1718/1718/1718 1767/1767/1767 1719/1719/1719
f 1719/1719/1719 1767/1767/1767 1768/1768/1768
f 1719/1719/1719 1768/1768/1768 1720/1720/1720
f 1720/1720/1720 1768/1768/1768 1769/1769/1769
f 1720/1720/1720 1769/1769/1769 1721/1721/1721
f 1721/1721/1721 1769/1769/1769 1770/1770/1770
f 1721/1721/1721 1770/1770/1770 1722/1722/1722
f 1722/1722/1722 1770/1770/1770 1771/1771/1771
f 1722/1722/1722 1771/1771/1771 1723/1723/1723
f 1723/1723/1723 1771/1771/1771 1772/1772/1772
f 1723/1723/1723 1772/1772/1772 1724/1724/1724
f 1724/1724/1724 1772/1772/1772 1773/1773/1773
f 1724/1724/1724 1773/1773/1773 1725/1725/1725
f 1725/1725/1725 1773/1773/1773 1774/1774/1774
f 1725/1725/1725 1774/1774/1774 1726/1726/1726
f 1726/1726/1726 1774/1774/1774 1775/1775/1775
f 1726/1726/1726 1775/1775/1775 1727/1727/1727
f 1727/1727/1727 1775/1775/1775 1776/1776/1776
f 1727/1727/1727 1776/1776/1776 1728/1728/1728
f 1728/1728/1728 1776/1776/1776 1777/1777/1777
f 1728/1728/1728 1777/1777/1777 1729/1729/1729
f 1729/1729/1729 1777/1777/1777 1778/1778/1778
f 1729/1729/1729 1778/1778/1778 1730/1730/1730
f 1730/1730/1730 1778/1778/1778 1779/1779/1779
f 1730/1730/1730 1779/1779/1779 1731/1731/1731
f 1731/1731/1731 1779/1779/1779 1780/1780/1780
f 1731/1731/1731 1780/1780/1780 1732/1732/1732
f 1732/1732/1732 1780/1780/1780 1781/1781/1781
f 1732/1732/1732 1781/1781/1781 1733/1733/1733
f 1733/1733/1733 1781/1781/1781 1782/1782/1782
f 1733/1733/1733 1782/1782/1782 1734/1734/1734
f 1734/1734/1734 1782/1782/1782 1783/1783/1783
f 1734/1734/1734 1783/1783/1783 1735/1735/1735
f 1735/1735/1735 1783/1783/1783 1784/1784/1784
f 1735/1735/1735 1784/1784/1784 1736/1736/1736
f 1736/1736/1736 1784/1784/1784 1785/1785/1785
f 1736/1736/1736 1785/1785/1785 1737/1737/1737
f 1737/1737/1737 1785/1785/1785 1786/1786/1786
f 1737/1737/1737 1786/1786/1786 1738/1738/1738
f 1738/1738/1738 1786/1786/1786 1787/1787/1787
f 1738/1738/1738 1787/1787/1787 1739/1739/1739
f 1739/1739/1739 1787/1787/1787 1788/1788/1788
f 1739/1739/1739 1788/1788/1788 1740/1740/1740
f 1740/1740/1740 1788/1788/1788 1789/1789/1789
f 1740/1740/1740 1789/1789/1789 1741/1741/1741
f 1741/1741/1741 1789/1789/1789 1790/1790/1790
f 1741/1741/1741 1790/1790/1790 1742/1742/1742
f 1742/1742/1742 1790/1790/1790 1791/1791/1791
f 1742/1742/1742 1791/1791/1791 1743/1743/1743
f 1743/1743/1743 1791/1791/1791 1792/1792/1792
f 1743/1743/1743 1792/1792/1792 1744/1744/1744
f 1744/1744/1744 1792/1792/1792 1793/1793/1793
f 1744/1744/1744 1793/1793/1793 1745/1745/1745
f 1745/1745/1745 1793/1793/1793 1794/1794/1794
f 1745/1745/1745 1794/1794/1794 1746/1746/1746
f 1746/1746/1746 1794/1794/1794 1795/1795/1795
f 1746/1746/1746 1795/1795/1795 1747/1747/1747
f 1747/1747/1747 1795/1795/1795 1796/1796/1796
f 1747/1747/1747 1796/1796/1796 1748/1748/1748
f 1748/1748/1748 1796/1796/1796 1797/1797/1797
f 1748/1748/1748 1797/1797/1797 1749/1749/1749
f 1749/1749/1749 1797/1797/1797 1798/1798/1798
f 1749/1749/1749 1798/1798/1798 1750/1750/1750
f 1750/1750/1750 1798/1798/1798 1799/1799/1799
f 1750/1750/1750 1799/1799/1799 1751/1751/1751
f 1751/1751/1751 1799/1799/1799 1800/1800/1800
f 1751/1751/1751 1800/1800/1800 1752/1752/1752
f 1752/1752/1752 1800/1800/1800 1801/1801/1801
f 1752/1752/1752 1801/1801/1801 1753/1753/1753
f 1753/1753/1753 1801/1801/1801 1802/1802/1802
f 1753/1753/1753 1802/1802/1802 1754/1754/1754
f 1754/1754/1754 1802/1802/1802 1803/1803/1803
f 1754/1754/1754 1803/1803/1803 1755/1755/1755
f 1755/1755/1755 1803/1803/1803 1804/1804/1804
f 1755/1755/1755 1804/1804/1804 1756/1756/1756
f 1756/1756/1756 1804/1804/1804 1805/1805/1805
f 1756/1756/1756 1805/1805/1805 1757/1757/1757
f 1757/1757/1757 1805/1805/1805 1806/1806/1806
f 1757/1757/1757 1806/1806/1806 1758/1758/1758
f 1758/1758/1758 1806/1806/1806 1807/1807/1807
f 1758/1758/1758 1807/1807/1807 1759/1759/1759
f 1759/1759/1759 1807/1807/1807 1808/1808/1808
f 1759/1759/1759 1808/1808/1808 1760/1760/1760
f 1760/1760/1760 1808/1808/1808 1809/1809/1809
f 1760/1760/1760 1809/1809/1809 1761/1761/1761
f 1761/1761/1761 1809/1809/1809 1810/1810/1810
f 1761/1761/1761 1810/1810/1810 1762/1762/1762
f 1762/1762/1762 1810/1810/1810 1811/1811/1811
f 1762/1762/1762 1811/1811/1811 1763/1763/1763
f 1763/1763/1763 1811/1811/1811 1812/1812/1812
f 1763/1763/1763 1812/1812/1812 1764/1764/1764
f 1764/1764/1764 1812/1812/1812 1813/1813/1813
f 1765/1765/1765 1814/1814/1814 1766/1766/1766
f 1766/1766/1766 1814/1814/1814 1815/1815/1815
f 1766/1766/1766 1815/1815/1815 1767/1767/1767
f 1767/1767/1767 1815/1815/1815 1816/1816/1816
f 1767/1767/1767 1816/1816/1816 1768/1768/1768
f 1768/1768/1768 1816/1816/1816 1817/1817/1817
f 1768/1768/1768 1817/1817/1817 1769/1769/1769
f 1769/1769/1769 1817/1817/1817 1818/1818/1818
f 1769/1769/1769 1818/1818/1818 1770/1770/1770
f 1770/1770/1770 1818/1818/1818 1819/1819/1819
f 1770/1770/1770 1819/1819/1819 1771/1771/1771
f 1771/1771/1771 1819/1819/1819 1820/1820/1820
f 1771/1771/1771 1820/1820/1820 1772/1772/1772
f 1772/1772/1772 1820/1820/1820 1821/1821/1821
f 1772/1772/1772 1821/1821/1821 1773/1773/1773
f 1773/1773/1773 1821/1821/1821 1822/1822/1822
f 1773/1773/1773 1822/1822/1822 1774/1774/1774
f 1774/1774/1774 1822/1822/1822 1823/1823/1823
f 1774/1774/1774 1823/1823/1823 1775/1775/1775
f 1775/1775/1775 1823/1823/1823 1824/1824/1824
f 1775/1775/1775 1824/1824/1824 1776/1776/1776
f 1776/1776/1776 1824/1824/1824 1825/1825/1825
f 1776/1776/1776 1825/1825/1825 1777/1777/1777
f 1777/1777/1777 1825/1825/1825 1826/1826/1826
f 1777/1777/1777 1826/1826/1826 1778/1778/1778
f 1778/1778/1778 1826/1826/1826 1827/1827/1827
f 1778/1778/1778 1827/1827/1827 1779/1779/1779
f 1779/1779/1779 1827/1827/1827 1828/1828/1828
f 1779/1779/1779 1828/1828/1828 1780/1780/1780
f 1780/1780/1780 1828/1828/1828 1829/1829/1829
f 1780/1780/1780 1829/1829/1829 1781/1781/1781
f 1781/1781/1781 1829/1829/1829 1830/1830/1830
f 1781/1781/1781 1830/1830/1830 1782/1782/1782
f 1782/1782/1782 1830/1830/1830 1831/1831/1831
f 1782/1782/1782 1831/1831/1831 1783/1783/1783
f 1783/1783/1783 1831/1831/1831 1832/1832/1832
f 1783/1783/1783 1832/1832/1832 1784/1784/1784
f 1784/1784/1784 1832/1832/1832 1833/1833/1833
f 1784/1784/1784 1833/1833/1833 1785/1785/1785
f 1785/1785/1785 1833/1833/1833 1834/1834/1834
f 1785/1785/1785 1834/1834/1834 1786/1786/1786
f 1786/1786/1786 1834/1834/1834 1835/1835/1835
f 1786/1786/1786 1835/1835/1835 1787/1787/1787
f 1787/1787/1787 1835/1835/1835 1836/1836/1836
f 1787/1787/1787 1836/1836/1836 1788/1788/1788
f 1788/1788/1788 1836/1836/1836 1837/1837/1837
f 1788/1788/1788 1837/1837/1837 1789/1789/1789
f 1789/1789/1789 1837/1837/1837 1838/1838/1838
f 1789/1789/1789 1838/1838/1838 1790/1790/1790
f 1790/1790/1790 1838/1838/1838 1839/1839/1839
f 1790/1790/1790 1839/1839/1839 1791/1791/1791
f 1791/1791/1791 1839/1839/1839 1840/1840/1840
f 1791/1791/1791 1840/1840/1840 1792/1792/1792
f 1792/1792/1792 1840/1840/1840 1841/1841/1841
f 1792/1792/1792 1841/1841/1841 1793/1793/1793
f 1793/1793/1793 1841/1841/1841 1842/1842/1842
f 1793/1793/1793 1842/1842/1842 1794/1794/1794
f 1794/1794/1794 1842/1842/1842 1843/1843/1843
f 1794/1794/1794 1843/1843/1843 1795/1795/1795
f 1795/1795/1795 1843/1843/1843 1844/1844/1844
f 1795/1795/1795 1844/1844/1844 1796/1796/1796
f 1796/1796/1796 1844/1844/1844 1845/1845/1845
f 1796/1796/1796 1845/1845/1845 1797/1797/1797
f 1797/1797/1797 1845/1845/1845 1846/1846/1846
f 1797/1797/1797 1846/1846/1846 1798/1798/1798
f 1798/1798/1798 1846/1846/1846 1847/1847/1847
f 1798/1798/1798 1847/1847/1847 1799/1799/1799
f 1799/1799/1799 1847/1847/1847 1848/1848/1848
f 1799/1799/1799 1848/1848/1848 1800/1800/1800
f 1800/1800/1800 1848/1848/1848 1849/1849/1849
f 1800/1800/1800 1849/1849/1849 1801/1801/1801
f 1801/1801/1801 1849/1849/1849 1850/1850/1850
f 1801/1801/1801 1850/1850/1850 1802/1802/1802
f 1802/1802/1802 1850/1850/1850 1851/1851/1851
f 1802/1802/1802 1851/1851/1851 1803/1803/1803
f 1803/1803/1803 1851/1851/1851 1852/1852/1852
f 1803/1803/1803 1852/1852/1852 1804/1804/1804
f 1804/1804/1804 1852/1852/1852 1853/1853/1853
f 1804/1804/1804 1853/1853/1853 1805/1805/1805
f 1805/1805/1805 1853/1853/1853 1854/1854/1854
f 1805/1805/1805 1854/1854/1854 1806/1806/1806
f 1806/1806/1806 1854/1854/1854 1855/1855/1855
f 1806/1806/1806 1855/1855/1855 1807/1807/1807
f 1807/1807/1807 1855/1855/1855 1856/1856/1856
f 1807/1807/1807 1856/1856/1856 1808/1808/1808
f 1808/1808/1808 1856/1856/1856 1857/1857/1857
f 1808/1808/1808 1857/1857/1857 1809/1809/1809
f 1809/1809/1809 1857/1857/1857 1858/1858/1858
f 1809/1809/1809 1858/1858/1858 1810/1810/1810
f 1810/1810/1810 1858/1858/1858 1859/1859/1859
f 1810/1810/1810 1859/1859/1859 1811/1811/1811
f 1811/1811/1811 1859/1859/1859 1860/1860/1860
f 1811/1811/1811 1860/1860/1860 1812/1812/1812
f 1812/1812/1812 1860/1860/1860 1861/1861/1861
f 1812/1812/1812 1861/1861/1861 1813/1813/1813
f 1813/1813/1813 1861/1861/1861 1862/1862/1862
f 1814/1814/1814 1863/1863/1863 1815/1815/1815
f 1815/1815/1815 1863/1863/1863 1864/1864/1864
f 1815/1815/1815 1864/1864/1864 1816/1816/1816
f 1816/1816/1816 1864/1864/1864 1865/1865/1865
f 1816/1816/1816 1865/1865/1865 1817/1817/1817
f 1817/1817/1817 1865/1865/1865 1866/1866/1866
f 1817/1817/1817 1866/1866/1866 1818/1818/1818
f 1818/1818/1818 1866/1866/1866 1867/1867/1867
f 1818/1818/1818 1867/1867/1867 1819/1819/1819
f 1819/1819/1819 1867/1867/1867 1868/1868/1868
f 1819/1819/1819 1868/1868/1868 1820/1820/1820
f 1820/1820/1820 1868/1868/1868 1869/1869/1869
f 1820/1820/1820 1869/1869/1869 1821/1821/1821
f 1821/1821/1821 1869/1869/1869 1870/1870/1870
f 1821/1821/1821 1870/1870/1870 1822/1822/1822
f 1822/1822/1822 1870/1870/1870 1871/1871/1871
f 1822/1822/1822 1871/1871/1871 1823/1823/1823
f 1823/1823/1823 1871/1871/1871 1872/1872/1872
f 1823/1823/1823 1872/1872/1872 1824/1824/1824
f 1824/1824/1824 1872/1872/1872 1873/1873/1873
f 1824/1824/1824 1873/1873/1873 1825/1825/1825
f 1825/1825/1825 1873/1873/1873 1874/1874/1874
f 1825/1825/1825 1874/1874/1874 1826/1826/1826
f 1826/1826/1826 1874/1874/1874 1875/1875/1875
f 1826/1826/1826 1875/1875/1875 1827/1827/1827
f 1827/1827/1827 1875/1875/1875 1876/1876/1876
f 1827/1827/1827 1876/1876/1876 1828/1828/1828
f 1828/1828/1828 1876/1876/1876 1877/1877/1877
f 1828/1828/1828 1877/1877/1877 1829/1829/1829
f 1829/1829/1829 1877/1877/1877 1878/1878/1878
f 1829/1829/1829 1878/1878/1878 1830/1830/1830
f 1830/1830/1830 1878/1878/1878 1879/1879/1879
f 1830/1830/1830 1879/1879/1879 1831/1831/1831
f 1831/1831/1831 1879/1879/1879 1880/1880/1880
f 1831/1831/1831 1880/1880/1880 1832/1832/1832
f 1832/1832/1832 1880/1880/1880 1881/1881/1881
f 1832/1832/1832 1881/1881/1881 1833/1833/1833
f 1833/1833/1833 1881/1881/1881 1882/1882/1882
f 1833/1833/1833 1882/1882/1882 1834/1834/1834
f 1834/1834/1834 1882/1882/1882 1883/1883/1883
f 1834/1834/1834 1883/1883/1883 1835/1835/1835
f 1835/1835/1835 1883/1883/1883 1884/1884/1884
f 1835/1835/1835 1884/1884/1884 1836/1836/1836
f 1836/1836/1836 1884/1884/1884 1885/1885/1885
f 1836/1836/1836 1885/1885/1885 1837/1837/1837
f 1837/1837/1837 1885/1885/1885 1886/1886/1886
f 1837/1837/1837 1886/1886/1886 1838/1838/1838
f 1838/1838/1838 1886/1886/1886 1887/1887/1887
f 1838/1838/1838 1887/1887/1887 1839/1839/1839
f 1839/1839/1839 1887/1887/1887 1888/1888/1888
f 1839/1839/1839 1888/1888/1888 1840/1840/1840
f 1840/1840/1840 1888/1888/1888 1889/1889/1889
f 1840/1840/1840 1889/1889/1889 1841/1841/1841
f 1841/1841/1841 1889/1889/1889 1890/1890/1890
f 1841/1841/1841 1890/1890/1890 1842/1842/1842
f 1842/1842/1842 1890/1890/1890 1891/1891/1891
f 1842/1842/1842 1891/1891/1891 1843/1843/1843
f 1843/1843/1843 1891/1891/1891 1892/1892/1892
f 1843/1843/1843 1892/1892/1892 1844/1844/1844
f 1844/1844/1844 1892/1892/1892 1893/1893/1893
f 1844/1844/1844 1893/1893/1893 1845/1845/1845
f 1845/1845/1845 1893/1893/1893 1894/1894/1894
f 1845/1845/1845 1894/1894/1894 1846/1846/1846
f 1846/1846/1846 1894/1894/1894 1895/1895/1895
f 1846/1846/1846 1895/1895/1895 1847/1847/1847
f 1847/1847/1847 1895/1895/1895 1896/1896/1896
f 1847/1847/1847 1896/1896/1896 1848/1848/1848
f 1848/1848/1848 1896/1896/1896 1897/1897/1897
f 1848/1848/1848 1897/1897/1897 1849/1849/1849
f 1849/1849/1849 1897/1897/1897 1898/1898/1898
f 1849/1849/1849 1898/1898/1898 1850/1850/1850
f 1850/1850/1850 1898/1898/1898 1899/1899/1899
f 1850/1850/1850 1899/1899/1899 1851/1851/1851
f 1851/1851/1851 1899/1899/1899 1900/1900/1900
f 1851/1851/1851 1900/1900/1900 1852/1852/1852
f 1852/1852/1852 1900/1900/1900 1901/1901/1901
f 1852/1852/1852 1901/1901/1901 1853/1853/1853
f 1853/1853/1853 1901/1901/1901 1902/1902/1902
f 1853/1853/1853 1902/1902/1902 1854/1854/1854
f 1854/1854/1854 1902/1902/1902 1903/1903/1903
f 1854/1854/1854 1903/1903/1903 1855/1855/1855
f 1855/1855/1855 1903/1903/1903 1904/1904/1904
f 1855/1855/1855 1904/1904/1904 1856/1856/1856
f 1856/1856/1856 1904/1904/1904 1905/1905/1905
f 1856/1856/1856 1905/1905/1905 1857/1857/1857
f 1857/1857/1857 1905/1905/1905 1906/1906/1906
f 1857/1857/1857 1906/1906/1906 1858/1858/1858
f 1858/1858/1858 1906/1906/1906 1907/1907/1907
f 1858/1858/1858 1907/1907/1907 1859/1859/1859
f 1859/1859/1859 1907/1907/1907 1908/1908/1908
f 1859/1859/1859 1908/1908/1908 1860/1860/1860
f 1860/1860/1860 1908/1908/1908 1909/1909/1909
f 1860/1860/1860 1909/1909/1909 1861/1861/1861
f 1861/1861/1861 1909/1909/1909 1910/1910/1910
f 1861/1861/1861 1910/1910/1910 1862/1862/1862
f 1862/1862/1862 1910/1910/1910 1911/1911/1911
f 1863/1863/1863 1912/1912/1912 1864/1864/1864
f 1864/1864/1864 1912/1912/1912 1913/1913/1913
f 1864/1864/1864 1913/1913/1913 1865/1865/1865
f 1865/1865/1865 1913/1913/1913 1914/1914/1914
f 1865/1865/1865 1914/1914/1914 1866/1866/1866
f 1866/1866/1866 1914/1914/1914 1915/1915/1915
f 1866/1866/1866 1915/1915/1915 1867/1867/1867
f 1867/1867/1867 1915/1915/1915 1916/1916/1916
f 1867/1867/1867 1916/1916/1916 1868/1868/1868
f 1868/1868/1868 1916/1916/1916 1917/1917/1917
f 1868/1868/1868 1917/1917/1917 1869/1869/1869
f 1869/1869/1869 1917/1917/1917 1918/1918/1918
f 1869/1869/1869 1918/1918/1918 1870/1870/1870
f 1870/1870/1870 1918/1918/1918 1919/1919/1919
f 1870/1870/1870 1919/1919/1919 1871/1871/1871
f 1871/1871/1871 1919/1919/1919 1920/1920/1920
f 1871/1871/1871 1920/1920/1920 1872/1872/1872
f 1872/1872/1872 1920/1920/1920 1921/1921/1921
f 1872/1872/1872 1921/1921/1921 1873/1873/1873
f 1873/1873/1873 1921/1921/1921 1922/1922/1922
f 1873/1873/1873 1922/1922/1922 1874/1874/1874
f 1874/1874/1874 1922/1922/1922 1923/1923/1923
f 1874/1874/1874 1923/1923/1923 1875/1875/1875
f 1875/1875/1875 1923/1923/1923 1924/1924/1924
f 1875/1875/1875 1924/1924/1924 1876/1876/1876
f 1876/1876/1876 1924/1924/1924 1925/1925/1925
f 1876/1876/1876 1925/1925/1925 1877/1877/1877
f 1877/1877/1877 1925/1925/1925 1926/1926/1926
f 1877/1877/1877 1926/1926/1926 1878/1878/1878
f 1878/1878/1878 1926/1926/1926 1927/1927/1927
f 1878/1878/1878 1927/1927/1927 1879/1879/1879
f 1879/1879/1879 1927/1927/1927 1928/1928/1928
f 1879/1879/1879 1928/1928/1928 1880/1880/1880
f 1880/1880/1880 1928/1928/1928 1929/1929/1929
f 1880/1880/1880 1929/1929/1929 1881/1881/1881
f 1881/1881/1881 1929/1929/1929 1930/1930/1930
f 1881/1881/1881 1930/1930/1930 1882/1882/1882
f 1882/1882/1882 1930/1930/1930 1931/1931/1931
f 1882/1882/1882 1931/1931/1931 1883/1883/1883
f 1883/1883/1883 1931/1931/1931 1932/1932/1932
f 1883/1883/1883 1932/1932/1932 1884/1884/1884
f 1884/1884/1884 1932/1932/1932 1933/1933/1933
f 1884/1884/1884 1933/1933/1933 1885/1885/1885
f 1885/1885/1885 1933/1933/1933 1934/1934/1934
f 1885/1885/1885 1934/1934/1934 1886/1886/1886
f 1886/1886/1886 1934/1934/1934 1935/1935/1935
f 1886/1886/1886 1935/1935/1935 1887/1887/1887
f 1887/1887/1887 1935/1935/1935 1936/1936/1936
f 1887/1887/1887 1936/1936/1936 1888/1888/1888
f 1888/1888/1888 1936/1936/1936 1937/1937/1937
f 1888/1888/1888 1937/1937/1937 1889/1889/1889
f 1889/1889/1889 1937/1937/1937 1938/1938/1938
f 1889/1889/1889 1938/1938/1938 1890/1890/1890
f 1890/1890/1890 1938/1938/1938 1939/1939/1939
f 1890/1890/1890 1939/1939/1939 1891/1891/1891
f 1891/1891/1891 1939/1939/1939 1940/1940/1940
f 1891/1891/1891 1940/1940/1940 1892/1892/1892
f 1892/1892/1892 1940/1940/1940 1941/1941/1941
f 1892/1892/1892 1941/1941/1941 1893/1893/1893
f 1893/1893/1893 1941/1941/1941 1942/1942/1942
f 1893/1893/1893 1942/1942/1942 1894/1894/1894
f 1894/1894/1894 1942/1942/1942 1943/1943/1943
f 1894/1894/1894 1943/1943/1943 1895/1895/1895
f 1895/1895/1895 1943/1943/1943 1944/1944/1944
f 1895/1895/1895 1944/1944/1944 1896/1896/1896
f 1896/1896/1896 1944/1944/1944 1945/1945/1945
f 1896/1896/1896 1945/1945/1945 1897/1897/1897
f 1897/1897/1897 1945/1945/1945 1946/1946/1946
f 1897/1897/1897 1946/1946/1946 1898/1898/1898
f 1898/1898/1898 1946/1946/1946 1947/1947/1947
f 1898/1898/1898 1947/1947/1947 1899/1899/1899
f 1899/1899/1899 1947/1947/1947 1948/1948/1948
f 1899/1899/1899 1948/1948/1948 1900/1900/1900
f 1900/1900/1900 1948/1948/1948 1949/1949/1949
f 1900/1900/1900 1949/1949/1949 1901/1901/1901
f 1901/1901/1901 1949/1949/1949 1950/1950/1950
f 1901/1901/1901 1950/1950/1950 1902/1902/1902
f 1902/1902/1902 1950/1950/1950 1951/1951/1951
f 1902/1902/1902 1951/1951/1951 1903/1903/1903
f 1903/1903/1903 1951/1951/1951 1952/1952/1952
f 1903/1903/1903 1952/1952/1952 1904/1904/1904
f 1904/1904/1904 1952/1952/1952 1953/1953/1953
f 1904/1904/1904 1953/1953/1953 1905/1905/1905
f 1905/1905/1905 1953/1953/1953 1954/1954/1954
f 1905/1905/1905 1954/1954/1954 1906/1906/1906
f 1906/1906/1906 1954/1954/1954 1955/1955/1955
f 1906/1906/1906 1955/1955/1955 1907/1907/1907
f 1907/1907/1907 1955/1955/1955 1956/1956/1956
f 1907/1907/1907 1956/1956/1956 1908/1908/1908
f 1908/1908/1908 1956/1956/1956 1957/1957/1957
f 1908/1908/1908 1957/1957/1957 1909/1909/1909
f 1909/1909/1909 1957/1957/1957 1958/1958/1958
f 1909/1909/1909 1958/1958/1958 1910/1910/1910
f 1910/1910/1910 1958/1958/1958 1959/1959/1959
f 1910/1910/1910 1959/1959/1959 1911/1911/1911
f 1911/1911/1911 1959/1959/1959 1960/1960/1960
f 1912/1912/1912 1961/1961/1961 1913/1913/1913
f 1913/1913/1913 1961/1961/1961 1962/1962/1962
f 1913/1913/1913 1962/1962/1962 1914/1914/1914
f 1914/1914/1914 1962/1962/1962 1963/1963/1963
f 1914/1914/1914 1963/1963/1963 1915/1915/1915
f 1915/1915/1915 1963/1963/1963 1964/1964/1964
f 1915/1915/1915 1964/1964/1964 1916/1916/1916
f 1916/1916/1916 1964/1964/1964 1965/1965/1965
f 1916/1916/1916 1965/1965/1965 1917/1917/1917
f 1917/1917/1917 1965/1965/1965 1966/1966/1966
f 1917/1917/1917 1966/1966/1966 1918/1918/1918
f 1918/1918/1918 1966/1966/1966 1967/1967/1967
f 1918/1918/1918 1967/1967/1967 1919/1919/1919
f 1919/1919/1919 1967/1967/1967 1968/1968/1968
f 1919/1919/1919 1968/1968/1968 1920/1920/1920
f 1920/1920/1920 1968/1968/1968 1969/1969/1969
f 1920/1920/1920 1969/1969/1969 1921/1921/1921
f 1921/1921/1921 1969/1969/1969 1970/1970/1970
f 1921/1921/1921 1970/1970/1970 1922/1922/1922
f 1922/1922/1922 1970/1970/1970 1971/1971/1971
f 1922/1922/1922 1971/1971/1971 1923/1923/1923
f 1923/1923/1923 1971/1971/1971 1972/1972/1972
f 1923/1923/1923 1972/1972/1972 1924/1924/1924
f 1924/1924/1924 1972/1972/1972 1973/1973/1973
f 1924/1924/1924 1973/1973/1973 1925/1925/1925
f 1925/1925/1925 1973/1973/1973 1974/1974/1974
f 1925/1925/1925 1974/1974/1974 1926/1926/1926
f 1926/1926/1926 1974/1974/1974 1975/1975/1975
f 1926/1926/1926 1975/1975/1975 1927/1927/1927
f 1927/1927/1927 1975/1975/1975 1976/1976/1976
f 1927/1927/1927 1976/1976/1976 1928/1928/1928
f 1928/1928/1928 1976/1976/1976 1977/1977/1977
f 1928/1928/1928 1977/1977/1977 1929/1929/1929
f 1929/1929/1929 1977/1977/1977 1978/1978/1978
f 1929/1929/1929 1978/1978/1978 1930/1930/1930
f 1930/1930/1930 1978/1978/1978 1979/1979/1979
f 1930/1930/1930 1979/1979/1979 1931/1931/1931
f 1931/1931/1931 1979/1979/1979 1980/1980/1980
f 1931/1931/1931 1980/1980/1980 1932/1932/1932
f 1932/1932/1932 1980/1980/1980 1981/1981/1981
f 1932/1932/1932 1981/1981/1981 1933/1933/1933
f 1933/1933/1933 1981/1981/1981 1982/1982/1982
f 1933/1933/1933 1982/1982/1982 1934/1934/1934
f 1934/1934/1934 1982/1982/1982 1983/1983/1983
f 1934/1934/1934 1983/1983/1983 1935/1935/1935
f 1935/1935/1935 1983/1983/1983 1984/1984/1984
f 1935/1935/1935 1984/1984/1984 1936/1936/1936
f 1936/1936/1936 1984/1984/1984 1985/1985/1985
f 1936/1936/1936 1985/1985/1985 1937/1937/1937
f 1937/1937/1937 1985/1985/1985 1986/1986/1986
f 1937/1937/1937 1986/1986/1986 1938/1938/1938
f 1938/1938/1938 1986/1986/1986 1987/1987/1987
f 1938/1938/1938 1987/1987/1987 1939/1939/1939
f 1939/1939/1939 1987/1987/1987 1988/1988/1988
f 1939/1939/1939 1988/1988/1988 1940/1940/1940
f 1940/1940/1940 1988/1988/1988 1989/1989/1989
f 1940/1940/1940 1989/1989/1989 1941/1941/1941
f 1941/1941/1941 1989/1989/1989 1990/1990/1990
f 1941/1941/1941 1990/1990/1990 1942/1942/1942
f 1942/1942/1942 1990/1990/1990 1991/1991/1991
f 1942/1942/1942 1991/1991/1991 1943/1943/1943
f 1943/1943/1943 1991/1991/1991 1992/1992/1992
f 1943/1943/1943 1992/1992/1992 1944/1944/1944
f 1944/1944/1944 1992/1992/1992 1993/1993/1993
f 1944/1944/1944 1993/1993/1993 1945/1945/1945
f 1945/1945/1945 1993/1993/1993 1994/1994/1994
f 1945/1945/1945 1994/1994/1994 1946/1946/1946
f 1946/1946/1946 1994/1994/1994 1995/1995/1995
f 1946/1946/1946 1995/1995/1995 1947/1947/1947
f 1947/1947/1947 1995/1995/1995 1996/1996/1996
f 1947/1947/1947 1996/1996/1996 1948/1948/1948
f 1948/1948/1948 1996/1996/1996 1997/1997/1997
f 1948/1948/1948 1997/1997/1997 1949/1949/1949
f 1949/1949/1949 1997/1997/1997 1998/1998/1998
f 1949/1949/1949 1998/1998/1998 1950/1950/1950
f 1950/1950/1950 1998/1998/1998 1999/1999/1999
f 1950/1950/1950 1999/1999/1999 1951/1951/1951
f 1951/1951/1951 1999/1999/1999 2000/2000/2000
f 1951/1951/1951 2000/2000/2000 1952/1952/1952
f 1952/1952/1952 2000/2000/2000 2001/2001/2001
f 1952/1952/1952 2001/2001/2001 1953/1953/1953
f 1953/1953/1953 2001/2001/2001 2002/2002/2002
f 1953/1953/1953 2002/2002/2002 1954/1954/1954
f 1954/1954/1954 2002/2002/2002 2003/2003/2003
f 1954/1954/1954 2003/2003/2003 1955/1955/1955
f 1955/1955/1955 2003/2003/2003 2004/2004/2004
f 1955/1955/1955 2004/2004/2004 1956/1956/1956
f 1956/1956/1956 2004/2004/2004 2005/2005/2005
f 1956/1956/1956 2005/2005/2005 1957/1957/1957
f 1957/1957/1957 2005/2005/2005 2006/2006/2006
f 1957/1957/1957 2006/2006/2006 1958/1958/1958
f 1958/1958/1958 2006/2006/2006 2007/2007/2007
f 1958/1958/1958 2007/2007/2007 1959/1959/1959
f 1959/1959/1959 2007/2007/2007 2008/2008/2008
f 1959/1959/1959 2008/2008/2008 1960/1960/1960
f 1960/1960/1960 2008/2008/2008 2009/2009/2009
f 1961/1961/1961 2010/2010/2010 1962/1962/1962
f 1962/1962/1962 2010/2010/2010 2011/2011/2011
f 1962/1962/1962 2011/2011/2011 1963/1963/1963
f 1963/1963/1963 2011/2011/2011 2012/2012/2012
f 1963/1963/1963 2012/2012/2012 1964/1964/1964
f 1964/1964/1964 2012/2012/2012 2013/2013/2013
f 1964/1964/1964 2013/2013/2013 1965/1965/1965
f 1965/1965/1965 2013/2013/2013 2014/2014/2014
f 1965/1965/1965 2014/2014/2014 1966/1966/1966
f 1966/1966/1966 2014/2014/2014 2015/2015/2015
f 1966/1966/1966 2015/2015/2015 1967/1967/1967
f 1967/1967/1967 2015/2015/2015 2016/2016/2016
f 1967/1967/1967 2016/2016/2016 1968/1968/1968
f 1968/1968/1968 2016/2016/2016 2017/2017/2017
f 1968/1968/1968 2017/2017/2017 1969/1969/1969
f 1969/1969/1969 2017/2017/2017 2018/2018/2018
f 1969/1969/1969 2018/2018/2018 1970/1970/1970
f 1970/1970/1970 2018/2018/2018 2019/2019/2019
f 1970/1970/1970 2019/2019/2019 1971/1971/1971
f 1971/1971/1971 2019/2019/2019 2020/2020/2020
f 1971/1971/1971 2020/2020/2020 1972/1972/1972
f 1972/1972/1972 2020/2020/2020 2021/2021/2021
f 1972/1972/1972 2021/2021/2021 1973/1973/1973
f 1973/1973/1973 2021/2021/2021 2022/2022/2022
f 1973/1973/1973 2022/2022/2022 1974/1974/1974
f 1974/1974/1974 2022/2022/2022 2023/2023/2023
f 1974/1974/1974 2023/2023/2023 1975/1975/1975
f 1975/1975/1975 2023/2023/2023 2024/2024/2024
f 1975/1975/1975 2024/2024/2024 1976/1976/1976
f 1976/1976/1976 2024/2024/2024 2025/2025/2025
f 1976/1976/1976 2025/2025/2025 1977/1977/1977
f 1977/1977/1977 2025/2025/2025 2026/2026/2026
f 1977/1977/1977 2026/2026/2026 1978/1978/1978
f 1978/1978/1978 2026/2026/2026 2027/2027/2027
f 1978/1978/1978 2027/2027/2027 1979/1979/1979
f 1979/1979/1979 2027/2027/2027 2028/2028/2028
f 1979/1979/1979 2028/2028/2028 1980/1980/1980
f 1980/1980/1980 2028/2028/2028 2029/2029/2029
f 1980/1980/1980 2029/2029/2029 1981/1981/1981
f 1981/1981/1981 2029/2029/2029 2030/2030/2030
f 1981/1981/1981 2030/2030/2030 1982/1982/1982
f 1982/1982/1982 2030/2030/2030 2031/2031/2031
f 1982/1982/1982 2031/2031/2031 1983/1983/1983
f 1983/1983/1983 2031/2031/2031 2032/2032/2032
f 1983/1983/1983 2032/2032/2032 1984/1984/1984
f 1984/1984/1984 2032/2032/2032 2033/2033/2033
f 1984/1984/1984 2033/2033/2033 1985/1985/1985
f 1985/1985/1985 2033/2033/2033 2034/2034/2034
f 1985/1985/1985 2034/2034/2034 1986/1986/1986
f 1986/1986/1986 2034/2034/2034 2035/2035/2035
f 1986/1986/1986 2035/2035/2035 1987/1987/1987
f 1987/1987/1987 2035/2035/2035 2036/2036/2036
f 1987/1987/1987 2036/2036/2036 1988/1988/1988
f 1988/1988/1988 2036/2036/2036 2037/2037/2037
f 1988/1988/1988 2037/2037/2037 1989/1989/1989
f 1989/1989/1989 2037/2037/2037 2038/2038/2038
f 1989/1989/1989 2038/2038/2038 1990/1990/1990
f 1990/1990/1990 2038/2038/2038 2039/2039/2039
f 1990/1990/1990 2039/2039/2039 1991/1991/1991
f 1991/1991/1991 2039/2039/2039 2040/2040/2040
f 1991/1991/1991 2040/2040/2040 1992/1992/1992
f 1992/1992/1992 2040/2040/2040 2041/2041/2041
f 1992/1992/1992 2041/2041/2041 1993/1993/1993
f 1993/1993/1993 2041/2041/2041 2042/2042/2042
f 1993/1993/1993 2042/2042/2042 1994/1994/1994
f 1994/1994/1994 2042/2042/2042 2043/2043/2043
f 1994/1994/1994 2043/2043/2043 1995/1995/1995
f 1995/1995/1995 2043/2043/2043 2044/2044/2044
f 1995/1995/1995 2044/2044/2044 1996/1996/1996
f 1996/1996/1996 2044/2044/2044 2045/2045/2045
f 1996/1996/1996 2045/2045/2045 1997/1997/1997
f 1997/1997/1997 2045/2045/2045 2046/2046/2046
f 1997/1997/1997 2046/2046/2046 1998/1998/1998
f 1998/1998/1998 2046/2046/2046 2047/2047/2047
f 1998/1998/1998 2047/2047/2047 1999/1999/1999
f 1999/1999/1999 2047/2047/2047 2048/2048/2048
f 1999/1999/1999 2048/2048/2048 2000/2000/2000
f 2000/2000/2000 2048/2048/2048 2049/2049/2049
f 2000/2000/2000 2049/2049/2049 2001/2001/2001
f 2001/2001/2001 2049/2049/2049 2050/2050/2050
f 2001/2001/2001 2050/2050/2050 2002/2002/2002
f 2002/2002/2002 2050/2050/2050 2051/2051/2051
f 2002/2002/2002 2051/2051/2051 2003/2003/2003
f 2003/2003/2003 2051/2051/2051 2052/2052/2052
f 2003/2003/2003 2052/2052/2052 2004/2004/2004
f 2004/2004/2004 2052/2052/2052 2053/2053/2053
f 2004/2004/2004 2053/2053/2053 2005/2005/2005
f 2005/2005/2005 2053/2053/2053 2054/2054/2054
f 2005/2005/2005 2054/2054/2054 2006/2006/2006
f 2006/2006/2006 2054/2054/2054 2055/2055/2055
f 2006/2006/2006 2055/2055/2055 2007/2007/2007
f 2007/2007/2007 2055/2055/2055 2056/2056/2056
f 2007/2007/2007 2056/2056/2056 2008/2008/2008
f 2008/2008/2008 2056/2056/2056 2057/2057/2057
f 2008/2008/2008 2057/2057/2057 2009/2009/2009
f 2009/2009/2009 2057/2057/2057 2058/2058/2058
f 2010/2010/2010 2059/2059/2059 2011/2011/2011
f 2011/2011/2011 2059/2059/2059 2060/2060/2060
f 2011/2011/2011 2060/2060/2060 2012/2012/2012
f 2012/2012/2012 2060/2060/2060 2061/2061/2061
f 2012/2012/2012 2061/2061/2061 2013/2013/2013
f 2013/2013/2013 2061/2061/2061 2062/2062/2062
f 2013/2013/2013 2062/2062/2062 2014/2014/2014
f 2014/2014/2014 2062/2062/2062 2063/2063/2063
f 2014/2014/2014 2063/2063/2063 2015/2015/2015
f 2015/2015/2015 2063/2063/2063 2064/2064/2064
f 2015/2015/2015 2064/2064/2064 2016/2016/2016
f 2016/2016/2016 2064/2064/2064 2065/2065/2065
f 2016/2016/2016 2065/2065/2065 2017/2017/2017
f 2017/2017/2017 2065/2065/2065 2066/2066/2066
f 2017/2017/2017 2066/2066/2066 2018/2018/2018
f 2018/2018/2018 2066/2066/2066 2067/2067/2067
f 2018/2018/2018 2067/2067/2067 2019/2019/2019
f 2019/2019/2019 2067/2067/2067 2068/2068/2068
f 2019/2019/2019 2068/2068/2068 2020/2020/2020
f 2020/2020/2020 2068/2068/2068 2069/2069/2069
f 2020/2020/2020 2069/2069/2069 2021/2021/2021
f 2021/2021/2021 2069/2069/2069 2070/2070/2070
f 2021/2021/2021 2070/2070/2070 2022/2022/2022
f 2022/2022/2022 2070/2070/2070 2071/2071/2071
f 2022/2022/2022 2071/2071/2071 2023/2023/2023
f 2023/2023/2023 2071/2071/2071 2072/2072/2072
f 2023/2023/2023 2072/2072/2072 2024/2024/2024
f 2024/2024/2024 2072/2072/2072 2073/2073/2073
f 2024/2024/2024 2073/2073/2073 2025/2025/2025
f 2025/2025/2025 2073/2073/2073 2074/2074/2074
f 2025/2025/2025 2074/2074/2074 2026/2026/2026
f 2026/2026/2026 2074/2074/2074 2075/2075/2075
f 2026/2026/2026 2075/2075/2075 2027/2027/2027
f 2027/2027/2027 2075/2075/2075 2076/2076/2076
f 2027/2027/2027 2076/2076/2076 2028/2028/2028
f 2028/2028/2028 2076/2076/2076 2077/2077/2077
f 2028/2028/2028 2077/2077/2077 2029/2029/2029
f 2029/2029/2029 2077/2077/2077 2078/2078/2078
f 2029/2029/2029 2078/2078/2078 2030/2030/2030
f 2030/2030/2030 2078/2078/2078 2079/2079/2079
f 2030/2030/2030 2079/2079/2079 2031/2031/2031
f 2031/2031/2031 2079/2079/2079 2080/2080/2080
f 2031/2031/2031 2080/2080/2080 2032/2032/2032
f 2032/2032/2032 2080/2080/2080 2081/2081/2081
f 2032/2032/2032 2081/2081/2081 2033/2033/2033
f 2033/2033/2033 2081/2081/2081 2082/2082/2082
f 2033/2033/2033 2082/2082/2082 2034/2034/2034
f 2034/2034/2034 2082/2082/2082 2083/2083/2083
f 2034/2034/2034 2083/2083/2083 2035/2035/2035
f 2035/2035/2035 2083/2083/2083 2084/2084/2084
f 2035/2035/2035 2084/2084/2084 2036/2036/2036
f 2036/2036/2036 2084/2084/2084 2085/2085/2085
f 2036/2036/2036 2085/2085/2085 2037/2037/2037
f 2037/2037/2037 2085/2085/2085 2086/2086/2086
f 2037/2037/2037 2086/2086/2086 2038/2038/2038
f 2038/2038/2038 2086/2086/2086 2087/2087/2087
f 2038/2038/2038 2087/2087/2087 2039/2039/2039
f 2039/2039/2039 2087/2087/2087 2088/2088/2088
f 2039/2039/2039 2088/2088/2088 2040/2040/2040
f 2040/2040/2040 2088/2088/2088 2089/2089/2089
f 2040/2040/2040 2089/2089/2089 2041/2041/2041
f 2041/2041/2041 2089/2089/2089 2090/2090/2090
f 2041/2041/2041 2090/2090/2090 2042/2042/2042
f 2042/2042/2042 2090/2090/2090 2091/2091/2091
f 2042/2042/2042 2091/2091/2091 2043/2043/2043
f 2043/2043/2043 2091/2091/2091 2092/2092/2092
f 2043/2043/2043 2092/2092/2092 2044/2044/2044
f 2044/2044/2044 2092/2092/2092 2093/2093/2093
f 2044/2044/2044 2093/2093/2093 2045/2045/2045
f 2045/2045/2045 2093/2093/2093 2094/2094/2094
f 2045/2045/2045 2094/2094/2094 2046/2046/2046
f 2046/2046/2046 2094/2094/2094 2095/2095/2095
f 2046/2046/2046 2095/2095/2095 2047/2047/2047
f 2047/2047/2047 2095/2095/2095 2096/2096/2096
f 2047/2047/2047 2096/2096/2096 2048/2048/2048
f 2048/2048/2048 2096/2096/2096 2097/2097/2097
f 2048/2048/2048 2097/2097/2097 2049/2049/2049
f 2049/2049/2049 2097/2097/2097 2098/2098/2098
f 2049/2049/2049 2098/2098/2098 2050/2050/2050
f 2050/2050/2050 2098/2098/2098 2099/2099/2099
f 2050/2050/2050 2099/2099/2099 2051/2051/2051
f 2051/2051/2051 2099/2099/2099 2100/2100/2100
f 2051/2051/2051 2100/2100/2100 2052/2052/2052
f 2052/2052/2052 2100/2100/2100 2101/2101/2101
f 2052/2052/2052 2101/2101/2101 2053/2053/2053
f 2053/2053/2053 2101/2101/2101 2102/2102/2102
f 2053/2053/2053 2102/2102/2102 2054/2054/2054
f 2054/2054/2054 2102/2102/2102 2103/2103/2103
f 2054/2054/2054 2103/2103/2103 2055/2055/2055
f 2055/2055/2055 2103/2103/2103 2104/2104/2104
f 2055/2055/2055 2104/2104/2104 2056/2056/2056
f 2056/2056/2056 2104/2104/2104 2105/2105/2105
f 2056/2056/2056 2105/2105/2105 2057/2057/2057
f 2057/2057/2057 2105/2105/2105 2106/2106/2106
f 2057/2057/2057 2106/2106/2106 2058/2058/2058
f 2058/2058/2058 2106/2106/2106 2107/2107/2107
f 2059/2059/2059 2108/2108/2108 2060/2060/2060
f 2060/2060/2060 2108/2108/2108 2109/2109/2109
f 2060/2060/2060 2109/2109/2109 2061/2061/2061
f 2061/2061/2061 2109/2109/2109 2110/2110/2110
f 2061/2061/2061 2110/2110/2110 2062/2062/2062
f 2062/2062/2062 2110/2110/2110 2111/2111/2111
f 2062/2062/2062 2111/2111/2111 2063/2063/2063
f 2063/2063/2063 2111/2111/2111 2112/2112/2112
f 2063/2063/2063 2112/2112/2112 2064/2064/2064
f 2064/2064/2064 2112/2112/2112 2113/2113/2113
f 2064/2064/2064 2113/2113/2113 2065/2065/2065
f 2065/2065/2065 2113/2113/2113 2114/2114/2114
f 2065/2065/2065 2114/2114/2114 2066/2066/2066
f 2066/2066/2066 2114/2114/2114 2115/2115/2115
f 2066/2066/2066 2115/2115/2115 2067/2067/2067
f 2067/2067/2067 2115/2115/2115 2116/2116/2116
f 2067/2067/2067 2116/2116/2116 2068/2068/2068
f 2068/2068/2068 2116/2116/2116 2117/2117/2117
f 2068/2068/2068 2117/2117/2117 2069/2069/2069
f 2069/2069/2069 2117/2117/2117 2118/2118/2118
f 2069/2069/2069 2118/2118/2118 2070/2070/2070
f 2070/2070/2070 2118/2118/2118 2119/2119/2119
f 2070/2070/2070 2119/2119/2119 2071/2071/2071
f 2071/2071/2071 2119/2119/2119 2120/2120/2120
f 2071/2071/2071 2120/2120/2120 2072/2072/2072
f 2072/2072/2072 2120/2120/2120 2121/2121/2121
f 2072/2072/2072 2121/2121/2121 2073/2073/2073
f 2073/2073/2073 2121/2121/2121 2122/2122/2122
f 2073/2073/2073 2122/2122/2122 2074/2074/2074
f 2074/2074/2074 2122/2122/2122 2123/2123/2123
f 2074/2074/2074 2123/2123/2123 2075/2075/2075
f 2075/2075/2075 2123/2123/2123 2124/2124/2124
f 2075/2075/2075 2124/2124/2124 2076/2076/2076
f 2076/2076/2076 2124/2124/2124 2125/2125/2125
f 2076/2076/2076 2125/2125/2125 2077/2077/2077
f 2077/2077/2077 2125/2125/2125 2126/2126/2126
f 2077/2077/2077 2126/2126/2126 2078/2078/2078
f 2078/2078/2078 2126/2126/2126 2127/2127/2127
f 2078/2078/2078 2127/2127/2127 2079/2079/2079
f 2079/2079/2079 2127/2127/2127 2128/2128/2128
f 2079/2079/2079 2128/2128/2128 2080/2080/2080
f 2080/2080/2080 2128/2128/2128 2129/2129/2129
f 2080/2080/2080 2129/2129/2129 2081/2081/2081
f 2081/2081/2081 2129/2129/2129 2130/2130/2130
f 2081/2081/2081 2130/2130/2130 2082/2082/2082
f 2082/2082/2082 2130/2130/2130 2131/2131/2131
f 2082/2082/2082 2131/2131/2131 2083/2083/2083
f 2083/2083/2083 2131/2131/2131 2132/2132/2132
f 2083/2083/2083 2132/2132/2132 2084/2084/2084
f 2084/2084/2084 2132/2132/2132 2133/2133/2133
f 2084/2084/2084 2133/2133/2133 2085/2085/2085
f 2085/2085/2085 2133/2133/2133 2134/2134/2134
f 2085/2085/2085 2134/2134/2134 2086/2086/2086
f 2086/2086/2086 2134/2134/2134 2135/2135/2135
f 2086/2086/2086 2135/2135/2135 2087/2087/2087
f 2087/2087/2087 2135/2135/2135 2136/2136/2136
f 2087/2087/2087 2136/2136/2136 2088/2088/2088
f 2088/2088/2088 2136/2136/2136 2137/2137/2137
f 2088/2088/2088 2137/2137/2137 2089/2089/2089
f 2089/2089/2089 2137/2137/2137 2138/2138/2138
f 2089/2089/2089 2138/2138/2138 2090/2090/2090
f 2090/2090/2090 2138/2138/2138 2139/2139/2139
f 2090/2090/2090 2139/2139/2139 2091/2091/2091
f 2091/2091/2091 2139/2139/2139 2140/2140/2140
f 2091/2091/2091 2140/2140/2140 2092/2092/2092
f 2092/2092/2092 2140/2140/2140 2141/2141/2141
f 2092/2092/2092 2141/2141/2141 2093/2093/2093
f 2093/2093/2093 2141/2141/2141 2142/2142/2142
f 2093/2093/2093 2142/2142/2142 2094/2094/2094
f 2094/2094/2094 2142/2142/2142 2143/2143/2143
f 2094/2094/2094 2143/2143/2143 2095/2095/2095
f 2095/2095/2095 2143/2143/2143 2144/2144/2144
f 2095/2095/2095 2144/2144/2144 2096/2096/2096
f 2096/2096/2096 2144/2144/2144 2145/2145/2145
f 2096/2096/2096 2145/2145/2145 2097/2097/2097
f 2097/2097/2097 2145/2145/2145 2146/2146/2146
f 2097/2097/2097 2146/2146/2146 2098/2098/2098
f 2098/2098/2098 2146/2146/2146 2147/2147/2147
f 2098/2098/2098 2147/2147/2147 2099/2099/2099
f 2099/2099/2099 2147/2147/2147 2148/2148/2148
f 2099/2099/2099 2148/2148/2148 2100/2100/2100
f 2100/2100/2100 2148/2148/2148 2149/2149/2149
f 2100/2100/2100 2149/2149/2149 2101/2101/2101
f 2101/2101/2101 2149/2149/2149 2150/2150/2150
f 2101/2101/2101 2150/2150/2150 2102/2102/2102
f 2102/2102/2102 2150/2150/2150 2151/2151/2151
f 2102/2102/2102 2151/2151/2151 2103/2103/2103
f 2103/2103/2103 2151/2151/2151 2152/2152/2152
f 2103/2103/2103 2152/2152/2152 2104/2104/2104
f 2104/2104/2104 2152/2152/2152 2153/2153/2153
f 2104/2104/2104 2153/2153/2153 2105/2105/2105
f 2105/2105/2105 2153/2153/2153 2154/2154/2154
f 2105/2105/2105 2154/2154/2154 2106/2106/2106
f 2106/2106/2106 2154/2154/2154 2155/2155/2155
f 2106/2106/2106 2155/2155/2155 2107/2107/2107
f 2107/2107/2107 2155/2155/2155 2156/2156/2156
f 2108/2108/2108 2157/2157/2157 2109/2109/2109
f 2109/2109/2109 2157/2157/2157 2158/2158/2158
f 2109/2109/2109 2158/2158/2158 2110/2110/2110
f 2110/2110/2110 2158/2158/2158 2159/2159/2159
f 2110/2110/2110 2159/2159/2159 2111/2111/2111
f 2111/2111/2111 2159/2159/2159 2160/2160/2160
f 2111/2111/2111 2160/2160/2160 2112/2112/2112
f 2112/2112/2112 2160/2160/2160 2161/2161/2161
f 2112/2112/2112 2161/2161/2161 2113/2113/2113
f 2113/2113/2113 2161/2161/2161 2162/2162/2162
f 2113/2113/2113 2162/2162/2162 2114/2114/2114
f 2114/2114/2114 2162/2162/2162 2163/2163/2163
f 2114/2114/2114 2163/2163/2163 2115/2115/2115
f 2115/2115/2115 2163/2163/2163 2164/2164/2164
f 2115/2115/2115 2164/2164/2164 2116/2116/2116
f 2116/2116/2116 2164/2164/2164 2165/2165/2165
f 2116/2116/2116 2165/2165/2165 2117/2117/2117
f 2117/2117/2117 2165/2165/2165 2166/2166/2166
f 2117/2117/2117 2166/2166/2166 2118/2118/2118
f 2118/2118/2118 2166/2166/2166 2167/2167/2167
f 2118/2118/2118 2167/2167/2167 2119/2119/2119
f 2119/2119/2119 2167/2167/2167 2168/2168/2168
f 2119/2119/2119 2168/2168/2168 2120/2120/2120
f 2120/2120/2120 2168/2168/2168 2169/2169/2169
f 2120/2120/2120 2169/2169/2169 2121/2121/2121
f 2121/2121/2121 2169/2169/2169 2170/2170/2170
f 2121/2121/2121 2170/2170/2170 2122/2122/2122
f 2122/2122/2122 2170/2170/2170 2171/2171/2171
f 2122/2122/2122 2171/2171/2171 2123/2123/2123
f 2123/2123/2123 2171/2171/2171 2172/2172/2172
f 2123/2123/2123 2172/2172/2172 2124/2124/2124
f 2124/2124/2124 2172/2172/2172 2173/2173/2173
f 2124/2124/2124 2173/2173/2173 2125/2125/2125
f 2125/2125/2125 2173/2173/2173 2174/2174/2174
f 2125/2125/2125 2174/2174/2174 2126/2126/2126
f 2126/2126/2126 2174/2174/2174 2175/2175/2175
f 2126/2126/2126 2175/2175/2175 2127/2127/2127
f 2127/2127/2127 2175/2175/2175 2176/2176/2176
f 2127/2127/2127 2176/2176/2176 2128/2128/2128
f 2128/2128/2128 2176/2176/2176 2177/2177/2177
f 2128/2128/2128 2177/2177/2177 2129/2129/2129
f 2129/2129/2129 2177/2177/2177 2178/2178/2178
f 2129/2129/2129 2178/2178/2178 2130/2130/2130
f 2130/2130/2130 2178/2178/2178 2179/2179/2179
f 2130/2130/2130 2179/2179/2179 2131/2131/2131
f 2131/2131/2131 2179/2179/2179 2180/2180/2180
f 2131/2131/2131 2180/2180/2180 2132/2132/2132
f 2132/2132/2132 2180/2180/2180 2181/2181/2181
f 2132/2132/2132 2181/2181/2181 2133/2133/2133
f 2133/2133/2133 2181/2181/2181 2182/2182/2182
f 2133/2133/2133 2182/2182/2182 2134/2134/2134
f 2134/2134/2134 2182/2182/2182 2183/2183/2183
f 2134/2134/2134 2183/2183/2183 2135/2135/2135
f 2135/2135/2135 2183/2183/2183 2184/2184/2184
f 2135/2135/2135 2184/2184/2184 2136/2136/2136
f 2136/2136/2136 2184/2184/2184 2185/2185/2185
f 2136/2136/2136 2185/2185/2185 2137/2137/2137
f 2137/2137/2137 2185/2185/2185 2186/2186/2186
f 2137/2137/2137 2186/2186/2186 2138/2138/2138
f 2138/2138/2138 2186/2186/2186 2187/2187/2187
f 2138/2138/2138 2187/2187/2187 2139/2139/2139
f 2139/2139/2139 2187/2187/2187 2188/2188/2188
f 2139/2139/2139 2188/2188/2188 2140/2140/2140
f 2140/2140/2140 2188/2188/2188 2189/2189/2189
f 2140/2140/2140 2189/2189/2189 2141/2141/2141
f 2141/2141/2141 2189/2189/2189 2190/2190/2190
f 2141/2141/2141 2190/2190/2190 2142/2142/2142
f 2142/2142/2142 2190/2190/2190 2191/2191/2191
f 2142/2142/2142 2191/2191/2191 2143/2143/2143
f 2143/2143/2143 2191/2191/2191 2192/2192/2192
f 2143/2143/2143 2192/2192/2192 2144/2144/2144
f 2144/2144/2144 2192/2192/2192 2193/2193/2193
f 2144/2144/2144 2193/2193/2193 2145/2145/2145
f 2145/2145/2145 2193/2193/2193 2194/2194/2194
f 2145/2145/2145 2194/2194/2194 2146/2146/2146
f 2146/2146/2146 2194/2194/2194 2195/2195/2195
f 2146/2146/2146 2195/2195/2195 2147/2147/2147
f 2147/2147/2147 2195/2195/2195 2196/2196/2196
f 2147/2147/2147 2196/2196/2196 2148/2148/2148
f 2148/2148/2148 2196/2196/2196 2197/2197/2197
f 2148/2148/2148 2197/2197/2197 2149/2149/2149
f 2149/2149/2149 2197/2197/2197 2198/2198/2198
f 2149/2149/2149 2198/2198/2198 2150/2150/2150
f 2150/2150/2150 2198/2198/2198 2199/2199/2199
f 2150/2150/2150 2199/2199/2199 2151/2151/2151
f 2151/2151/2151 2199/2199/2199 2200/2200/2200
f 2151/2151/2151 2200/2200/2200 2152/2152/2152
f 2152/2152/2152 2200/2200/2200 2201/2201/2201
f 2152/2152/2152 2201/2201/2201 2153/2153/2153
f 2153/2153/2153 2201/2201/2201 2202/2202/2202
f 2153/2153/2153 2202/2202/2202 2154/2154/2154
f 2154/2154/2154 2202/2202/2202 2203/2203/2203
f 2154/2154/2154 2203/2203/2203 2155/2155/2155
f 2155/2155/2155 2203/2203/2203 2204/2204/2204
f 2155/2155/2155 2204/2204/2204 2156/2156/2156
f 2156/2156/2156 2204/2204/2204 2205/2205/2205
f 2157/2157/2157 2206/2206/2206 2158/2158/2158
f 2158/2158/2158 2206/2206/2206 2207/2207/2207
f 2158/2158/2158 2207/2207/2207 2159/2159/2159
f 2159/2159/2159 2207/2207/2207 2208/2208/2208
f 2159/2159/2159 2208/2208/2208 2160/2160/2160
f 2160/2160/2160 2208/2208/2208 2209/2209/2209
f 2160/2160/2160 2209/2209/2209 2161/2161/2161
f 2161/2161/2161 2209/2209/2209 2210/2210/2210
f 2161/2161/2161 2210/2210/2210 2162/2162/2162
f 2162/2162/2162 2210/2210/2210 2211/2211/2211
f 2162/2162/2162 2211/2211/2211 2163/2163/2163
f 2163/2163/2163 2211/2211/2211 2212/2212/2212
f 2163/2163/2163 2212/2212/2212 2164/2164/2164
f 2164/2164/2164 2212/2212/2212 2213/2213/2213
f 2164/2164/2164 2213/2213/2213 2165/2165/2165
f 2165/2165/2165 2213/2213/2213 2214/2214/2214
f 2165/2165/2165 2214/2214/2214 2166/2166/2166
f 2166/2166/2166 2214/2214/2214 2215/2215/2215
f 2166/2166/2166 2215/2215/2215 2167/2167/2167
f 2167/2167/2167 2215/2215/2215 2216/2216/2216
f 2167/2167/2167 2216/2216/2216 2168/2168/2168
f 2168/2168/2168 2216/2216/2216 2217/2217/2217
f 2168/2168/2168 2217/2217/2217 2169/2169/2169
f 2169/2169/2169 2217/2217/2217 2218/2218/2218
f 2169/2169/2169 2218/2218/2218 2170/2170/2170
f 2170/2170/2170 2218/2218/2218 2219/2219/2219
f 2170/2170/2170 2219/2219/2219 2171/2171/2171
f 2171/2171/2171 2219/2219/2219 2220/2220/2220
f 2171/2171/2171 2220/2220/2220 2172/2172/2172
f 2172/2172/2172 2220/2220/2220 2221/2221/2221
f 2172/2172/2172 2221/2221/2221 2173/2173/2173
f 2173/2173/2173 2221/2221/2221 2222/2222/2222
f 2173/2173/2173 2222/2222/2222 2174/2174/2174
f 2174/2174/2174 2222/2222/2222 2223/2223/2223
f 2174/2174/2174 2223/2223/2223 2175/2175/2175
f 2175/2175/2175 2223/2223/2223 2224/2224/2224
f 2175/2175/2175 2224/2224/2224 2176/2176/2176
f 2176/2176/2176 2224/2224/2224 2225/2225/2225
f 2176/2176/2176 2225/2225/2225 2177/2177/2177
f 2177/2177/2177 2225/2225/2225 2226/2226/2226
f 2177/2177/2177 2226/2226/2226 2178/2178/2178
f 2178/2178/2178 2226/2226/2226 2227/2227/2227
f 2178/2178/2178 2227/2227/2227 2179/2179/2179
f 2179/2179/2179 2227/2227/2227 2228/2228/2228
f 2179/2179/2179 2228/2228/2228 2180/2180/2180
f 2180/2180/2180 2228/2228/2228 2229/2229/2229
f 2180/2180/2180 2229/2229/2229 2181/2181/2181
f 2181/2181/2181 2229/2229/2229 2230/2230/2230
f 2181/2181/2181 2230/2230/2230 2182/2182/2182
f 2182/2182/2182 2230/2230/2230 2231/2231/2231
f 2182/2182/2182 2231/2231/2231 2183/2183/2183
f 2183/2183/2183 2231/2231/2231 2232/2232/2232
f 2183/2183/2183 2232/2232/2232 2184/2184/2184
f 2184/2184/2184 2232/2232/2232 2233/2233/2233
f 2184/2184/2184 2233/2233/2233 2185/2185/2185
f 2185/2185/2185 2233/2233/2233 2234/2234/2234
f 2185/2185/2185 2234/2234/2234 2186/2186/2186
f 2186/2186/2186 2234/2234/2234 2235/2235/2235
f 2186/2186/2186 2235/2235/2235 2187/2187/2187
f 2187/2187/2187 2235/2235/2235 2236/2236/2236
f 2187/2187/2187 2236/2236/2236 2188/2188/2188
f 2188/2188/2188 2236/2236/2236 2237/2237/2237
f 2188/2188/2188 2237/2237/2237 2189/2189/2189
f 2189/2189/2189 2237/2237/2237 2238/2238/2238
f 2189/2189/2189 2238/2238/2238 2190/2190/2190
f 2190/2190/2190 2238/2238/2238 2239/2239/2239
f 2190/2190/2190 2239/2239/2239 2191/2191/2191
f 2191/2191/2191 2239/2239/2239 2240/2240/2240
f 2191/2191/2191 2240/2240/2240 2192/2192/2192
f 2192/2192/2192 2240/2240/2240 2241/2241/2241
f 2192/2192/2192 2241/2241/2241 2193/2193/2193
f 2193/2193/2193 2241/2241/2241 2242/2242/2242
f 2193/2193/2193 2242/2242/2242 2194/2194/2194
f 2194/2194/2194 2242/2242/2242 2243/2243/2243
f 2194/2194/2194 2243/2243/2243 2195/2195/2195
f 2195/2195/2195 2243/2243/2243 2244/2244/2244
f 2195/2195/2195 2244/2244/2244 2196/2196/2196
f 2196/2196/2196 2244/2244/2244 2245/2245/2245
f 2196/2196/2196 2245/2245/2245 2197/2197/2197
f 2197/2197/2197 2245/2245/2245 2246/2246/2246
f 2197/2197/2197 2246/2246/2246 2198/2198/2198
f 2198/2198/2198 2246/2246/2246 2247/2247/2247
f 2198/2198/2198 2247/2247/2247 2199/2199/2199
f 2199/2199/2199 2247/2247/2247 2248/2248/2248
f 2199/2199/2199 2248/2248/2248 2200/2200/2200
f 2200/2200/2200 2248/2248/2248 2249/2249/2249
f 2200/2200/2200 2249/2249/2249 2201/2201/2201
f 2201/2201/2201 2249/2249/2249 2250/2250/2250
f 2201/2201/2201 2250/2250/2250 2202/2202/2202
f 2202/2202/2202 2250/2250/2250 2251/2251/2251
f 2202/2202/2202 2251/2251/2251 2203/2203/2203
f 2203/2203/2203 2251/2251/2251 2252/2252/2252
f 2203/2203/2203 2252/2252/2252 2204/2204/2204
f 2204/2204/2204 2252/2252/2252 2253/2253/2253
f 2204/2204/2204 2253/2253/2253 2205/2205/2205
f 2205/2205/2205 2253/2253/2253 2254/2254/2254
f 2206/2206/2206 2255/2255/2255 2207/2207/2207
f 2207/2207/2207 2255/2255/2255 2256/2256/2256
f 2207/2207/2207 2256/2256/2256 2208/2208/2208
f 2208/2208/2208 2256/2256/2256 2257/2257/2257
f 2208/2208/2208 2257/2257/2257 2209/2209/2209
f 2209/2209/2209 2257/2257/2257 2258/2258/2258
f 2209/2209/2209 2258/2258/2258 2210/2210/2210
f 2210/2210/2210 2258/2258/2258 2259/2259/2259
f 2210/2210/2210 2259/2259/2259 2211/2211/2211
f 2211/2211/2211 2259/2259/2259 2260/2260/2260
f 2211/2211/2211 2260/2260/2260 2212/2212/2212
f 2212/2212/2212 2260/2260/2260 2261/2261/2261
f 2212/2212/2212 2261/2261/2261 2213/2213/2213
f 2213/2213/2213 2261/2261/2261 2262/2262/2262
f 2213/2213/2213 2262/2262/2262 2214/2214/2214
f 2214/2214/2214 2262/2262/2262 2263/2263/2263
f 2214/2214/2214 2263/2263/2263 2215/2215/2215
f 2215/2215/2215 2263/2263/2263 2264/2264/2264
f 2215/2215/2215 2264/2264/2264 2216/2216/2216
f 2216/2216/2216 2264/2264/2264 2265/2265/2265
f 2216/2216/2216 2265/2265/2265 2217/2217/2217
f 2217/2217/2217 2265/2265/2265 2266/2266/2266
f 2217/2217/2217 2266/2266/2266 2218/2218/2218
f 2218/2218/2218 2266/2266/2266 2267/2267/2267
f 2218/2218/2218 2267/2267/2267 2219/2219/2219
f 2219/2219/2219 2267/2267/2267 2268/2268/2268
f 2219/2219/2219 2268/2268/2268 2220/2220/2220
f 2220/2220/2220 2268/2268/2268 2269/2269/2269
f 2220/2220/2220 2269/2269/2269 2221/2221/2221
f 2221/2221/2221 2269/2269/2269 2270/2270/2270
f 2221/2221/2221 2270/2270/2270 2222/2222/2222
f 2222/2222/2222 2270/2270/2270 2271/2271/2271
f 2222/2222/2222 2271/2271/2271 2223/2223/2223
f 2223/2223/2223 2271/2271/2271 2272/2272/2272
f 2223/2223/2223 2272/2272/2272 2224/2224/2224
f 2224/2224/2224 2272/2272/2272 2273/2273/2273
f 2224/2224/2224 2273/2273/2273 2225/2225/2225
f 2225/2225/2225 2273/2273/2273 2274/2274/2274
f 2225/2225/2225 2274/2274/2274 2226/2226/2226
f 2226/2226/2226 2274/2274/2274 2275/2275/2275
f 2226/2226/2226 2275/2275/2275 2227/2227/2227
f 2227/2227/2227 2275/2275/2275 2276/2276/2276
f 2227/2227/2227 2276/2276/2276 2228/2228/2228
f 2228/2228/2228 2276/2276/2276 2277/2277/2277
f 2228/2228/2228 2277/2277/2277 2229/2229/2229
f 2229/2229/2229 2277/2277/2277 2278/2278/2278
f 2229/2229/2229 2278/2278/2278 2230/2230/2230
f 2230/2230/2230 2278/2278/2278 2279/2279/2279
f 2230/2230/2230 2279/2279/2279 2231/2231/2231
f 2231/2231/2231 2279/2279/2279 2280/2280/2280
f 2231/2231/2231 2280/2280/2280 2232/2232/2232
f 2232/2232/2232 2280/2280/2280 2281/2281/2281
f 2232/2232/2232 2281/2281/2281 2233/2233/2233
f 2233/2233/2233 2281/2281/2281 2282/2282/2282
f 2233/2233/2233 2282/2282/2282 2234/2234/2234
f 2234/2234/2234 2282/2282/2282 2283/2283/2283
f 2234/2234/2234 2283/2283/2283 2235/2235/2235
f 2235/2235/2235 2283/2283/2283 2284/2284/2284
f 2235/2235/2235 2284/2284/2284 2236/2236/2236
f 2236/2236/2236 2284/2284/2284 2285/2285/2285
f 2236/2236/2236 2285/2285/2285 2237/2237/2237
f 2237/2237/2237 2285/2285/2285 2286/2286/2286
f 2237/2237/2237 2286/2286/2286 2238/2238/2238
f 2238/2238/2238 2286/2286/2286 2287/2287/2287
f 2238/2238/2238 2287/2287/2287 2239/2239/2239
f 2239/2239/2239 2287/2287/2287 2288/2288/2288
f 2239/2239/2239 2288/2288/2288 2240/2240/2240
f 2240/2240/2240 2288/2288/2288 2289/2289/2289
f 2240/2240/2240 2289/2289/2289 2241/2241/2241
f 2241/2241/2241 2289/2289/2289 2290/2290/2290
f 2241/2241/2241 2290/2290/2290 2242/2242/2242
f 2242/2242/2242 2290/2290/2290 2291/2291/2291
f 2242/2242/2242 2291/2291/2291 2243/2243/2243
f 2243/2243/2243 2291/2291/2291 2292/2292/2292
f 2243/2243/2243 2292/2292/2292 2244/2244/2244
f 2244/2244/2244 2292/2292/2292 2293/2293/2293
f 2244/2244/2244 2293/2293/2293 2245/2245/2245
f 2245/2245/2245 2293/2293/2293 2294/2294/2294
f 2245/2245/2245 2294/2294/2294 2246/2246/2246
f 2246/2246/2246 2294/2294/2294 2295/2295/2295
f 2246/2246/2246 2295/2295/2295 2247/2247/2247
f 2247/2247/2247 2295/2295/2295 2296/2296/2296
f 2247/2247/2247 2296/2296/2296 2248/2248/2248
f 2248/2248/2248 2296/2296/2296 2297/2297/2297
f 2248/2248/2248 2297/2297/2297 2249/2249/2249
f 2249/2249/2249 2297/2297/2297 2298/2298/2298
f 2249/2249/2249 2298/2298/2298 2250/2250/2250
f 2250/2250/2250 2298/2298/2298 2299/2299/2299
f 2250/2250/2250 2299/2299/2299 2251/2251/2251
f 2251/2251/2251 2299/2299/2299 2300/2300/2300
f 2251/2251/2251 2300/2300/2300 2252/2252/2252
f 2252/2252/2252 2300/2300/2300 2301/2301/2301
f 2252/2252/2252 2301/2301/2301 2253/2253/2253
f 2253/2253/2253 2301/2301/2301 2302/2302/2302
f 2253/2253/2253 2302/2302/2302 2254/2254/2254
f 2254/2254/2254 2302/2302/2302 2303/2303/2303
f 2255/2255/2255 2304/2304/2304 2256/2256/2256
f 2256/2256/2256 2304/2304/2304 2305/2305/2305
f 2256/2256/2256 2305/2305/2305 2257/2257/2257
f 2257/2257/2257 2305/2305/2305 2306/2306/2306
f 2257/2257/2257 2306/2306/2306 2258/2258/2258
f 2258/2258/2258 2306/2306/2306 2307/2307/2307
f 2258/2258/2258 2307/2307/2307 2259/2259/2259
f 2259/2259/2259 2307/2307/2307 2308/2308/2308
f 2259/2259/2259 2308/2308/2308 2260/2260/2260
f 2260/2260/2260 2308/2308/2308 2309/2309/2309
f 2260/2260/2260 2309/2309/2309 2261/2261/2261
f 2261/2261/2261 2309/2309/2309 2310/2310/2310
f 2261/2261/2261 2310/2310/2310 2262/2262/2262
f 2262/2262/2262 2310/2310/2310 2311/2311/2311
f 2262/2262/2262 2311/2311/2311 2263/2263/2263
f 2263/2263/2263 2311/2311/2311 2312/2312/2312
f 2263/2263/2263 2312/2312/2312 2264/2264/2264
f 2264/2264/2264 2312/2312/2312 2313/2313/2313
f 2264/2264/2264 2313/2313/2313 2265/2265/2265
f 2265/2265/2265 2313/2313/2313 2314/2314/2314
f 2265/2265/2265 2314/2314/2314 2266/2266/2266
f 2266/2266/2266 2314/2314/2314 2315/2315/2315
f 2266/2266/2266 2315/2315/2315 2267/2267/2267
f 2267/2267/2267 2315/2315/2315 2316/2316/2316
f 2267/2267/2267 2316/2316/2316 2268/2268/2268
f 2268/2268/2268 2316/2316/2316 2317/2317/2317
f 2268/2268/2268 2317/2317/2317 2269/2269/2269
f 2269/2269/2269 2317/2317/2317 2318/2318/2318
f 2269/2269/2269 2318/2318/2318 2270/2270/2270
f 2270/2270/2270 2318/2318/2318 2319/2319/2319
f 2270/2270/2270 2319/2319/2319 2271/2271/2271
f 2271/2271/2271 2319/2319/2319 2320/2320/2320
f 2271/2271/2271 2320/2320/2320 2272/2272/2272
f 2272/2272/2272 2320/2320/2320 2321/2321/2321
f 2272/2272/2272 2321/2321/2321 2273/2273/2273
f 2273/2273/2273 2321/2321/2321 2322/2322/2322
f 2273/2273/2273 2322/2322/2322 2274/2274/2274
f 2274/2274/2274 2322/2322/2322 2323/2323/2323
f 2274/2274/2274 2323/2323/2323 2275/2275/2275
f 2275/2275/2275 2323/2323/2323 2324/2324/2324
f 2275/2275/2275 2324/2324/2324 2276/2276/2276
f 2276/2276/2276 2324/2324/2324 2325/2325/2325
f 2276/2276/2276 2325/2325/2325 2277/2277/2277
f 2277/2277/2277 2325/2325/2325 2326/2326/2326
f 2277/2277/2277 2326/2326/2326 2278/2278/2278
f 2278/2278/2278 2326/2326/2326 2327/2327/2327
f 2278/2278/2278 2327/2327/2327 2279/2279/2279
f 2279/2279/2279 2327/2327/2327 2328/2328/2328
f 2279/2279/2279 2328/2328/2328 2280/2280/2280
f 2280/2280/2280 2328/2328/2328 2329/2329/2329
f 2280/2280/2280 2329/2329/2329 2281/2281/2281
f 2281/2281/2281 2329/2329/2329 2330/2330/2330
f 2281/2281/2281 2330/2330/2330 2282/2282/2282
f 2282/2282/2282 2330/2330/2330 2331/2331/2331
f 2282/2282/2282 2331/2331/2331 2283/2283/2283
f 2283/2283/2283 2331/2331/2331 2332/2332/2332
f 2283/2283/2283 2332/2332/2332 2284/2284/2284
f 2284/2284/2284 2332/2332/2332 2333/2333/2333
f 2284/2284/2284 2333/2333/2333 2285/2285/2285
f 2285/2285/2285 2333/2333/2333 2334/2334/2334
f 2285/2285/2285 2334/2334/2334 2286/2286/2286
f 2286/2286/2286 2334/2334/2334 2335/2335/2335
f 2286/2286/2286 2335/2335/2335 2287/2287/2287
f 2287/2287/2287 2335/2335/2335 2336/2336/2336
f 2287/2287/2287 2336/2336/2336 2288/2288/2288
f 2288/2288/2288 2336/2336/2336 2337/2337/2337
f 2288/2288/2288 2337/2337/2337 2289/2289/2289
f 2289/2289/2289 2337/2337/2337 2338/2338/2338
f 2289/2289/2289 2338/2338/2338 2290/2290/2290
f 2290/2290/2290 2338/2338/2338 2339/2339/2339
f 2290/2290/2290 2339/2339/2339 2291/2291/2291
f 2291/2291/2291 2339/2339/2339 2340/2340/2340
f 2291/2291/2291 2340/2340/2340 2292/2292/2292
f 2292/2292/2292 2340/2340/2340 2341/2341/2341
f 2292/2292/2292 2341/2341/2341 2293/2293/2293
f 2293/2293/2293 2341/2341/2341 2342/2342/2342
f 2293/2293/2293 2342/2342/2342 2294/2294/2294
f 2294/2294/2294 2342/2342/2342 2343/2343/2343
f 2294/2294/2294 2343/2343/2343 2295/2295/2295
f 2295/2295/2295 2343/2343/2343 2344/2344/2344
f 2295/2295/2295 2344/2344/2344 2296/2296/2296
f 2296/2296/2296 2344/2344/2344 2345/2345/2345
f 2296/2296/2296 2345/2345/2345 2297/2297/2297
f 2297/2297/2297 2345/2345/2345 2346/2346/2346
f 2297/2297/2297 2346/2346/2346 2298/2298/2298
f 2298/2298/2298 2346/2346/2346 2347/2347/2347
f 2298/2298/2298 2347/2347/2347 2299/2299/2299
f 2299/2299/2299 2347/2347/2347 2348/2348/2348
f 2299/2299/2299 2348/2348/2348 2300/2300/2300
f 2300/2300/2300 2348/2348/2348 2349/2349/2349
f 2300/2300/2300 2349/2349/2349 2301/2301/2301
f 2301/2301/2301 2349/2349/2349 2350/2350/2350
f 2301/2301/2301 2350/2350/2350 2302/2302/2302
f 2302/2302/2302 2350/2350/2350 2351/2351/2351
f 2302/2302/2302 2351/2351/2351 2303/2303/2303
f 2303/2303/2303 2351/2351/2351 2352/2352/2352
f 2304/2304/2304 2353/2353/2353 2305/2305/2305
f 2305/2305/2305 2353/2353/2353 2354/2354/2354
f 2305/2305/2305 2354/2354/2354 2306/2306/2306
f 2306/2306/2306 2354/2354/2354 2355/2355/2355
f 2306/2306/2306 2355/2355/2355 2307/2307/2307
f 2307/2307/2307 2355/2355/2355 2356/2356/2356
f 2307/2307/2307 2356/2356/2356 2308/2308/2308
f 2308/2308/2308 2356/2356/2356 2357/2357/2357
f 2308/2308/2308 2357/2357/2357 2309/2309/2309
f 2309/2309/2309 2357/2357/2357 2358/2358/2358
f 2309/2309/2309 2358/2358/2358 2310/2310/2310
f 2310/2310/2310 2358/2358/2358 2359/2359/2359
f 2310/2310/2310 2359/2359/2359 2311/2311/2311
f 2311/2311/2311 2359/2359/2359 2360/2360/2360
f 2311/2311/2311 2360/2360/2360 2312/2312/2312
f 2312/2312/2312 2360/2360/2360 2361/2361/2361
f 2312/2312/2312 2361/2361/2361 2313/2313/2313
f 2313/2313/2313 2361/2361/2361 2362/2362/2362
f 2313/2313/2313 2362/2362/2362 2314/2314/2314
f 2314/2314/2314 2362/2362/2362 2363/2363/2363
f 2314/2314/2314 2363/2363/2363 2315/2315/2315
f 2315/2315/2315 2363/2363/2363 2364/2364/2364
f 2315/2315/2315 2364/2364/2364 2316/2316/2316
f 2316/2316/2316 2364/2364/2364 2365/2365/2365
f 2316/2316/2316 2365/2365/2365 2317/2317/2317
f 2317/2317/2317 2365/2365/2365 2366/2366/2366
f 2317/2317/2317 2366/2366/2366 2318/2318/2318
f 2318/2318/2318 2366/2366/2366 2367/2367/2367
f 2318/2318/2318 2367/2367/2367 2319/2319/2319
f 2319/2319/2319 2367/2367/2367 2368/2368/2368
f 2319/2319/2319 2368/2368/2368 2320/2320/2320
f 2320/2320/2320 2368/2368/2368 2369/2369/2369
f 2320/2320/2320 2369/2369/2369 2321/2321/2321
f 2321/2321/2321 2369/2369/2369 2370/2370/2370
f 2321/2321/2321 2370/2370/2370 2322/2322/2322
f 2322/2322/2322 2370/2370/2370 2371/2371/2371
f 2322/2322/2322 2371/2371/2371 2323/2323/2323
f 2323/2323/2323 2371/2371/2371 2372/2372/2372
f 2323/2323/2323 2372/2372/2372 2324/2324/2324
f 2324/2324/2324 2372/2372/2372 2373/2373/2373
f 2324/2324/2324 2373/2373/2373 2325/2325/2325
f 2325/2325/2325 2373/2373/2373 2374/2374/2374
f 2325/2325/2325 2374/2374/2374 2326/2326/2326
f 2326/2326/2326 2374/2374/2374 2375/2375/2375
f 2326/2326/2326 2375/2375/2375 2327/2327/2327
f 2327/2327/2327 2375/2375/2375 2376/2376/2376
f 2327/2327/2327 2376/2376/2376 2328/2328/2328
f 2328/2328/2328 2376/2376/2376 2377/2377/2377
f 2328/2328/2328 2377/2377/2377 2329/2329/2329
f 2329/2329/2329 2377/2377/2377 2378/2378/2378
f 2329/2329/2329 2378/2378/2378 2330/2330/2330
f 2330/2330/2330 2378/2378/2378 2379/2379/2379
f 2330/2330/2330 2379/2379/2379 2331/2331/2331
f 2331/2331/2331 2379/2379/2379 2380/2380/2380
f 2331/2331/2331 2380/2380/2380 2332/2332/2332
f 2332/2332/2332 2380/2380/2380 2381/2381/2381
f 2332/2332/2332 2381/2381/2381 2333/2333/2333
f 2333/2333/2333 2381/2381/2381 2382/2382/2382
f 2333/2333/2333 2382/2382/2382 2334/2334/2334
f 2334/2334/2334 2382/2382/2382 2383/2383/2383
f 2334/2334/2334 2383/2383/2383 2335/2335/2335
f 2335/2335/2335 2383/2383/2383 2384/2384/2384
f 2335/2335/2335 2384/2384/2384 2336/2336/2336
f 2336/2336/2336 2384/2384/2384 2385/2385/2385
f 2336/2336/2336 2385/2385/2385 2337/2337/2337
f 2337/2337/2337 2385/2385/2385 2386/2386/2386
f 2337/2337/2337 2386/2386/2386 2338/2338/2338
f 2338/2338/2338 2386/2386/2386 2387/2387/2387
f 2338/2338/2338 2387/2387/2387 2339/2339/2339
f 2339/2339/2339 2387/2387/2387 2388/2388/2388
f 2339/2339/2339 2388/2388/2388 2340/2340/2340
f 2340/2340/2340 2388/2388/2388 2389/2389/2389
f 2340/2340/2340 2389/2389/2389 2341/2341/2341
f 2341/2341/2341 2389/2389/2389 2390/2390/2390
f 2341/2341/2341 2390/2390/2390 2342/2342/2342
f 2342/2342/2342 2390/2390/2390 2391/2391/2391
f 2342/2342/2342 2391/2391/2391 2343/2343/2343
f 2343/2343/2343 2391/2391/2391 2392/2392/2392
f 2343/2343/2343 2392/2392/2392 2344/2344/2344
f 2344/2344/2344 2392/2392/2392 2393/2393/2393
f 2344/2344/2344 2393/2393/2393 2345/2345/2345
f 2345/2345/2345 2393/2393/2393 2394/2394/2394
f 2345/2345/2345 2394/2394/2394 2346/2346/2346
f 2346/2346/2346 2394/2394/2394 2395/2395/2395
f 2346/2346/2346 2395/2395/2395 2347/2347/2347
f 2347/2347/2347 2395/2395/2395 2396/2396/2396
f 2347/2347/2347 2396/2396/2396 2348/2348/2348
f 2348/2348/2348 2396/2396/2396 2397/2397/2397
f 2348/2348/2348 2397/2397/2397 2349/2349/2349
f 2349/2349/2349 2397/2397/2397 2398/2398/2398
f 2349/2349/2349 2398/2398/2398 2350/2350/2350
f 2350/2350/2350 2398/2398/2398 2399/2399/2399
f 2350/2350/2350 2399/2399/2399 2351/2351/2351
f 2351/2351/2351 2399/2399/2399 2400/2400/2400
f 2351/2351/2351 2400/2400/2400 2352/2352/2352
f 2352/2352/2352 2400/2400/2400 2401/2401/2401
f 2402/2402/2402 2403/2403/2403 2404/2404/2404
f 2402/2402/2402 2404/2404/2404 2405/2405/2405
f 2402/2402/2402 2405/2405/2405 2406/2406/2406
f 2402/2402/2402 2406/2406/2406 2403/2403/2403
f 2407/2407/2407 2404/2404/2404 2403/2403/2403
f 2407/2407/2407 2405/2405/2405 2404/2404/2404
f 2407/2407/2407 2406/2406/2406 2405/2405/2405
f 2407/2407/2407 2403/2403/2403 2406/2406/2406
f 2408/2408/2408 2409/2409/2409 2410/2410/2410
f 2408/2408/2408 2410/2410/2410 2411/2411/2411
f 2408/2408/2408 2411/2411/2411 2412/2412/2412
f 2408/2408/2408 2412/2412/2412 2409/2409/2409
f 2413/2413/2413 2410/2410/2410 2409/2409/2409
f 2413/2413/2413 2411/2411/2411 2410/2410/2410
f 2413/2413/2413 2412/2412/2412 2411/2411/2411
f 2413/2413/2413 2409/2409/2409 2412/2412/2412
f 2414/2414/2414 2415/2415/2415 2416/2416/2416
f 2414/2414/2414 2416/2416/2416 2417/2417/2417
f 2414/2414/2414 2417/2417/2417 2418/2418/2418
f 2414/2414/2414 2418/2418/2418 2415/2415/2415
f 2419/2419/2419 2416/2416/2416 2415/2415/2415
f 2419/2419/2419 2417/2417/2417 2416/2416/2416
f 2419/2419/2419 2418/2418/2418 2417/2417/2417
f 2419/2419/2419 2415/2415/2415 2418/2418/2418
f 2420/2420/2420 2421/2421/2421 2422/2422/2422
f 2420/2420/2420 2422/2422/2422 2423/2423/2423
f 2420/2420/2420 2423/2423/2423 2424/2424/2424
f 2420/2420/2420 2424/2424/2424 2421/2421/2421
f 2425/2425/2425 2422/2422/2422 2421/2421/2421
f 2425/2425/2425 2423/2423/2423 2422/2422/2422
f 2425/2425/2425 2424/2424/2424 2423/2423/2423
f 2425/2425/2425 2421/2421/2421 2424/2424/2424
f 2426/2426/2426 2427/2427/2427 2428/2428/2428
f 2426/2426/2426 2428/2428/2428 2429/2429/2429
f 2426/2426/2426 2429/2429/2429 2430/2430/2430
f 2426/2426/2426 2430/2430/2430 2427/2427/2427
f 2431/2431/2431 2428/2428/2428 2427/2427/2427
f 2431/2431/2431 2429/2429/2429 2428/2428/2428
f 2431/2431/2431 2430/2430/2430 2429/2429/2429
f 2431/2431/2431 2427/2427/2427 2430/2430/2430
f 2432/2432/2432 2433/2433/2433 2434/2434/2434
f 2432/2432/2432 2434/2434/2434 2435/2435/2435
f 2432/2432/2432 2435/2435/2435 2436/2436/2436
f 2432/2432/2432 2436/2436/2436 2433/2433/2433
f 2437/2437/2437 2434/2434/2434 2433/2433/2433
f 2437/2437/2437 2435/2435/2435 2434/2434/2434
f 2437/2437/2437 2436/2436/2436 2435/2435/2435
f 2437/2437/2437 2433/2433/2433 2436/2436/2436
f 2438/2438/2438 2439/2439/2439 2440/2440/2440
f 2438/2438/2438 2440/2440/2440 2441/2441/2441
f 2438/2438/2438 2441/2441/2441 2442/2442/2442
f 2438/2438/2438 2442/2442/2442 2439/2439/2439
f 2443/2443/2443 2440/2440/2440 2439/2439/2439
f 2443/2443/2443 2441/2441/2441 2440/2440/2440
f 2443/2443/2443 2442/2442/2442 2441/2441/2441
f 2443/2443/2443 2439/2439/2439 2442/2442/2442
f 2444/2444/2444 2445/2445/2445 2446/2446/2446
f 2444/2444/2444 2446/2446/2446 2447/2447/2447
f 2444/2444/2444 2447/2447/2447 2448/2448/2448
f 2444/2444/2444 2448/2448/2448 2445/2445/2445
f 2449/2449/2449 2446/2446/2446 2445/2445/2445
f 2449/2449/2449 2447/2447/2447 2446/2446/2446
f 2449/2449/2449 2448/2448/2448 2447/2447/2447
f 2449/2449/2449 2445/2445/2445 2448/2448/2448
f 2450/2450/2450 2451/2451/2451 2452/2452/2452
f 2450/2450/2450 2452/2452/2452 2453/2453/2453
f 2450/2450/2450 2453/2453/2453 2454/2454/2454
f 2450/2450/2450 2454/2454/2454 2451/2451/2451
f 2455/2455/2455 2452/2452/2452 2451/2451/2451
f 2455/2455/2455 2453/2453/2453 2452/2452/2452
f 2455/2455/2455 2454/2454/2454 2453/2453/2453
f 2455/2455/2455 2451/2451/2451 2454/2454/2454
f 2456/2456/2456 2457/2457/2457 2458/2458/2458
f 2456/2456/2456 2458/2458/2458 2459/2459/2459
f 2456/2456/2456 2459/2459/2459 2460/2460/2460
f 2456/2456/2456 2460/2460/2460 2457/2457/2457
f 2461/2461/2461 2458/2458/2458 2457/2457/2457
f 2461/2461/2461 2459/2459/2459 2458/2458/2458
f 2461/2461/2461 2460/2460/2460 2459/2459/2459
f 2461/2461/2461 2457/2457/2457 2460/2460/2460
f 2462/2462/2462 2463/2463/2463 2464/2464/2464
f 2462/2462/2462 2464/2464/2464 2465/2465/2465
f 2462/2462/2462 2465/2465/2465 2466/2466/2466
f 2462/2462/2462 2466/2466/2466 2463/2463/2463
f 2467/2467/2467 2464/2464/2464 2463/2463/2463
f 2467/2467/2467 2465/2465/2465 2464/2464/2464
f 2467/2467/2467 2466/2466/2466 2465/2465/2465
f 2467/2467/2467 2463/2463/2463 2466/2466/2466
f 2468/2468/2468 2469/2469/2469 2470/2470/2470
f 2468/2468/2468 2470/2470/2470 2471/2471/2471
f 2468/2468/2468 2471/2471/2471 2472/2472/2472
f 2468/2468/2468 2472/2472/2472 2469/2469/2469
f 2473/2473/2473 2470/2470/2470 2469/2469/2469
f 2473/2473/2473 2471/2471/2471 2470/2470/2470
f 2473/2473/2473 2472/2472/2472 2471/2471/2471
f 2473/2473/2473 2469/2469/2469 2472/2472/2472
f 2474/2474/2474 2475/2475/2475 2476/2476/2476
f 2474/2474/2474 2476/2476/2476 2477/2477/2477
f 2474/2474/2474 2477/2477/2477 2478/2478/2478
f 2474/2474/2474 2478/2478/2478 2475/2475/2475
f 2479/2479/2479 2476/2476/2476 2475/2475/2475
f 2479/2479/2479 2477/2477/2477 2476/2476/2476
f 2479/2479/2479 2478/2478/2478 2477/2477/2477
f 2479/2479/2479 2475/2475/2475 2478/2478/2478
f 2480/2480/2480 2481/2481/2481 2482/2482/2482
f 2480/2480/2480 2482/2482/2482 2483/2483/2483
f 2480/2480/2480 2483/2483/2483 2484/2484/2484
f 2480/2480/2480 2484/2484/2484 2481/2481/2481
f 2485/2485/2485 2482/2482/2482 2481/2481/2481
f 2485/2485/2485 2483/2483/2483 2482/2482/2482
f 2485/2485/2485 2484/2484/2484 2483/2483/2483
f 2485/2485/2485 2481/2481/2481 2484/2484/2484
f 2486/2486/2486 2487/2487/2487 2488/2488/2488
f 2486/2486/2486 2488/2488/2488 2489/2489/2489
f 2486/2486/2486 2489/2489/2489 2490/2490/2490
f 2486/2486/2486 2490/2490/2490 2487/2487/2487
f 2491/2491/2491 2488/2488/2488 2487/2487/2487
f 2491/2491/2491 2489/2489/2489 2488/2488/2488
f 2491/2491/2491 2490/2490/2490 2489/2489/2489
f 2491/2491/2491 2487/2487/2487 2490/2490/2490
f 2492/2492/2492 2493/2493/2493 2494/2494/2494
f 2492/2492/2492 2494/2494/2494 2495/2495/2495
f 2492/2492/2492 2495/2495/2495 2496/2496/2496
f 2492/2492/2492 2496/2496/2496 2493/2493/2493
f 2497/2497/2497 2494/2494/2494 2493/2493/2493
f 2497/2497/2497 2495/2495/2495 2494/2494/2494
f 2497/2497/2497 2496/2496/2496 2495/2495/2495
f 2497/2497/2497 2493/2493/2493 2496/2496/2496
f 2498/2498/2498 2499/2499/2499 2500/2500/2500
f 2498/2498/2498 2500/2500/2500 2501/2501/2501
f 2498/2498/2498 2501/2501/2501 2502/2502/2502
f 2498/2498/2498 2502/2502/2502 2499/2499/2499
f 2503/2503/2503 2500/2500/2500 2499/2499/2499
f 2503/2503/2503 2501/2501/2501 2500/2500/2500
f 2503/2503/2503 2502/2502/2502 2501/2501/2501
f 2503/2503/2503 2499/2499/2499 2502/2502/2502
f 2504/2504/2504 2505/2505/2505 2506/2506/2506
f 2504/2504/2504 2506/2506/2506 2507/2507/2507
f 2504/2504/2504 2507/2507/2507 2508/2508/2508
f 2504/2504/2504 2508/2508/2508 2505/2505/2505
f 2509/2509/2509 2506/2506/2506 2505/2505/2505
f 2509/2509/2509 2507/2507/2507 2506/2506/2506
f 2509/2509/2509 2508/2508/2508 2507/2507/2507
f 2509/2509/2509 2505/2505/2505 2508/2508/2508
f 2510/2510/2510 2511/2511/2511 2512/2512/2512
f 2510/2510/2510 2512/2512/2512 2513/2513/2513
f 2510/2510/2510 2513/2513/2513 2514/2514/2514
f 2510/2510/2510 2514/2514/2514 2511/2511/2511
f 2515/2515/2515 2512/2512/2512 2511/2511/2511
f 2515/2515/2515 2513/2513/2513 2512/2512/2512
f 2515/2515/2515 2514/2514/2514 2513/2513/2513
f 2515/2515/2515 2511/2511/2511 2514/2514/2514
f 2516/2516/2516 2517/2517/2517 2518/2518/2518
f 2516/2516/2516 2518/2518/2518 2519/2519/2519
f 2516/2516/2516 2519/2519/2519 2520/2520/2520
f 2516/2516/2516 2520/2520/2520 2517/2517/2517
f 2521/2521/2521 2518/2518/2518 2517/2517/2517
f 2521/2521/2521 2519/2519/2519 2518/2518/2518
f 2521/2521/2521 2520/2520/2520 2519/2519/2519
f 2521/2521/2521 2517/2517/2517 2520/2520/2520
f 2522/2522/2522 2523/2523/2523 2524/2524/2524
f 2522/2522/2522 2524/2524/2524 2525/2525/2525
f 2522/2522/2522 2525/2525/2525 2526/2526/2526
f 2522/2522/2522 2526/2526/2526 2523/2523/2523
f 2527/2527/2527 2524/2524/2524 2523/2523/2523
f 2527/2527/2527 2525/2525/2525 2524/2524/2524
f 2527/2527/2527 2526/2526/2526 2525/2525/2525
f 2527/2527/2527 2523/2523/2523 2526/2526/2526
f 2528/2528/2528 2529/2529/2529 2530/2530/2530
f 2528/2528/2528 2530/2530/2530 2531/2531/2531
f 2528/2528/2528 2531/2531/2531 2532/2532/2532
f 2528/2528/2528 2532/2532/2532 2529/2529/2529
f 2533/2533/2533 2530/2530/2530 2529/2529/2529
f 2533/2533/2533 2531/2531/2531 2530/2530/2530
f 2533/2533/2533 2532/2532/2532 2531/2531/2531
f 2533/2533/2533 2529/2529/2529 2532/2532/2532
f 2534/2534/2534 2535/2535/2535 2536/2536/2536
f 2534/2534/2534 2536/2536/2536 2537/2537/2537
f 2534/2534/2534 2537/2537/2537 2538/2538/2538
f 2534/2534/2534 2538/2538/2538 2535/2535/2535
f 2539/2539/2539 2536/2536/2536 2535/2535/2535
f 2539/2539/2539 2537/2537/2537 2536/2536/2536
f 2539/2539/2539 2538/2538/2538 2537/2537/2537
f 2539/2539/2539 2535/2535/2535 2538/2538/2538
f 2540/2540/2540 2541/2541/2541 2542/2542/2542
f 2540/2540/2540 2542/2542/2542 2543/2543/2543
f 2540/2540/2540 2543/2543/2543 2544/2544/2544
f 2540/2540/2540 2544/2544/2544 2541/2541/2541
f 2545/2545/2545 2542/2542/2542 2541/2541/2541
f 2545/2545/2545 2543/2543/2543 2542/2542/2542
f 2545/2545/2545 2544/2544/2544 2543/2543/2543
f 2545/2545/2545 2541/2541/2541 2544/2544/2544
f 2546/2546/2546 2547/2547/2547 2548/2548/2548
f 2546/2546/2546 2548/2548/2548 2549/2549/2549
f 2546/2546/2546 2549/2549/2549 2550/2550/2550
f 2546/2546/2546 2550/2550/2550 2547/2547/2547
f 2551/2551/2551 2548/2548/2548 2547/2547/2547
f 2551/2551/2551 2549/2549/2549 2548/2548/2548
f 2551/2551/2551 2550/2550/2550 2549/2549/2549
f 2551/2551/2551 2547/2547/2547 2550/2550/2550
f 2552/2552/2552 2553/2553/2553 2554/2554/2554
f 2552/2552/2552 2554/2554/2554 2555/2555/2555
f 2552/2552/2552 2555/2555/2555 2556/2556/2556
f 2552/2552/2552 2556/2556/2556 2553/2553/2553
f 2557/2557/2557 2554/2554/2554 2553/2553/2553
f 2557/2557/2557 2555/2555/2555 2554/2554/2554
f 2557/2557/2557 2556/2556/2556 2555/2555/2555
f 2557/2557/2557 2553/2553/2553 2556/2556/2556
f 2558/2558/2558 2559/2559/2559 2560/2560/2560
f 2558/2558/2558 2560/2560/2560 2561/2561/2561
f 2558/2558/2558 2561/2561/2561 2562/2562/2562
f 2558/2558/2558 2562/2562/2562 2559/2559/2559
f 2563/2563/2563 2560/2560/2560 2559/2559/2559
f 2563/2563/2563 2561/2561/2561 2560/2560/2560
f 2563/2563/2563 2562/2562/2562 2561/2561/2561
f 2563/2563/2563 2559/2559/2559 2562/2562/2562
f 2564/2564/2564 2565/2565/2565 2566/2566/2566
f 2564/2564/2564 2566/2566/2566 2567/2567/2567
f 2564/2564/2564 2567/2567/2567 2568/2568/2568
f 2564/2564/2564 2568/2568/2568 2565/2565/2565
f 2569/2569/2569 2566/2566/2566 2565/2565/2565
f 2569/2569/2569 2567/2567/2567 2566/2566/2566
f 2569/2569/2569 2568/2568/2568 2567/2567/2567
f 2569/2569/2569 2565/2565/2565 2568/2568/2568
f 2570/2570/2570 2571/2571/2571 2572/2572/2572
f 2570/2570/2570 2572/2572/2572 2573/2573/2573
f 2570/2570/2570 2573/2573/2573 2574/2574/2574
f 2570/2570/2570 2574/2574/2574 2571/2571/2571
f 2575/2575/2575 2572/2572/2572 2571/2571/2571
f 2575/2575/2575 2573/2573/2573 2572/2572/2572
f 2575/2575/2575 2574/2574/2574 2573/2573/2573
f 2575/2575/2575 2571/2571/2571 2574/2574/2574
f 2576/2576/2576 2577/2577/2577 2578/2578/2578
f 2576/2576/2576 2578/2578/2578 2579/2579/2579
f 2576/2576/2576 2579/2579/2579 2580/2580/2580
f 2576/2576/2576 2580/2580/2580 2577/2577/2577
f 2581/2581/2581 2578/2578/2578 2577/2577/2577
f 2581/2581/2581 2579/2579/2579 2578/2578/2578
f 2581/2581/2581 2580/2580/2580 2579/2579/2579
f 2581/2581/2581 2577/2577/2577 2580/2580/2580
f 2582/2582/2582 2583/2583/2583 2584/2584/2584
f 2582/2582/2582 2584/2584/2584 2585/2585/2585
f 2582/2582/2582 2585/2585/2585 2586/2586/2586
f 2582/2582/2582 2586/2586/2586 2583/2583/2583
f 2587/2587/2587 2584/2584/2584 2583/2583/2583
f 2587/2587/2587 2585/2585/2585 2584/2584/2584
f 2587/2587/2587 2586/2586/2586 2585/2585/2585
f 2587/2587/2587 2583/2583/2583 2586/2586/2586
f 2588/2588/2588 2589/2589/2589 2590/2590/2590
f 2588/2588/2588 2590/2590/2590 2591/2591/2591
f 2588/2588/2588 2591/2591/2591 2592/2592/2592
f 2588/2588/2588 2592/2592/2592 2589/2589/2589
f 2593/2593/2593 2590/2590/2590 2589/2589/2589
f 2593/2593/2593 2591/2591/2591 2590/2590/2590
f 2593/2593/2593 2592/2592/2592 2591/2591/2591
f 2593/2593/2593 2589/2589/2589 2592/2592/2592
f 2594/2594/2594 2595/2595/2595 2596/2596/2596
f 2594/2594/2594 2596/2596/2596 2597/2597/2597
f 2594/2594/2594 2597/2597/2597 2598/2598/2598
f 2594/2594/2594 2598/2598/2598 2595/2595/2595
f 2599/2599/2599 2596/2596/2596 2595/2595/2595
f 2599/2599/2599 2597/2597/2597 2596/2596/2596
f 2599/2599/2599 2598/2598/2598 2597/2597/2597
f 2599/2599/2599 2595/2595/2595 2598/2598/2598
f 2600/2600/2600 2601/2601/2601 2602/2602/2602
f 2600/2600/2600 2602/2602/2602 2603/2603/2603
f 2600/2600/2600 2603/2603/2603 2604/2604/2604
f 2600/2600/2600 2604/2604/2604 2601/2601/2601
f 2605/2605/2605 2602/2602/2602 2601/2601/2601
f 2605/2605/2605 2603/2603/2603 2602/2602/2602
f 2605/2605/2605 2604/2604/2604 2603/2603/2603
f 2605/2605/2605 2601/2601/2601 2604/2604/2604
f 2606/2606/2606 2607/2607/2607 2608/2608/2608
f 2606/2606/2606 2608/2608/2608 2609/2609/2609
f 2606/2606/2606 2609/2609/2609 2610/2610/2610
f 2606/2606/2606 2610/2610/2610 2607/2607/2607
f 2611/2611/2611 2608/2608/2608 2607/2607/2607
f 2611/2611/2611 2609/2609/2609 2608/2608/2608
f 2611/2611/2611 2610/2610/2610 2609/2609/2609
f 2611/2611/2611 2607/2607/2607 2610/2610/2610
f 2612/2612/2612 2613/2613/2613 2614/2614/2614
f 2612/2612/2612 2614/2614/2614 2615/2615/2615
f 2612/2612/2612 2615/2615/2615 2616/2616/2616
f 2612/2612/2612 2616/2616/2616 2613/2613/2613
f 2617/2617/2617 2614/2614/2614 2613/2613/2613
f 2617/2617/2617 2615/2615/2615 2614/2614/2614
f 2617/2617/2617 2616/2616/2616 2615/2615/2615
f 2617/2617/2617 2613/2613/2613 2616/2616/2616
f 2618/2618/2618 2619/2619/2619 2620/2620/2620
f 2618/2618/2618 2620/2620/2620 2621/2621/2621
f 2618/2618/2618 2621/2621/2621 2622/2622/2622
f 2618/2618/2618 2622/2622/2622 2619/2619/2619
f 2623/2623/2623 2620/2620/2620 2619/2619/2619
f 2623/2623/2623 2621/2621/2621 2620/2620/2620
f 2623/2623/2623 2622/2622/2622 2621/2621/2621
f 2623/2623/2623 2619/2619/2619 2622/2622/2622
f 2624/2624/2624 2625/2625/2625 2626/2626/2626
f 2624/2624/2624 2626/2626/2626 2627/2627/2627
f 2624/2624/2624 2627/2627/2627 2628/2628/2628
f 2624/2624/2624 2628/2628/2628 2625/2625/2625
f 2629/2629/2629 2626/2626/2626 2625/2625/2625
f 2629/2629/2629 2627/2627/2627 2626/2626/2626
f 2629/2629/2629 2628/2628/2628 2627/2627/2627
f 2629/2629/2629 2625/2625/2625 2628/2628/2628
f 2630/2630/2630 2631/2631/2631 2632/2632/2632
f 2630/2630/2630 2632/2632/2632 2633/2633/2633
f 2630/2630/2630 2633/2633/2633 2634/2634/2634
f 2630/2630/2630 2634/2634/2634 2631/2631/2631
f 2635/2635/2635 2632/2632/2632 2631/2631/2631
f 2635/2635/2635 2633/2633/2633 2632/2632/2632
f 2635/2635/2635 2634/2634/2634 2633/2633/2633
f 2635/2635/2635 2631/2631/2631 2634/2634/2634
f 2636/2636/2636 2637/2637/2637 2638/2638/2638
f 2636/2636/2636 2638/2638/2638 2639/2639/2639
f 2636/2636/2636 2639/2639/2639 2640/2640/2640
f 2636/2636/2636 2640/2640/2640 2637/2637/2637
f 2641/2641/2641 2638/2638/2638 2637/2637/2637
f 2641/2641/2641 2639/2639/2639 2638/2638/2638
f 2641/2641/2641 2640/2640/2640 2639/2639/2639
f 2641/2641/2641 2637/2637/2637 2640/2640/2640
f 2642/2642/2642 2643/2643/2643 2644/2644/2644
f 2642/2642/2642 2644/2644/2644 2645/2645/2645
f 2642/2642/2642 2645/2645/2645 2646/2646/2646
f 2642/2642/2642 2646/2646/2646 2643/2643/2643
f 2647/2647/2647 2644/2644/2644 2643/2643/2643
f 2647/2647/2647 2645/2645/2645 2644/2644/2644
f 2647/2647/2647 2646/2646/2646 2645/2645/2645
f 2647/2647/2647 2643/2643/2643 2646/2646/2646
f 2648/2648/2648 2649/2649/2649 2650/2650/2650
f 2648/2648/2648 2650/2650/2650 2651/2651/2651
f 2648/2648/2648 2651/2651/2651 2652/2652/2652
f 2648/2648/2648 2652/2652/2652 2649/2649/2649
f 2653/2653/2653 2650/2650/2650 2649/2649/2649
f 2653/2653/2653 2651/2651/2651 2650/2650/2650
f 2653/2653/2653 2652/2652/2652 2651/2651/2651
f 2653/2653/2653 2649/2649/2649 2652/2652/2652
f 2654/2654/2654 2655/2655/2655 2656/2656/2656
f 2654/2654/2654 2656/2656/2656 2657/2657/2657
f 2654/2654/2654 2657/2657/2657 2658/2658/2658
f 2654/2654/2654 2658/2658/2658 2655/2655/2655
f 2659/2659/2659 2656/2656/2656 2655/2655/2655
f 2659/2659/2659 2657/2657/2657 2656/2656/2656
f 2659/2659/2659 2658/2658/2658 2657/2657/2657
f 2659/2659/2659 2655/2655/2655 2658/2658/2658
f 2660/2660/2660 2661/2661/2661 2662/2662/2662
f 2660/2660/2660 2662/2662/2662 2663/2663/2663
f 2660/2660/2660 2663/2663/2663 2664/2664/2664
f 2660/2660/2660 2664/2664/2664 2661/2661/2661
f 2665/2665/2665 2662/2662/2662 2661/2661/2661
f 2665/2665/2665 2663/2663/2663 2662/2662/2662
f 2665/2665/2665 2664/2664/2664 2663/2663/2663
f 2665/2665/2665 2661/2661/2661 2664/2664/2664
f 2666/2666/2666 2667/2667/2667 2668/2668/2668
f 2666/2666/2666 2668/2668/2668 2669/2669/2669
f 2666/2666/2666 2669/2669/2669 2670/2670/2670
f 2666/2666/2666 2670/2670/2670 2667/2667/2667
f 2671/2671/2671 2668/2668/2668 2667/2667/2667
f 2671/2671/2671 2669/2669/2669 2668/2668/2668
f 2671/2671/2671 2670/2670/2670 2669/2669/2669
f 2671/2671/2671 2667/2667/2667 2670/2670/2670
f 2672/2672/2672 2673/2673/2673 2674/2674/2674
f 2672/2672/2672 2674/2674/2674 2675/2675/2675
f 2672/2672/2672 2675/2675/2675 2676/2676/2676
f 2672/2672/2672 2676/2676/2676 2673/2673/2673
f 2677/2677/2677 2674/2674/2674 2673/2673/2673
f 2677/2677/2677 2675/2675/2675 2674/2674/2674
f 2677/2677/2677 2676/2676/2676 2675/2675/2675
f 2677/2677/2677 2673/2673/2673 2676/2676/2676
f 2678/2678/2678 2679/2679/2679 2680/2680/2680
f 2678/2678/2678 2680/2680/2680 2681/2681/2681
f 2678/2678/2678 2681/2681/2681 2682/2682/2682
f 2678/2678/2678 2682/2682/2682 2679/2679/2679
f 2683/2683/2683 2680/2680/2680 2679/2679/2679
f 2683/2683/2683 2681/2681/2681 2680/2680/2680
f 2683/2683/2683 2682/2682/2682 2681/2681/2681
f 2683/2683/2683 2679/2679/2679 2682/2682/2682
f 2684/2684/2684 2685/2685/2685 2686/2686/2686
f 2684/2684/2684 2686/2686/2686 2687/2687/2687
f 2684/2684/2684 2687/2687/2687 2688/2688/2688
f 2684/2684/2684 2688/2688/2688 2685/2685/2685
f 2689/2689/2689 2686/2686/2686 2685/2685/2685
f 2689/2689/2689 2687/2687/2687 2686/2686/2686
f 2689/2689/2689 2688/2688/2688 2687/2687/2687
f 2689/2689/2689 2685/2685/2685 2688/2688/2688
f 2690/2690/2690 2691/2691/2691 2692/2692/2692
f 2690/2690/2690 2692/2692/2692 2693/2693/2693
f 2690/2690/2690 2693/2693/2693 2694/2694/2694
f 2690/2690/2690 2694/2694/2694 2691/2691/2691
f 2695/2695/2695 2692/2692/2692 2691/2691/2691
f 2695/2695/2695 2693/2693/2693 2692/2692/2692
f 2695/2695/2695 2694/2694/2694 2693/2693/2693
f 2695/2695/2695 2691/2691/2691 2694/2694/2694
f 2696/2696/2696 2697/2697/2697 2698/2698/2698
f 2696/2696/2696 2698/2698/2698 2699/2699/2699
f 2696/2696/2696 2699/2699/2699 2700/2700/2700
f 2696/2696/2696 2700/2700/2700 2697/2697/2697
f 2701/2701/2701 2698/2698/2698 2697/2697/2697
f 2701/2701/2701 2699/2699/2699 2698/2698/2698
f 2701/2701/2701 2700/2700/2700 2699/2699/2699
f 2701/2701/2701 2697/2697/2697 2700/2700/2700
f 2702/2702/2702 2703/2703/2703 2704/2704/2704
f 2702/2702/2702 2704/2704/2704 2705/2705/2705
f 2702/2702/2702 2705/2705/2705 2706/2706/2706
f 2702/2702/2702 2706/2706/2706 2703/2703/2703
f 2707/2707/2707 2704/2704/2704 2703/2703/2703
f 2707/2707/2707 2705/2705/2705 2704/2704/2704
f 2707/2707/2707 2706/2706/2706 2705/2705/2705
f 2707/2707/2707 2703/2703/2703 2706/2706/2706
f 2708/2708/2708 2709/2709/2709 2710/2710/2710
f 2708/2708/2708 2710/2710/2710 2711/2711/2711
f 2708/2708/2708 2711/2711/2711 2712/2712/2712
f 2708/2708/2708 2712/2712/2712 2709/2709/2709
f 2713/2713/2713 2710/2710/2710 2709/2709/2709
f 2713/2713/2713 2711/2711/2711 2710/2710/2710
f 2713/2713/2713 2712/2712/2712 2711/2711/2711
f 2713/2713/2713 2709/2709/2709 2712/2712/2712
f 2714/2714/2714 2715/2715/2715 2716/2716/2716
f 2714/2714/2714 2716/2716/2716 2717/2717/2717
f 2714/2714/2714 2717/2717/2717 2718/2718/2718
f 2714/2714/2714 2718/2718/2718 2715/2715/2715
f 2719/2719/2719 2716/2716/2716 2715/2715/2715
f 2719/2719/2719 2717/2717/2717 2716/2716/2716
f 2719/2719/2719 2718/2718/2718 2717/2717/2717
f 2719/2719/2719 2715/2715/2715 2718/2718/2718
f 2720/2720/2720 2721/2721/2721 2722/2722/2722
f 2720/2720/2720 2722/2722/2722 2723/2723/2723
f 2720/2720/2720 2723/2723/2723 2724/2724/2724
f 2720/2720/2720 2724/2724/2724 2721/2721/2721
f 2725/2725/2725 2722/2722/2722 2721/2721/2721
f 2725/2725/2725 2723/2723/2723 2722/2722/2722
f 2725/2725/2725 2724/2724/2724 2723/2723/2723
f 2725/2725/2725 2721/2721/2721 2724/2724/2724
f 2726/2726/2726 2727/2727/2727 2728/2728/2728
f 2726/2726/2726 2728/2728/2728 2729/2729/2729
f 2726/2726/2726 2729/2729/2729 2730/2730/2730
f 2726/2726/2726 2730/2730/2730 2727/2727/2727
f 2731/2731/2731 2728/2728/2728 2727/2727/2727
f 2731/2731/2731 2729/2729/2729 2728/2728/2728
f 2731/2731/2731 2730/2730/2730 2729/2729/2729
f 2731/2731/2731 2727/2727/2727 2730/2730/2730
f 2732/2732/2732 2733/2733/2733 2734/2734/2734
f 2732/2732/2732 2734/2734/2734 2735/2735/2735
f 2732/2732/2732 2735/2735/2735 2736/2736/2736
f 2732/2732/2732 2736/2736/2736 2733/2733/2733
f 2737/2737/2737 2734/2734/2734 2733/2733/2733
f 2737/2737/2737 2735/2735/2735 2734/2734/2734
f 2737/2737/2737 2736/2736/2736 2735/2735/2735
f 2737/2737/2737 2733/2733/2733 2736/2736/2736
f 2738/2738/2738 2739/2739/2739 2740/2740/2740
f 2738/2738/2738 2740/2740/2740 2741/2741/2741
f 2738/2738/2738 2741/2741/2741 2742/2742/2742
f 2738/2738/2738 2742/2742/2742 2739/2739/2739
f 2743/2743/2743 2740/2740/2740 2739/2739/2739
f 2743/2743/2743 2741/2741/2741 2740/2740/2740
f 2743/2743/2743 2742/2742/2742 2741/2741/2741
f 2743/2743/2743 2739/2739/2739 2742/2742/2742
f 2744/2744/2744 2745/2745/2745 2746/2746/2746
f 2744/2744/2744 2746/2746/2746 2747/2747/2747
f 2744/2744/2744 2747/2747/2747 2748/2748/2748
f 2744/2744/2744 2748/2748/2748 2745/2745/2745
f 2749/2749/2749 2746/2746/2746 2745/2745/2745
f 2749/2749/2749 2747/2747/2747 2746/2746/2746
f 2749/2749/2749 2748/2748/2748 2747/2747/2747
f 2749/2749/2749 2745/2745/2745 2748/2748/2748
f 2750/2750/2750 2751/2751/2751 2752/2752/2752
f 2750/2750/2750 2752/2752/2752 2753/2753/2753
f 2750/2750/2750 2753/2753/2753 2754/2754/2754
f 2750/2750/2750 2754/2754/2754 2751/2751/2751
f 2755/2755/2755 2752/2752/2752 2751/2751/2751
f 2755/2755/2755 2753/2753/2753 2752/2752/2752
f 2755/2755/2755 2754/2754/2754 2753/2753/2753
f 2755/2755/2755 2751/2751/2751 2754/2754/2754
f 2756/2756/2756 2757/2757/2757 2758/2758/2758
f 2756/2756/2756 2758/2758/2758 2759/2759/2759
f 2756/2756/2756 2759/2759/2759 2760/2760/2760
f 2756/2756/2756 2760/2760/2760 2757/2757/2757
f 2761/2761/2761 2758/2758/2758 2757/2757/2757
f 2761/2761/2761 2759/2759/2759 2758/2758/2758
f 2761/2761/2761 2760/2760/2760 2759/2759/2759
f 2761/2761/2761 2757/2757/2757 2760/2760/2760
f 2762/2762/2762 2763/2763/2763 2764/2764/2764
f 2762/2762/2762 2764/2764/2764 2765/2765/2765
f 2762/2762/2762 2765/2765/2765 2766/2766/2766
f 2762/2762/2762 2766/2766/2766 2763/2763/2763
f 2767/2767/2767 2764/2764/2764 2763/2763/2763
f 2767/2767/2767 2765/2765/2765 2764/2764/2764
f 2767/2767/2767 2766/2766/2766 2765/2765/2765
f 2767/2767/2767 2763/2763/2763 2766/2766/2766
f 2768/2768/2768 2769/2769/2769 2770/2770/2770
f 2768/2768/2768 2770/2770/2770 2771/2771/2771
f 2768/2768/2768 2771/2771/2771 2772/2772/2772
f 2768/2768/2768 2772/2772/2772 2769/2769/2769
f 2773/2773/2773 2770/2770/2770 2769/2769/2769
f 2773/2773/2773 2771/2771/2771 2770/2770/2770
f 2773/2773/2773 2772/2772/2772 2771/2771/2771
f 2773/2773/2773 2769/2769/2769 2772/2772/2772
f 2774/2774/2774 2775/2775/2775 2776/2776/2776
f 2774/2774/2774 2776/2776/2776 2777/2777/2777
f 2774/2774/2774 2777/2777/2777 2778/2778/2778
f 2774/2774/2774 2778/2778/2778 2775/2775/2775
f 2779/2779/2779 2776/2776/2776 2775/2775/2775
f 2779/2779/2779 2777/2777/2777 2776/2776/2776
f 2779/2779/2779 2778/2778/2778 2777/2777/2777
f 2779/2779/2779 2775/2775/2775 2778/2778/2778
f 2780/2780/2780 2781/2781/2781 2782/2782/2782
f 2780/2780/2780 2782/2782/2782 2783/2783/2783
f 2780/2780/2780 2783/2783/2783 2784/2784/2784
f 2780/2780/2780 2784/2784/2784 2781/2781/2781
f 2785/2785/2785 2782/2782/2782 2781/2781/2781
f 2785/2785/2785 2783/2783/2783 2782/2782/2782
f 2785/2785/2785 2784/2784/2784 2783/2783/2783
f 2785/2785/2785 2781/2781/2781 2784/2784/2784
f 2786/2786/2786 2787/2787/2787 2788/2788/2788
f 2786/2786/2786 2788/2788/2788 2789/2789/2789
f 2786/2786/2786 2789/2789/2789 2790/2790/2790
f 2786/2786/2786 2790/2790/2790 2787/2787/2787
f 2791/2791/2791 2788/2788/2788 2787/2787/2787
f 2791/2791/2791 2789/2789/2789 2788/2788/2788
f 2791/2791/2791 2790/2790/2790 2789/2789/2789
f 2791/2791/2791 2787/2787/2787 2790/2790/2790
f 2792/2792/2792 2793/2793/2793 2794/2794/2794
f 2792/2792/2792 2794/2794/2794 2795/2795/2795
f 2792/2792/2792 2795/2795/2795 2796/2796/2796
f 2792/2792/2792 2796/2796/2796 2793/2793/2793
f 2797/2797/2797 2794/2794/2794 2793/2793/2793
f 2797/2797/2797 2795/2795/2795 2794/2794/2794
f 2797/2797/2797 2796/2796/2796 2795/2795/2795
f 2797/2797/2797 2793/2793/2793 2796/2796/2796
f 2798/2798/2798 2799/2799/2799 2800/2800/2800
f 2798/2798/2798 2800/2800/2800 2801/2801/2801
f 2798/2798/2798 2801/2801/2801 2802/2802/2802
f 2798/2798/2798 2802/2802/2802 2799/2799/2799
f 2803/2803/2803 2800/2800/2800 2799/2799/2799
f 2803/2803/2803 2801/2801/2801 2800/2800/2800
f 2803/2803/2803 2802/2802/2802 2801/2801/2801
f 2803/2803/2803 2799/2799/2799 2802/2802/2802
f 2804/2804/2804 2805/2805/2805 2806/2806/2806
f 2804/2804/2804 2806/2806/2806 2807/2807/2807
f 2804/2804/2804 2807/2807/2807 2808/2808/2808
f 2804/2804/2804 2808/2808/2808 2805/2805/2805
f 2809/2809/2809 2806/2806/2806 2805/2805/2805
f 2809/2809/2809 2807/2807/2807 2806/2806/2806
f 2809/2809/2809 2808/2808/2808 2807/2807/2807
f 2809/2809/2809 2805/2805/2805 2808/2808/2808
f 2810/2810/2810 2811/2811/2811 2812/2812/2812
f 2810/2810/2810 2812/2812/2812 2813/2813/2813
f 2810/2810/2810 2813/2813/2813 2814/2814/2814
f 2810/2810/2810 2814/2814/2814 2811/2811/2811
f 2815/2815/2815 2812/2812/2812 2811/2811/2811
f 2815/2815/2815 2813/2813/2813 2812/2812/2812
f 2815/2815/2815 2814/2814/2814 2813/2813/2813
f 2815/2815/2815 2811/2811/2811 2814/2814/2814
f 2816/2816/2816 2817/2817/2817 2818/2818/2818
f 2816/2816/2816 2818/2818/2818 2819/2819/2819
f 2816/2816/2816 2819/2819/2819 2820/2820/2820
f 2816/2816/2816 2820/2820/2820 2817/2817/2817
f 2821/2821/2821 2818/2818/2818 2817/2817/2817
f 2821/2821/2821 2819/2819/2819 2818/2818/2818
f 2821/2821/2821 2820/2820/2820 2819/2819/2819
f 2821/2821/2821 2817/2817/2817 2820/2820/2820
f 2822/2822/2822 2823/2823/2823 2824/2824/2824
f 2822/2822/2822 2824/2824/2824 2825/2825/2825
f 2822/2822/2822 2825/2825/2825 2826/2826/2826
f 2822/2822/2822 2826/2826/2826 2823/2823/2823
f 2827/2827/2827 2824/2824/2824 2823/2823/2823
f 2827/2827/2827 2825/2825/2825 2824/2824/2824
f 2827/2827/2827 2826/2826/2826 2825/2825/2825
f 2827/2827/2827 2823/2823/2823 2826/2826/2826
f 2828/2828/2828 2829/2829/2829 2830/2830/2830
f 2828/2828/2828 2830/2830/2830 2831/2831/2831
f 2828/2828/2828 2831/2831/2831 2832/2832/2832
f 2828/2828/2828 2832/2832/2832 2829/2829/2829
f 2833/2833/2833 2830/2830/2830 2829/2829/2829
f 2833/2833/2833 2831/2831/2831 2830/2830/2830
f 2833/2833/2833 2832/2832/2832 2831/2831/2831
f 2833/2833/2833 2829/2829/2829 2832/2832/2832
f 2834/2834/2834 2835/2835/2835 2836/2836/2836
f 2834/2834/2834 2836/2836/2836 2837/2837/2837
f 2834/2834/2834 2837/2837/2837 2838/2838/2838
f 2834/2834/2834 2838/2838/2838 2835/2835/2835
f 2839/2839/2839 2836/2836/2836 2835/2835/2835
f 2839/2839/2839 2837/2837/2837 2836/2836/2836
f 2839/2839/2839 2838/2838/2838 2837/2837/2837
f 2839/2839/2839 2835/2835/2835 2838/2838/2838
f 2840/2840/2840 2841/2841/2841 2842/2842/2842
f 2840/2840/2840 2842/2842/2842 2843/2843/2843
f 2840/2840/2840 2843/2843/2843 2844/2844/2844
f 2840/2840/2840 2844/2844/2844 2841/2841/2841
f 2845/2845/2845 2842/2842/2842 2841/2841/2841
f 2845/2845/2845 2843/2843/2843 2842/2842/2842
f 2845/2845/2845 2844/2844/2844 2843/2843/2843
f 2845/2845/2845 2841/2841/2841 2844/2844/2844
f 2846/2846/2846 2847/2847/2847 2848/2848/2848
f 2846/2846/2846 2848/2848/2848 2849/2849/2849
f 2846/2846/2846 2849/2849/2849 2850/2850/2850
f 2846/2846/2846 2850/2850/2850 2847/2847/2847
f 2851/2851/2851 2848/2848/2848 2847/2847/2847
f 2851/2851/2851 2849/2849/2849 2848/2848/2848
f 2851/2851/2851 2850/2850/2850 2849/2849/2849
f 2851/2851/2851 2847/2847/2847 2850/2850/2850
f 2852/2852/2852 2853/2853/2853 2854/2854/2854
f 2852/2852/2852 2854/2854/2854 2855/2855/2855
f 2852/2852/2852 2855/2855/2855 2856/2856/2856
f 2852/2852/2852 2856/2856/2856 2853/2853/2853
f 2857/2857/2857 2854/2854/2854 2853/2853/2853
f 2857/2857/2857 2855/2855/2855 2854/2854/2854
f 2857/2857/2857 2856/2856/2856 2855/2855/2855
f 2857/2857/2857 2853/2853/2853 2856/2856/2856
f 2858/2858/2858 2859/2859/2859 2860/2860/2860
f 2858/2858/2858 2860/2860/2860 2861/2861/2861
f 2858/2858/2858 2861/2861/2861 2862/2862/2862
f 2858/2858/2858 2862/2862/2862 2859/2859/2859
f 2863/2863/2863 2860/2860/2860 2859/2859/2859
f 2863/2863/2863 2861/2861/2861 2860/2860/2860
f 2863/2863/2863 2862/2862/2862 2861/2861/2861
f 2863/2863/2863 2859/2859/2859 2862/2862/2862
f 2864/2864/2864 2865/2865/2865 2866/2866/2866
f 2864/2864/2864 2866/2866/2866 2867/2867/2867
f 2864/2864/2864 2867/2867/2867 2868/2868/2868
f 2864/2864/2864 2868/2868/2868 2865/2865/2865
f 2869/2869/2869 2866/2866/2866 2865/2865/2865
f 2869/2869/2869 2867/2867/2867 2866/2866/2866
f 2869/2869/2869 2868/2868/2868 2867/2867/2867
f 2869/2869/2869 2865/2865/2865 2868/2868/2868
f 2870/2870/2870 2871/2871/2871 2872/2872/2872
f 2870/2870/2870 2872/2872/2872 2873/2873/2873
f 2870/2870/2870 2873/2873/2873 2874/2874/2874
f 2870/2870/2870 2874/2874/2874 2871/2871/2871
f 2875/2875/2875 2872/2872/2872 2871/2871/2871
f 2875/2875/2875 2873/2873/2873 2872/2872/2872
f 2875/2875/2875 2874/2874/2874 2873/2873/2873
f 2875/2875/2875 2871/2871/2871 2874/2874/2874
f 2876/2876/2876 2877/2877/2877 2878/2878/2878
f 2876/2876/2876 2878/2878/2878 2879/2879/2879
f 2876/2876/2876 2879/2879/2879 2880/2880/2880
f 2876/2876/2876 2880/2880/2880 2877/2877/2877
f 2881/2881/2881 2878/2878/2878 2877/2877/2877
f 2881/2881/2881 2879/2879/2879 2878/2878/2878
f 2881/2881/2881 2880/2880/2880 2879/2879/2879
f 2881/2881/2881 2877/2877/2877 2880/2880/2880
f 2882/2882/2882 2883/2883/2883 2884/2884/2884
f 2882/2882/2882 2884/2884/2884 2885/2885/2885
f 2882/2882/2882 2885/2885/2885 2886/2886/2886
f 2882/2882/2882 2886/2886/2886 2883/2883/2883
f 2887/2887/2887 2884/2884/2884 2883/2883/2883
f 2887/2887/2887 2885/2885/2885 2884/2884/2884
f 2887/2887/2887 2886/2886/2886 2885/2885/2885
f 2887/2887/2887 2883/2883/2883 2886/2886/2886
f 2888/2888/2888 2889/2889/2889 2890/2890/2890
f 2888/2888/2888 2890/2890/2890 2891/2891/2891
f 2888/2888/2888 2891/2891/2891 2892/2892/2892
f 2888/2888/2888 2892/2892/2892 2889/2889/2889
f 2893/2893/2893 2890/2890/2890 2889/2889/2889
f 2893/2893/2893 2891/2891/2891 2890/2890/2890
f 2893/2893/2893 2892/2892/2892 2891/2891/2891
f 2893/2893/2893 2889/2889/2889 2892/2892/2892
f 2894/2894/2894 2895/2895/2895 2896/2896/2896
f 2894/2894/2894 2896/2896/2896 2897/2897/2897
f 2894/2894/2894 2897/2897/2897 2898/2898/2898
f 2894/2894/2894 2898/2898/2898 2895/2895/2895
f 2899/2899/2899 2896/2896/2896 2895/2895/2895
f 2899/2899/2899 2897/2897/2897 2896/2896/2896
f 2899/2899/2899 2898/2898/2898 2897/2897/2897
f 2899/2899/2899 2895/2895/2895 2898/2898/2898
f 2900/2900/2900 2901/2901/2901 2902/2902/2902
f 2900/2900/2900 2902/2902/2902 2903/2903/2903
f 2900/2900/2900 2903/2903/2903 2904/2904/2904
f 2900/2900/2900 2904/2904/2904 2901/2901/2901
f 2905/2905/2905 2902/2902/2902 2901/2901/2901
f 2905/2905/2905 2903/2903/2903 2902/2902/2902
f 2905/2905/2905 2904/2904/2904 2903/2903/2903
f 2905/2905/2905 2901/2901/2901 2904/2904/2904
f 2906/2906/2906 2907/2907/2907 2908/2908/2908
f 2906/2906/2906 2908/2908/2908 2909/2909/2909
f 2906/2906/2906 2909/2909/2909 2910/2910/2910
f 2906/2906/2906 2910/2910/2910 2907/2907/2907
f 2911/2911/2911 2908/2908/2908 2907/2907/2907
f 2911/2911/2911 2909/2909/2909 2908/2908/2908
f 2911/2911/2911 2910/2910/2910 2909/2909/2909
f 2911/2911/2911 2907/2907/2907 2910/2910/2910
f 2912/2912/2912 2913/2913/2913 2914/2914/2914
f 2912/2912/2912 2914/2914/2914 2915/2915/2915
f 2912/2912/2912 2915/2915/2915 2916/2916/2916
f 2912/2912/2912 2916/2916/2916 2913/2913/2913
f 2917/2917/2917 2914/2914/2914 2913/2913/2913
f 2917/2917/2917 2915/2915/2915 2914/2914/2914
f 2917/2917/2917 2916/2916/2916 2915/2915/2915
f 2917/2917/2917 2913/2913/2913 2916/2916/2916
f 2918/2918/2918 2919/2919/2919 2920/2920/2920
f 2918/2918/2918 2920/2920/2920 2921/2921/2921
f 2918/2918/2918 2921/2921/2921 2922/2922/2922
f 2918/2918/2918 2922/2922/2922 2919/2919/2919
f 2923/2923/2923 2920/2920/2920 2919/2919/2919
f 2923/2923/2923 2921/2921/2921 2920/2920/2920
f 2923/2923/2923 2922/2922/2922 2921/2921/2921
f 2923/2923/2923 2919/2919/2919 2922/2922/2922
f 2924/2924/2924 2925/2925/2925 2926/2926/2926
f 2924/2924/2924 2926/2926/2926 2927/2927/2927
f 2924/2924/2924 2927/2927/2927 2928/2928/2928
f 2924/2924/2924 2928/2928/2928 2925/2925/2925
f 2929/2929/2929 2926/2926/2926 2925/2925/2925
f 2929/2929/2929 2927/2927/2927 2926/2926/2926
f 2929/2929/2929 2928/2928/2928 2927/2927/2927
f 2929/2929/2929 2925/2925/2925 2928/2928/2928
f 2930/2930/2930 2931/2931/2931 2932/2932/2932
f 2930/2930/2930 2932/2932/2932 2933/2933/2933
f 2930/2930/2930 2933/2933/2933 2934/2934/2934
f 2930/2930/2930 2934/2934/2934 2931/2931/2931
f 2935/2935/2935 2932/2932/2932 2931/2931/2931
f 2935/2935/2935 2933/2933/2933 2932/2932/2932
f 2935/2935/2935 2934/2934/2934 2933/2933/2933
f 2935/2935/2935 2931/2931/2931 2934/2934/2934
f 2936/2936/2936 2937/2937/2937 2938/2938/2938
f 2936/2936/2936 2938/2938/2938 2939/2939/2939
f 2936/2936/2936 2939/2939/2939 2940/2940/2940
f 2936/2936/2936 2940/2940/2940 2937/2937/2937
f 2941/2941/2941 2938/2938/2938 2937/2937/2937
f 2941/2941/2941 2939/2939/2939 2938/2938/2938
f 2941/2941/2941 2940/2940/2940 2939/2939/2939
f 2941/2941/2941 2937/2937/2937 2940/2940/2940
f 2942/2942/2942 2943/2943/2943 2944/2944/2944
f 2942/2942/2942 2944/2944/2944 2945/2945/2945
f 2942/2942/2942 2945/2945/2945 2946/2946/2946
f 2942/2942/2942 2946/2946/2946 2943/2943/2943
f 2947/2947/2947 2944/2944/2944 2943/2943/2943
f 2947/2947/2947 2945/2945/2945 2944/2944/2944
f 2947/2947/2947 2946/2946/2946 2945/2945/2945
f 2947/2947/2947 2943/2943/2943 2946/2946/2946
f 2948/2948/2948 2949/2949/2949 2950/2950/2950
f 2948/2948/2948 2950/2950/2950 2951/2951/2951
f 2948/2948/2948 2951/2951/2951 2952/2952/2952
f 2948/2948/2948 2952/2952/2952 2949/2949/2949
f 2953/2953/2953 2950/2950/2950 2949/2949/2949
f 2953/2953/2953 2951/2951/2951 2950/2950/2950
f 2953/2953/2953 2952/2952/2952 2951/2951/2951
f 2953/2953/2953 2949/2949/2949 2952/2952/2952
f 2954/2954/2954 2955/2955/2955 2956/2956/2956
f 2954/2954/2954 2956/2956/2956 2957/2957/2957
f 2954/2954/2954 2957/2957/2957 2958/2958/2958
f 2954/2954/2954 2958/2958/2958 2955/2955/2955
f 2959/2959/2959 2956/2956/2956 2955/2955/2955
f 2959/2959/2959 2957/2957/2957 2956/2956/2956
f 2959/2959/2959 2958/2958/2958 2957/2957/2957
f 2959/2959/2959 2955/2955/2955 2958/2958/2958
f 2960/2960/2960 2961/2961/2961 2962/2962/2962
f 2960/2960/2960 2962/2962/2962 2963/2963/2963
f 2960/2960/2960 2963/2963/2963 2964/2964/2964
f 2960/2960/2960 2964/2964/2964 2961/2961/2961
f 2965/2965/2965 2962/2962/2962 2961/2961/2961
f 2965/2965/2965 2963/2963/2963 2962/2962/2962
f 2965/2965/2965 2964/2964/2964 2963/2963/2963
f 2965/2965/2965 2961/2961/2961 2964/2964/2964
f 2966/2966/2966 2967/2967/2967 2968/2968/2968
f 2966/2966/2966 2968/2968/2968 2969/2969/2969
f 2966/2966/2966 2969/2969/2969 2970/2970/2970
f 2966/2966/2966 2970/2970/2970 2967/2967/2967
f 2971/2971/2971 2968/2968/2968 2967/2967/2967
f 2971/2971/2971 2969/2969/2969 2968/2968/2968
f 2971/2971/2971 2970/2970/2970 2969/2969/2969
f 2971/2971/2971 2967/2967/2967 2970/2970/2970
f 2972/2972/2972 2973/2973/2973 2974/2974/2974
f 2972/2972/2972 2974/2974/2974 2975/2975/2975
f 2972/2972/2972 2975/2975/2975 2976/2976/2976
f 2972/2972/2972 2976/2976/2976 2973/2973/2973
f 2977/2977/2977 2974/2974/2974 2973/2973/2973
f 2977/2977/2977 2975/2975/2975 2974/2974/2974
f 2977/2977/2977 2976/2976/2976 2975/2975/2975
f 2977/2977/2977 2973/2973/2973 2976/2976/2976
f 2978/2978/2978 2979/2979/2979 2980/2980/2980
f 2978/2978/2978 2980/2980/2980 2981/2981/2981
f 2978/2978/2978 2981/2981/2981 2982/2982/2982
f 2978/2978/2978 2982/2982/2982 2979/2979/2979
f 2983/2983/2983 2980/2980/2980 2979/2979/2979
f 2983/2983/2983 2981/2981/2981 2980/2980/2980
f 2983/2983/2983 2982/2982/2982 2981/2981/2981
f 2983/2983/2983 2979/2979/2979 2982/2982/2982
f 2984/2984/2984 2985/2985/2985 2986/2986/2986
f 2984/2984/2984 2986/2986/2986 2987/2987/2987
f 2984/2984/2984 2987/2987/2987 2988/2988/2988
f 2984/2984/2984 2988/2988/2988 2985/2985/2985
f 2989/2989/2989 2986/2986/2986 2985/2985/2985
f 2989/2989/2989 2987/2987/2987 2986/2986/2986
f 2989/2989/2989 2988/2988/2988 2987/2987/2987
f 2989/2989/2989 2985/2985/2985 2988/2988/2988
f 2990/2990/2990 2991/2991/2991 2992/2992/2992
f 2990/2990/2990 2992/2992/2992 2993/2993/2993
f 2990/2990/2990 2993/2993/2993 2994/2994/2994
f 2990/2990/2990 2994/2994/2994 2991/2991/2991
f 2995/2995/2995 2992/2992/2992 2991/2991/2991
f 2995/2995/2995 2993/2993/2993 2992/2992/2992
f 2995/2995/2995 2994/2994/2994 2993/2993/2993
f 2995/2995/2995 2991/2991/2991 2994/2994/2994
f 2996/2996/2996 2997/2997/2997 2998/2998/2998
f 2996/2996/2996 2998/2998/2998 2999/2999/2999
f 2996/2996/2996 2999/2999/2999 3000/3000/3000
f 2996/2996/2996 3000/3000/3000 2997/2997/2997
f 3001/3001/3001 2998/2998/2998 2997/2997/2997
f 3001/3001/3001 2999/2999/2999 2998/2998/2998
f 3001/3001/3001 3000/3000/3000 2999/2999/2999
f 3001/3001/3001 2997/2997/2997 3000/3000/3000
f 3002/3002/3002 3003/3003/3003 3004/3004/3004
f 3002/3002/3002 3004/3004/3004 3005/3005/3005
f 3002/3002/3002 3005/3005/3005 3006/3006/3006
f 3002/3002/3002 3006/3006/3006 3003/3003/3003
f 3007/3007/3007 3004/3004/3004 3003/3003/3003
f 3007/3007/3007 3005/3005/3005 3004/3004/3004
f 3007/3007/3007 3006/3006/3006 3005/3005/3005
f 3007/3007/3007 3003/3003/3003 3006/3006/3006
f 3008/3008/3008 3009/3009/3009 3010/3010/3010
f 3008/3008/3008 3010/3010/3010 3011/3011/3011
f 3008/3008/3008 3011/3011/3011 3012/3012/3012
f 3008/3008/3008 3012/3012/3012 3009/3009/3009
f 3013/3013/3013 3010/3010/3010 3009/3009/3009
f 3013/3013/3013 3011/3011/3011 3010/3010/3010
f 3013/3013/3013 3012/3012/3012 3011/3011/3011
f 3013/3013/3013 3009/3009/3009 3012/3012/3012
f 3014/3014/3014 3015/3015/3015 3016/3016/3016
f 3014/3014/3014 3016/3016/3016 3017/3017/3017
f 3014/3014/3014 3017/3017/3017 3018/3018/3018
f 3014/3014/3014 3018/3018/3018 3015/3015/3015
f 3019/3019/3019 3016/3016/3016 3015/3015/3015
f 3019/3019/3019 3017/3017/3017 3016/3016/3016
f 3019/3019/3019 3018/3018/3018 3017/3017/3017
f 3019/3019/3019 3015/3015/3015 3018/3018/3018
f 3020/3020/3020 3021/3021/3021 3022/3022/3022
f 3020/3020/3020 3022/3022/3022 3023/3023/3023
f 3020/3020/3020 3023/3023/3023 3024/3024/3024
f 3020/3020/3020 3024/3024/3024 3021/3021/3021
f 3025/3025/3025 3022/3022/3022 3021/3021/3021
f 3025/3025/3025 3023/3023/3023 3022/3022/3022
f 3025/3025/3025 3024/3024/3024 3023/3023/3023
f 3025/3025/3025 3021/3021/3021 3024/3024/3024
f 3026/3026/3026 3027/3027/3027 3028/3028/3028
f 3026/3026/3026 3028/3028/3028 3029/3029/3029
f 3026/3026/3026 3029/3029/3029 3030/3030/3030
f 3026/3026/3026 3030/3030/3030 3027/3027/3027
f 3031/3031/3031 3028/3028/3028 3027/3027/3027
f 3031/3031/3031 3029/3029/3029 3028/3028/3028
f 3031/3031/3031 3030/3030/3030 3029/3029/3029
f 3031/3031/3031 3027/3027/3027 3030/3030/3030
f 3032/3032/3032 3033/3033/3033 3034/3034/3034
f 3032/3032/3032 3034/3034/3034 3035/3035/3035
f 3032/3032/3032 3035/3035/3035 3036/3036/3036
f 3032/3032/3032 3036/3036/3036 3033/3033/3033
f 3037/3037/3037 3034/3034/3034 3033/3033/3033
f 3037/3037/3037 3035/3035/3035 3034/3034/3034
f 3037/3037/3037 3036/3036/3036 3035/3035/3035
f 3037/3037/3037 3033/3033/3033 3036/3036/3036
f 3038/3038/3038 3039/3039/3039 3040/3040/3040
f 3038/3038/3038 3040/3040/3040 3041/3041/3041
f 3038/3038/3038 3041/3041/3041 3042/3042/3042
f 3038/3038/3038 3042/3042/3042 3039/3039/3039
f 3043/3043/3043 3040/3040/3040 3039/3039/3039
f 3043/3043/3043 3041/3041/3041 3040/3040/3040
f 3043/3043/3043 3042/3042/3042 3041/3041/3041
f 3043/3043/3043 3039/3039/3039 3042/3042/3042
f 3044/3044/3044 3045/3045/3045 3046/3046/3046
f 3044/3044/3044 3046/3046/3046 3047/3047/3047
f 3044/3044/3044 3047/3047/3047 3048/3048/3048
f 3044/3044/3044 3048/3048/3048 3045/3045/3045
f 3049/3049/3049 3046/3046/3046 3045/3045/3045
f 3049/3049/3049 3047/3047/3047 3046/3046/3046
f 3049/3049/3049 3048/3048/3048 3047/3047/3047
f 3049/3049/3049 3045/3045/3045 3048/3048/3048
f 3050/3050/3050 3051/3051/3051 3052/3052/3052
f 3050/3050/3050 3052/3052/3052 3053/3053/3053
f 3050/3050/3050 3053/3053/3053 3054/3054/3054
f 3050/3050/3050 3054/3054/3054 3051/3051/3051
f 3055/3055/3055 3052/3052/3052 3051/3051/3051
f 3055/3055/3055 3053/3053/3053 3052/3052/3052
f 3055/3055/3055 3054/3054/3054 3053/3053/3053
f 3055/3055/3055 3051/3051/3051 3054/3054/3054
f 3056/3056/3056 3057/3057/3057 3058/3058/3058
f 3056/3056/3056 3058/3058/3058 3059/3059/3059
f 3056/3056/3056 3059/3059/3059 3060/3060/3060
f 3056/3056/3056 3060/3060/3060 3057/3057/3057
f 3061/3061/3061 3058/3058/3058 3057/3057/3057
f 3061/3061/3061 3059/3059/3059 3058/3058/3058
f 3061/3061/3061 3060/3060/3060 3059/3059/3059
f 3061/3061/3061 3057/3057/3057 3060/3060/3060
f 3062/3062/3062 3063/3063/3063 3064/3064/3064
f 3062/3062/3062 3064/3064/3064 3065/3065/3065
f 3062/3062/3062 3065/3065/3065 3066/3066/3066
f 3062/3062/3062 3066/3066/3066 3063/3063/3063
f 3067/3067/3067 3064/3064/3064 3063/3063/3063
f 3067/3067/3067 3065/3065/3065 3064/3064/3064
f 3067/3067/3067 3066/3066/3066 3065/3065/3065
f 3067/3067/3067 3063/3063/3063 3066/3066/3066
f 3068/3068/3068 3069/3069/3069 3070/3070/3070
f 3068/3068/3068 3070/3070/3070 3071/3071/3071
f 3068/3068/3068 3071/3071/3071 3072/3072/3072
f 3068/3068/3068 3072/3072/3072 3069/3069/3069
f 3073/3073/3073 3070/3070/3070 3069/3069/3069
f 3073/3073/3073 3071/3071/3071 3070/3070/3070
f 3073/3073/3073 3072/3072/3072 3071/3071/3071
f 3073/3073/3073 3069/3069/3069 3072/3072/3072
f 3074/3074/3074 3075/3075/3075 3076/3076/3076
f 3074/3074/3074 3076/3076/3076 3077/3077/3077
f 3074/3074/3074 3077/3077/3077 3078/3078/3078
f 3074/3074/3074 3078/3078/3078 3075/3075/3075
f 3079/3079/3079 3076/3076/3076 3075/3075/3075
f 3079/3079/3079 3077/3077/3077 3076/3076/3076
f 3079/3079/3079 3078/3078/3078 3077/3077/3077
f 3079/3079/3079 3075/3075/3075 3078/3078/3078
f 3080/3080/3080 3081/3081/3081 3082/3082/3082
f 3080/3080/3080 3082/3082/3082 3083/3083/3083
f 3080/3080/3080 3083/3083/3083 3084/3084/3084
f 3080/3080/3080 3084/3084/3084 3081/3081/3081
f 3085/3085/3085 3082/3082/3082 3081/3081/3081
f 3085/3085/3085 3083/3083/3083 3082/3082/3082
f 3085/3085/3085 3084/3084/3084 3083/3083/3083
f 3085/3085/3085 3081/3081/3081 3084/3084/3084
f 3086/3086/3086 3087/3087/3087 3088/3088/3088
f 3086/3086/3086 3088/3088/3088 3089/3089/3089
f 3086/3086/3086 3089/3089/3089 3090/3090/3090
f 3086/3086/3086 3090/3090/3090 3087/3087/3087
f 3091/3091/3091 3088/3088/3088 3087/3087/3087
f 3091/3091/3091 3089/3089/3089 3088/3088/3088
f 3091/3091/3091 3090/3090/3090 3089/3089/3089
f 3091/3091/3091 3087/3087/3087 3090/3090/3090
f 3092/3092/3092 3093/3093/3093 3094/3094/3094
f 3092/3092/3092 3094/3094/3094 3095/3095/3095
f 3092/3092/3092 3095/3095/3095 3096/3096/3096
f 3092/3092/3092 3096/3096/3096 3093/3093/3093
f 3097/3097/3097 3094/3094/3094 3093/3093/3093
f 3097/3097/3097 3095/3095/3095 3094/3094/3094
f 3097/3097/3097 3096/3096/3096 3095/3095/3095
f 3097/3097/3097 3093/3093/3093 3096/3096/3096
f 3098/3098/3098 3099/3099/3099 3100/3100/3100
f 3098/3098/3098 3100/3100/3100 3101/3101/3101
f 3098/3098/3098 3101/3101/3101 3102/3102/3102
f 3098/3098/3098 3102/3102/3102 3099/3099/3099
f 3103/3103/3103 3100/3100/3100 3099/3099/3099
f 3103/3103/3103 3101/3101/3101 3100/3100/3100
f 3103/3103/3103 3102/3102/3102 3101/3101/3101
f 3103/3103/3103 3099/3099/3099 3102/3102/3102
f 3104/3104/3104 3105/3105/3105 3106/3106/3106
f 3104/3104/3104 3106/3106/3106 3107/3107/3107
f 3104/3104/3104 3107/3107/3107 3108/3108/3108
f 3104/3104/3104 3108/3108/3108 3105/3105/3105
f 3109/3109/3109 3106/3106/3106 3105/3105/3105
f 3109/3109/3109 3107/3107/3107 3106/3106/3106
f 3109/3109/3109 3108/3108/3108 3107/3107/3107
f 3109/3109/3109 3105/3105/3105 3108/3108/3108
f 3110/3110/3110 3111/3111/3111 3112/3112/3112
f 3110/3110/3110 3112/3112/3112 3113/3113/3113
f 3110/3110/3110 3113/3113/3113 3114/3114/3114
f 3110/3110/3110 3114/3114/3114 3111/3111/3111
f 3115/3115/3115 3112/3112/3112 3111/3111/3111
f 3115/3115/3115 3113/3113/3113 3112/3112/3112
f 3115/3115/3115 3114/3114/3114 3113/3113/3113
f 3115/3115/3115 3111/3111/3111 3114/3114/3114
f 3116/3116/3116 3117/3117/3117 3118/3118/3118
f 3116/3116/3116 3118/3118/3118 3119/3119/3119
f 3116/3116/3116 3119/3119/3119 3120/3120/3120
f 3116/3116/3116 3120/3120/3120 3117/3117/3117
f 3121/3121/3121 3118/3118/3118 3117/3117/3117
f 3121/3121/3121 3119/3119/3119 3118/3118/3118
f 3121/3121/3121 3120/3120/3120 3119/3119/3119
f 3121/3121/3121 3117/3117/3117 3120/3120/3120
f 3122/3122/3122 3123/3123/3123 3124/3124/3124
f 3122/3122/3122 3124/3124/3124 3125/3125/3125
f 3122/3122/3122 3125/3125/3125 3126/3126/3126
f 3122/3122/3122 3126/3126/3126 3123/3123/3123
f 3127/3127/3127 3124/3124/3124 3123/3123/3123
f 3127/3127/3127 3125/3125/3125 3124/3124/3124
f 3127/3127/3127 3126/3126/3126 3125/3125/3125
f 3127/3127/3127 3123/3123/3123 3126/3126/3126
f 3128/3128/3128 3129/3129/3129 3130/3130/3130
f 3128/3128/3128 3130/3130/3130 3131/3131/3131
f 3128/3128/3128 3131/3131/3131 3132/3132/3132
f 3128/3128/3128 3132/3132/3132 3129/3129/3129
f 3133/3133/3133 3130/3130/3130 3129/3129/3129
f 3133/3133/3133 3131/3131/3131 3130/3130/3130
f 3133/3133/3133 3132/3132/3132 3131/3131/3131
f 3133/3133/3133 3129/3129/3129 3132/3132/3132
f 3134/3134/3134 3135/3135/3135 3136/3136/3136
f 3134/3134/3134 3136/3136/3136 3137/3137/3137
f 3134/3134/3134 3137/3137/3137 3138/3138/3138
f 3134/3134/3134 3138/3138/3138 3135/3135/3135
f 3139/3139/3139 3136/3136/3136 3135/3135/3135
f 3139/3139/3139 3137/3137/3137 3136/3136/3136
f 3139/3139/3139 3138/3138/3138 3137/3137/3137
f 3139/3139/3139 3135/3135/3135 3138/3138/3138
f 3140/3140/3140 3141/3141/3141 3142/3142/3142
f 3140/3140/3140 3142/3142/3142 3143/3143/3143
f 3140/3140/3140 3143/3143/3143 3144/3144/3144
f 3140/3140/3140 3144/3144/3144 3141/3141/3141
f 3145/3145/3145 3142/3142/3142 3141/3141/3141
f 3145/3145/3145 3143/3143/3143 3142/3142/3142
f 3145/3145/3145 3144/3144/3144 3143/3143/3143
f 3145/3145/3145 3141/3141/3141 3144/3144/3144
f 3146/3146/3146 3147/3147/3147 3148/3148/3148
f 3146/3146/3146 3148/3148/3148 3149/3149/3149
f 3146/3146/3146 3149/3149/3149 3150/3150/3150
f 3146/3146/3146 3150/3150/3150 3147/3147/3147
f 3151/3151/3151 3148/3148/3148 3147/3147/3147
f 3151/3151/3151 3149/3149/3149 3148/3148/3148
f 3151/3151/3151 3150/3150/3150 3149/3149/3149
f 3151/3151/3151 3147/3147/3147 3150/3150/3150
f 3152/3152/3152 3153/3153/3153 3154/3154/3154
f 3152/3152/3152 3154/3154/3154 3155/3155/3155
f 3152/3152/3152 3155/3155/3155 3156/3156/3156
f 3152/3152/3152 3156/3156/3156 3153/3153/3153
f 3157/3157/3157 3154/3154/3154 3153/3153/3153
f 3157/3157/3157 3155/3155/3155 3154/3154/3154
f 3157/3157/3157 3156/3156/3156 3155/3155/3155
f 3157/3157/3157 3153/3153/3153 3156/3156/3156
f 3158/3158/3158 3159/3159/3159 3160/3160/3160
f 3158/3158/3158 3160/3160/3160 3161/3161/3161
f 3158/3158/3158 3161/3161/3161 3162/3162/3162
f 3158/3158/3158 3162/3162/3162 3159/3159/3159
f 3163/3163/3163 3160/3160/3160 3159/3159/3159
f 3163/3163/3163 3161/3161/3161 3160/3160/3160
f 3163/3163/3163 3162/3162/3162 3161/3161/3161
f 3163/3163/3163 3159/3159/3159 3162/3162/3162
f 3164/3164/3164 3165/3165/3165 3166/3166/3166
f 3164/3164/3164 3166/3166/3166 3167/3167/3167
f 3164/3164/3164 3167/3167/3167 3168/3168/3168
f 3164/3164/3164 3168/3168/3168 3165/3165/3165
f 3169/3169/3169 3166/3166/3166 3165/3165/3165
f 3169/3169/3169 3167/3167/3167 3166/3166/3166
f 3169/3169/3169 3168/3168/3168 3167/3167/3167
f 3169/3169/3169 3165/3165/3165 3168/3168/3168
f 3170/3170/3170 3171/3171/3171 3172/3172/3172
f 3170/3170/3170 3172/3172/3172 3173/3173/3173
f 3170/3170/3170 3173/3173/3173 3174/3174/3174
f 3170/3170/3170 3174/3174/3174 3171/3171/3171
f 3175/3175/3175 3172/3172/3172 3171/3171/3171
f 3175/3175/3175 3173/3173/3173 3172/3172/3172
f 3175/3175/3175 3174/3174/3174 3173/3173/3173
f 3175/3175/3175 3171/3171/3171 3174/3174/3174
f 3176/3176/3176 3177/3177/3177 3178/3178/3178
f 3176/3176/3176 3178/3178/3178 3179/3179/3179
f 3176/3176/3176 3179/3179/3179 3180/3180/3180
f 3176/3176/3176 3180/3180/3180 3177/3177/3177
f 3181/3181/3181 3178/3178/3178 3177/3177/3177
f 3181/3181/3181 3179/3179/3179 3178/3178/3178
f 3181/3181/3181 3180/3180/3180 3179/3179/3179
f 3181/3181/3181 3177/3177/3177 3180/3180/3180
f 3182/3182/3182 3183/3183/3183 3184/3184/3184
f 3182/3182/3182 3184/3184/3184 3185/3185/3185
f 3182/3182/3182 3185/3185/3185 3186/3186/3186
f 3182/3182/3182 3186/3186/3186 3183/3183/3183
f 3187/3187/3187 3184/3184/3184 3183/3183/3183
f 3187/3187/3187 3185/3185/3185 3184/3184/3184
f 3187/3187/3187 3186/3186/3186 3185/3185/3185
f 3187/3187/3187 3183/3183/3183 3186/3186/3186
f 3188/3188/3188 3189/3189/3189 3190/3190/3190
f 3188/3188/3188 3190/3190/3190 3191/3191/3191
f 3188/3188/3188 3191/3191/3191 3192/3192/3192
f 3188/3188/3188 3192/3192/3192 3189/3189/3189
f 3193/3193/3193 3190/3190/3190 3189/3189/3189
f 3193/3193/3193 3191/3191/3191 3190/3190/3190
f 3193/3193/3193 3192/3192/3192 3191/3191/3191
f 3193/3193/3193 3189/3189/3189 3192/3192/3192
f 3194/3194/3194 3195/3195/3195 3196/3196/3196
f 3194/3194/3194 3196/3196/3196 3197/3197/3197
f 3194/3194/3194 3197/3197/3197 3198/3198/3198
f 3194/3194/3194 3198/3198/3198 3195/3195/3195
f 3199/3199/3199 3196/3196/3196 3195/3195/3195
f 3199/3199/3199 3197/3197/3197 3196/3196/3196
f 3199/3199/3199 3198/3198/3198 3197/3197/3197
f 3199/3199/3199 3195/3195/3195 3198/3198/3198
f 3200/3200/3200 3201/3201/3201 3202/3202/3202
f 3200/3200/3200 3202/3202/3202 3203/3203/3203
f 3200/3200/3200 3203/3203/3203 3204/3204/3204
f 3200/3200/3200 3204/3204/3204 3201/3201/3201
f 3205/3205/3205 3202/3202/3202 3201/3201/3201
f 3205/3205/3205 3203/3203/3203 3202/3202/3202
f 3205/3205/3205 3204/3204/3204 3203/3203/3203
f 3205/3205/3205 3201/3201/3201 3204/3204/3204
f 3206/3206/3206 3207/3207/3207 3208/3208/3208
f 3206/3206/3206 3208/3208/3208 3209/3209/3209
f 3206/3206/3206 3209/3209/3209 3210/3210/3210
f 3206/3206/3206 3210/3210/3210 3207/3207/3207
f 3211/3211/3211 3208/3208/3208 3207/3207/3207
f 3211/3211/3211 3209/3209/3209 3208/3208/3208
f 3211/3211/3211 3210/3210/3210 3209/3209/3209
f 3211/3211/3211 3207/3207/3207 3210/3210/3210
f 3212/3212/3212 3213/3213/3213 3214/3214/3214
f 3212/3212/3212 3214/3214/3214 3215/3215/3215
f 3212/3212/3212 3215/3215/3215 3216/3216/3216
f 3212/3212/3212 3216/3216/3216 3213/3213/3213
f 3217/3217/3217 3214/3214/3214 3213/3213/3213
f 3217/3217/3217 3215/3215/3215 3214/3214/3214
f 3217/3217/3217 3216/3216/3216 3215/3215/3215
f 3217/3217/3217 3213/3213/3213 3216/3216/3216
f 3218/3218/3218 3219/3219/3219 3220/3220/3220
f 3218/3218/3218 3220/3220/3220 3221/3221/3221
f 3218/3218/3218 3221/3221/3221 3222/3222/3222
f 3218/3218/3218 3222/3222/3222 3219/3219/3219
f 3223/3223/3223 3220/3220/3220 3219/3219/3219
f 3223/3223/3223 3221/3221/3221 3220/3220/3220
f 3223/3223/3223 3222/3222/3222 3221/3221/3221
f 3223/3223/3223 3219/3219/3219 3222/3222/3222
f 3224/3224/3224 3225/3225/3225 3226/3226/3226
f 3224/3224/3224 3226/3226/3226 3227/3227/3227
f 3224/3224/3224 3227/3227/3227 3228/3228/3228
f 3224/3224/3224 3228/3228/3228 3225/3225/3225
f 3229/3229/3229 3226/3226/3226 3225/3225/3225
f 3229/3229/3229 3227/3227/3227 3226/3226/3226
f 3229/3229/3229 3228/3228/3228 3227/3227/3227
f 3229/3229/3229 3225/3225/3225 3228/3228/3228
f 3230/3230/3230 3231/3231/3231 3232/3232/3232
f 3230/3230/3230 3232/3232/3232 3233/3233/3233
f 3230/3230/3230 3233/3233/3233 3234/3234/3234
f 3230/3230/3230 3234/3234/3234 3231/3231/3231
f 3235/3235/3235 3232/3232/3232 3231/3231/3231
f 3235/3235/3235 3233/3233/3233 3232/3232/3232
f 3235/3235/3235 3234/3234/3234 3233/3233/3233
f 3235/3235/3235 3231/3231/3231 3234/3234/3234
f 3236/3236/3236 3237/3237/3237 3238/3238/3238
f 3236/3236/3236 3238/3238/3238 3239/3239/3239
f 3236/3236/3236 3239/3239/3239 3240/3240/3240
f 3236/3236/3236 3240/3240/3240 3237/3237/3237
f 3241/3241/3241 3238/3238/3238 3237/3237/3237
f 3241/3241/3241 3239/3239/3239 3238/3238/3238
f 3241/3241/3241 3240/3240/3240 3239/3239/3239
f 3241/3241/3241 3237/3237/3237 3240/3240/3240
f 3242/3242/3242 3243/3243/3243 3244/3244/3244
f 3242/3242/3242 3244/3244/3244 3245/3245/3245
f 3242/3242/3242 3245/3245/3245 3246/3246/3246
f 3242/3242/3242 3246/3246/3246 3243/3243/3243
f 3247/3247/3247 3244/3244/3244 3243/3243/3243
f 3247/3247/3247 3245/3245/3245 3244/3244/3244
f 3247/3247/3247 3246/3246/3246 3245/3245/3245
f 3247/3247/3247 3243/3243/3243 3246/3246/3246
f 3248/3248/3248 3249/3249/3249 3250/3250/3250
f 3248/3248/3248 3250/3250/3250 3251/3251/3251
f 3248/3248/3248 3251/3251/3251 3252/3252/3252
f 3248/3248/3248 3252/3252/3252 3249/3249/3249
f 3253/3253/3253 3250/3250/3250 3249/3249/3249
f 3253/3253/3253 3251/3251/3251 3250/3250/3250
f 3253/3253/3253 3252/3252/3252 3251/3251/3251
f 3253/3253/3253 3249/3249/3249 3252/3252/3252
f 3254/3254/3254 3255/3255/3255 3256/3256/3256
f 3254/3254/3254 3256/3256/3256 3257/3257/3257
f 3254/3254/3254 3257/3257/3257 3258/3258/3258
f 3254/3254/3254 3258/3258/3258 3255/3255/3255
f 3259/3259/3259 3256/3256/3256 3255/3255/3255
f 3259/3259/3259 3257/3257/3257 3256/3256/3256
f 3259/3259/3259 3258/3258/3258 3257/3257/3257
f 3259/3259/3259 3255/3255/3255 3258/3258/3258
f 3260/3260/3260 3261/3261/3261 3262/3262/3262
f 3260/3260/3260 3262/3262/3262 3263/3263/3263
f 3260/3260/3260 3263/3263/3263 3264/3264/3264
f 3260/3260/3260 3264/3264/3264 3261/3261/3261
f 3265/3265/3265 3262/3262/3262 3261/3261/3261
f 3265/3265/3265 3263/3263/3263 3262/3262/3262
f 3265/3265/3265 3264/3264/3264 3263/3263/3263
f 3265/3265/3265 3261/3261/3261 3264/3264/3264
f 3266/3266/3266 3267/3267/3267 3268/3268/3268
f 3266/3266/3266 3268/3268/3268 3269/3269/3269
f 3266/3266/3266 3269/3269/3269 3270/3270/3270
f 3266/3266/3266 3270/3270/3270 3267/3267/3267
f 3271/3271/3271 3268/3268/3268 3267/3267/3267
f 3271/3271/3271 3269/3269/3269 3268/3268/3268
f 3271/3271/3271 3270/3270/3270 3269/3269/3269
f 3271/3271/3271 3267/3267/3267 3270/3270/3270
f 3272/3272/3272 3273/3273/3273 3274/3274/3274
f 3272/3272/3272 3274/3274/3274 3275/3275/3275
f 3272/3272/3272 3275/3275/3275 3276/3276/3276
f 3272/3272/3272 3276/3276/3276 3273/3273/3273
f 3277/3277/3277 3274/3274/3274 3273/3273/3273
f 3277/3277/3277 3275/3275/3275 3274/3274/3274
f 3277/3277/3277 3276/3276/3276 3275/3275/3275
f 3277/3277/3277 3273/3273/3273 3276/3276/3276
f 3278/3278/3278 3279/3279/3279 3280/3280/3280
f 3278/3278/3278 3280/3280/3280 3281/3281/3281
f 3278/3278/3278 3281/3281/3281 3282/3282/3282
f 3278/3278/3278 3282/3282/3282 3279/3279/3279
f 3283/3283/3283 3280/3280/3280 3279/3279/3279
f 3283/3283/3283 3281/3281/3281 3280/3280/3280
f 3283/3283/3283 3282/3282/3282 3281/3281/3281
f 3283/3283/3283 3279/3279/3279 3282/3282/3282
f 3284/3284/3284 3285/3285/3285 3286/3286/3286
f 3284/3284/3284 3286/3286/3286 3287/3287/3287
f 3284/3284/3284 3287/3287/3287 3288/3288/3288
f 3284/3284/3284 3288/3288/3288 3285/3285/3285
f 3289/3289/3289 3286/3286/3286 3285/3285/3285
f 3289/3289/3289 3287/3287/3287 3286/3286/3286
f 3289/3289/3289 3288/3288/3288 3287/3287/3287
f 3289/3289/3289 3285/3285/3285 3288/3288/3288
f 3290/3290/3290 3291/3291/3291 3292/3292/3292
f 3290/3290/3290 3292/3292/3292 3293/3293/3293
f 3290/3290/3290 3293/3293/3293 3294/3294/3294
f 3290/3290/3290 3294/3294/3294 3291/3291/3291
f 3295/3295/3295 3292/3292/3292 3291/3291/3291
f 3295/3295/3295 3293/3293/3293 3292/3292/3292
f 3295/3295/3295 3294/3294/3294 3293/3293/3293
f 3295/3295/3295 3291/3291/3291 3294/3294/3294
f 3296/3296/3296 3297/3297/3297 3298/3298/3298
f 3296/3296/3296 3298/3298/3298 3299/3299/3299
f 3296/3296/3296 3299/3299/3299 3300/3300/3300
f 3296/3296/3296 3300/3300/3300 3297/3297/3297
f 3301/3301/3301 3298/3298/3298 3297/3297/3297
f 3301/3301/3301 3299/3299/3299 3298/3298/3298
f 3301/3301/3301 3300/3300/3300 3299/3299/3299
f 3301/3301/3301 3297/3297/3297 3300/3300/3300
f 3302/3302/3302 3303/3303/3303 3304/3304/3304
f 3302/3302/3302 3304/3304/3304 3305/3305/3305
f 3302/3302/3302 3305/3305/3305 3306/3306/3306
f 3302/3302/3302 3306/3306/3306 3303/3303/3303
f 3307/3307/3307 3304/3304/3304 3303/3303/3303
f 3307/3307/3307 3305/3305/3305 3304/3304/3304
f 3307/3307/3307 3306/3306/3306 3305/3305/3305
f 3307/3307/3307 3303/3303/3303 3306/3306/3306
f 3308/3308/3308 3309/3309/3309 3310/3310/3310
f 3308/3308/3308 3310/3310/3310 3311/3311/3311
f 3308/3308/3308 3311/3311/3311 3312/3312/3312
f 3308/3308/3308 3312/3312/3312 3309/3309/3309
f 3313/3313/3313 3310/3310/3310 3309/3309/3309
f 3313/3313/3313 3311/3311/3311 3310/3310/3310
f 3313/3313/3313 3312/3312/3312 3311/3311/3311
f 3313/3313/3313 3309/3309/3309 3312/3312/3312
f 3314/3314/3314 3315/3315/3315 3316/3316/3316
f 3314/3314/3314 3316/3316/3316 3317/3317/3317
f 3314/3314/3314 3317/3317/3317 3318/3318/3318
f 3314/3314/3314 3318/3318/3318 3315/3315/3315
f 3319/3319/3319 3316/3316/3316 3315/3315/3315
f 3319/3319/3319 3317/3317/3317 3316/3316/3316
f 3319/3319/3319 3318/3318/3318 3317/3317/3317
f 3319/3319/3319 3315/3315/3315 3318/3318/3318
f 3320/3320/3320 3321/3321/3321 3322/3322/3322
f 3320/3320/3320 3322/3322/3322 3323/3323/3323
f 3320/3320/3320 3323/3323/3323 3324/3324/3324
f 3320/3320/3320 3324/3324/3324 3321/3321/3321
f 3325/3325/3325 3322/3322/3322 3321/3321/3321
f 3325/3325/3325 3323/3323/3323 3322/3322/3322
f 3325/3325/3325 3324/3324/3324 3323/3323/3323
f 3325/3325/3325 3321/3321/3321 3324/3324/3324
f 3326/3326/3326 3327/3327/3327 3328/3328/3328
f 3326/3326/3326 3328/3328/3328 3329/3329/3329
f 3326/3326/3326 3329/3329/3329 3330/3330/3330
f 3326/3326/3326 3330/3330/3330 3327/3327/3327
f 3331/3331/3331 3328/3328/3328 3327/3327/3327
f 3331/3331/3331 3329/3329/3329 3328/3328/3328
f 3331/3331/3331 3330/3330/3330 3329/3329/3329
f 3331/3331/3331 3327/3327/3327 3330/3330/3330
f 3332/3332/3332 3333/3333/3333 3334/3334/3334
f 3332/3332/3332 3334/3334/3334 3335/3335/3335
f 3332/3332/3332 3335/3335/3335 3336/3336/3336
f 3332/3332/3332 3336/3336/3336 3333/3333/3333
f 3337/3337/3337 3334/3334/3334 3333/3333/3333
f 3337/3337/3337 3335/3335/3335 3334/3334/3334
f 3337/3337/3337 3336/3336/3336 3335/3335/3335
f 3337/3337/3337 3333/3333/3333 3336/3336/3336
f 3338/3338/3338 3339/3339/3339 3340/3340/3340
f 3338/3338/3338 3340/3340/3340 3341/3341/3341
f 3338/3338/3338 3341/3341/3341 3342/3342/3342
f 3338/3338/3338 3342/3342/3342 3339/3339/3339
f 3343/3343/3343 3340/3340/3340 3339/3339/3339
f 3343/3343/3343 3341/3341/3341 3340/3340/3340
f 3343/3343/3343 3342/3342/3342 3341/3341/3341
f 3343/3343/3343 3339/3339/3339 3342/3342/3342
f 3344/3344/3344 3345/3345/3345 3346/3346/3346
f 3344/3344/3344 3346/3346/3346 3347/3347/3347
f 3344/3344/3344 3347/3347/3347 3348/3348/3348
f 3344/3344/3344 3348/3348/3348 3345/3345/3345
f 3349/3349/3349 3346/3346/3346 3345/3345/3345
f 3349/3349/3349 3347/3347/3347 3346/3346/3346
f 3349/3349/3349 3348/3348/3348 3347/3347/3347
f 3349/3349/3349 3345/3345/3345 3348/3348/3348
f 3350/3350/3350 3351/3351/3351 3352/3352/3352
f 3350/3350/3350 3352/3352/3352 3353/3353/3353
f 3350/3350/3350 3353/3353/3353 3354/3354/3354
f 3350/3350/3350 3354/3354/3354 3351/3351/3351
f 3355/3355/3355 3352/3352/3352 3351/3351/3351
f 3355/3355/3355 3353/3353/3353 3352/3352/3352
f 3355/3355/3355 3354/3354/3354 3353/3353/3353
f 3355/3355/3355 3351/3351/3351 3354/3354/3354
f 3356/3356/3356 3357/3357/3357 3358/3358/3358
f 3356/3356/3356 3358/3358/3358 3359/3359/3359
f 3356/3356/3356 3359/3359/3359 3360/3360/3360
f 3356/3356/3356 3360/3360/3360 3357/3357/3357
f 3361/3361/3361 3358/3358/3358 3357/3357/3357
f 3361/3361/3361 3359/3359/3359 3358/3358/3358
f 3361/3361/3361 3360/3360/3360 3359/3359/3359
f 3361/3361/3361 3357/3357/3357 3360/3360/3360
f 3362/3362/3362 3363/3363/3363 3364/3364/3364
f 3362/3362/3362 3364/3364/3364 3365/3365/3365
f 3362/3362/3362 3365/3365/3365 3366/3366/3366
f 3362/3362/3362 3366/3366/3366 3363/3363/3363
f 3367/3367/3367 3364/3364/3364 3363/3363/3363
f 3367/3367/3367 3365/3365/3365 3364/3364/3364
f 3367/3367/3367 3366/3366/3366 3365/3365/3365
f 3367/3367/3367 3363/3363/3363 3366/3366/3366
f 3368/3368/3368 3369/3369/3369 3370/3370/3370
f 3368/3368/3368 3370/3370/3370 3371/3371/3371
f 3368/3368/3368 3371/3371/3371 3372/3372/3372
f 3368/3368/3368 3372/3372/3372 3369/3369/3369
f 3373/3373/3373 3370/3370/3370 3369/3369/3369
f 3373/3373/3373 3371/3371/3371 3370/3370/3370
f 3373/3373/3373 3372/3372/3372 3371/3371/3371
f 3373/3373/3373 3369/3369/3369 3372/3372/3372
f 3374/3374/3374 3375/3375/3375 3376/3376/3376
f 3374/3374/3374 3376/3376/3376 3377/3377/3377
f 3374/3374/3374 3377/3377/3377 3378/3378/3378
f 3374/3374/3374 3378/3378/3378 3375/3375/3375
f 3379/3379/3379 3376/3376/3376 3375/3375/3375
f 3379/3379/3379 3377/3377/3377 3376/3376/3376
f 3379/3379/3379 3378/3378/3378 3377/3377/3377
f 3379/3379/3379 3375/3375/3375 3378/3378/3378
f 3380/3380/3380 3381/3381/3381 3382/3382/3382
f 3380/3380/3380 3382/3382/3382 3383/3383/3383
f 3380/3380/3380 3383/3383/3383 3384/3384/3384
f 3380/3380/3380 3384/3384/3384 3381/3381/3381
f 3385/3385/3385 3382/3382/3382 3381/3381/3381
f 3385/3385/3385 3383/3383/3383 3382/3382/3382
f 3385/3385/3385 3384/3384/3384 3383/3383/3383
f 3385/3385/3385 3381/3381/3381 3384/3384/3384
f 3386/3386/3386 3387/3387/3387 3388/3388/3388
f 3386/3386/3386 3388/3388/3388 3389/3389/3389
f 3386/3386/3386 3389/3389/3389 3390/3390/3390
f 3386/3386/3386 3390/3390/3390 3387/3387/3387
f 3391/3391/3391 3388/3388/3388 3387/3387/3387
f 3391/3391/3391 3389/3389/3389 3388/3388/3388
f 3391/3391/3391 3390/3390/3390 3389/3389/3389
f 3391/3391/3391 3387/3387/3387 3390/3390/3390
f 3392/3392/3392 3393/3393/3393 3394/3394/3394
f 3392/3392/3392 3394/3394/3394 3395/3395/3395
f 3392/3392/3392 3395/3395/3395 3396/3396/3396
f 3392/3392/3392 3396/3396/3396 3393/3393/3393
f 3397/3397/3397 3394/3394/3394 3393/3393/3393
f 3397/3397/3397 3395/3395/3395 3394/3394/3394
f 3397/3397/3397 3396/3396/3396 3395/3395/3395
f 3397/3397/3397 3393/3393/3393 3396/3396/3396
f 3398/3398/3398 3399/3399/3399 3400/3400/3400
f 3398/3398/3398 3400/3400/3400 3401/3401/3401
f 3398/3398/3398 3401/3401/3401 3402/3402/3402
f 3398/3398/3398 3402/3402/3402 3399/3399/3399
f 3403/3403/3403 3400/3400/3400 3399/3399/3399
f 3403/3403/3403 3401/3401/3401 3400/3400/3400
f 3403/3403/3403 3402/3402/3402 3401/3401/3401
f 3403/3403/3403 3399/3399/3399 3402/3402/3402
f 3404/3404/3404 3405/3405/3405 3406/3406/3406
f 3404/3404/3404 3406/3406/3406 3407/3407/3407
f 3404/3404/3404 3407/3407/3407 3408/3408/3408
f 3404/3404/3404 3408/3408/3408 3405/3405/3405
f 3409/3409/3409 3406/3406/3406 3405/3405/3405
f 3409/3409/3409 3407/3407/3407 3406/3406/3406
f 3409/3409/3409 3408/3408/3408 3407/3407/3407
f 3409/3409/3409 3405/3405/3405 3408/3408/3408
f 3410/3410/3410 3411/3411/3411 3412/3412/3412
f 3410/3410/3410 3412/3412/3412 3413/3413/3413
f 3410/3410/3410 3413/3413/3413 3414/3414/3414
f 3410/3410/3410 3414/3414/3414 3411/3411/3411
f 3415/3415/3415 3412/3412/3412 3411/3411/3411
f 3415/3415/3415 3413/3413/3413 3412/3412/3412
f 3415/3415/3415 3414/3414/3414 3413/3413/3413
f 3415/3415/3415 3411/3411/3411 3414/3414/3414
f 3416/3416/3416 3417/3417/3417 3418/3418/3418
f 3416/3416/3416 3418/3418/3418 3419/3419/3419
f 3416/3416/3416 3419/3419/3419 3420/3420/3420
f 3416/3416/3416 3420/3420/3420 3417/3417/3417
f 3421/3421/3421 3418/3418/3418 3417/3417/3417
f 3421/3421/3421 3419/3419/3419 3418/3418/3418
f 3421/3421/3421 3420/3420/3420 3419/3419/3419
f 3421/3421/3421 3417/3417/3417 3420/3420/3420
f 3422/3422/3422 3423/3423/3423 3424/3424/3424
f 3422/3422/3422 3424/3424/3424 3425/3425/3425
f 3422/3422/3422 3425/3425/3425 3426/3426/3426
f 3422/3422/3422 3426/3426/3426 3423/3423/3423
f 3427/3427/3427 3424/3424/3424 3423/3423/3423
f 3427/3427/3427 3425/3425/3425 3424/3424/3424
f 3427/3427/3427 3426/3426/3426 3425/3425/3425
f 3427/3427/3427 3423/3423/3423 3426/3426/3426
f 3428/3428/3428 3429/3429/3429 3430/3430/3430
f 3428/3428/3428 3430/3430/3430 3431/3431/3431
f 3428/3428/3428 3431/3431/3431 3432/3432/3432
f 3428/3428/3428 3432/3432/3432 3429/3429/3429
f 3433/3433/3433 3430/3430/3430 3429/3429/3429
f 3433/3433/3433 3431/3431/3431 3430/3430/3430
f 3433/3433/3433 3432/3432/3432 3431/3431/3431
f 3433/3433/3433 3429/3429/3429 3432/3432/3432
f 3434/3434/3434 3435/3435/3435 3436/3436/3436
f 3434/3434/3434 3436/3436/3436 3437/3437/3437
f 3434/3434/3434 3437/3437/3437 3438/3438/3438
f 3434/3434/3434 3438/3438/3438 3435/3435/3435
f 3439/3439/3439 3436/3436/3436 3435/3435/3435
f 3439/3439/3439 3437/3437/3437 3436/3436/3436
f 3439/3439/3439 3438/3438/3438 3437/3437/3437
f 3439/3439/3439 3435/3435/3435 3438/3438/3438
f 3440/3440/3440 3441/3441/3441 3442/3442/3442
f 3440/3440/3440 3442/3442/3442 3443/3443/3443
f 3440/3440/3440 3443/3443/3443 3444/3444/3444
f 3440/3440/3440 3444/3444/3444 3441/3441/3441
f 3445/3445/3445 3442/3442/3442 3441/3441/3441
f 3445/3445/3445 3443/3443/3443 3442/3442/3442
f 3445/3445/3445 3444/3444/3444 3443/3443/3443
f 3445/3445/3445 3441/3441/3441 3444/3444/3444
f 3446/3446/3446 3447/3447/3447 3448/3448/3448
f 3446/3446/3446 3448/3448/3448 3449/3449/3449
f 3446/3446/3446 3449/3449/3449 3450/3450/3450
f 3446/3446/3446 3450/3450/3450 3447/3447/3447
f 3451/3451/3451 3448/3448/3448 3447/3447/3447
f 3451/3451/3451 3449/3449/3449 3448/3448/3448
f 3451/3451/3451 3450/3450/3450 3449/3449/3449
f 3451/3451/3451 3447/3447/3447 3450/3450/3450
f 3452/3452/3452 3453/3453/3453 3454/3454/3454
f 3452/3452/3452 3454/3454/3454 3455/3455/3455
f 3452/3452/3452 3455/3455/3455 3456/3456/3456
f 3452/3452/3452 3456/3456/3456 3453/3453/3453
f 3457/3457/3457 3454/3454/3454 3453/3453/3453
f 3457/3457/3457 3455/3455/3455 3454/3454/3454
f 3457/3457/3457 3456/3456/3456 3455/3455/3455
f 3457/3457/3457 3453/3453/3453 3456/3456/3456
f 3458/3458/3458 3459/3459/3459 3460/3460/3460
f 3458/3458/3458 3460/3460/3460 3461/3461/3461
f 3458/3458/3458 3461/3461/3461 3462/3462/3462
f 3458/3458/3458 3462/3462/3462 3459/3459/3459
f 3463/3463/3463 3460/3460/3460 3459/3459/3459
f 3463/3463/3463 3461/3461/3461 3460/3460/3460
f 3463/3463/3463 3462/3462/3462 3461/3461/3461
f 3463/3463/3463 3459/3459/3459 3462/3462/3462
f 3464/3464/3464 3465/3465/3465 3466/3466/3466
f 3464/3464/3464 3466/3466/3466 3467/3467/3467
f 3464/3464/3464 3467/3467/3467 3468/3468/3468
f 3464/3464/3464 3468/3468/3468 3465/3465/3465
f 3469/3469/3469 3466/3466/3466 3465/3465/3465
f 3469/3469/3469 3467/3467/3467 3466/3466/3466
f 3469/3469/3469 3468/3468/3468 3467/3467/3467
f 3469/3469/3469 3465/3465/3465 3468/3468/3468
f 3470/3470/3470 3471/3471/3471 3472/3472/3472
f 3470/3470/3470 3472/3472/3472 3473/3473/3473
f 3470/3470/3470 3473/3473/3473 3474/3474/3474
f 3470/3470/3470 3474/3474/3474 3471/3471/3471
f 3475/3475/3475 3472/3472/3472 3471/3471/3471
f 3475/3475/3475 3473/3473/3473 3472/3472/3472
f 3475/3475/3475 3474/3474/3474 3473/3473/3473
f 3475/3475/3475 3471/3471/3471 3474/3474/3474
f 3476/3476/3476 3477/3477/3477 3478/3478/3478
f 3476/3476/3476 3478/3478/3478 3479/3479/3479
f 3476/3476/3476 3479/3479/3479 3480/3480/3480
f 3476/3476/3476 3480/3480/3480 3477/3477/3477
f 3481/3481/3481 3478/3478/3478 3477/3477/3477
f 3481/3481/3481 3479/3479/3479 3478/3478/3478
f 3481/3481/3481 3480/3480/3480 3479/3479/3479
f 3481/3481/3481 3477/3477/3477 3480/3480/3480
f 3482/3482/3482 3483/3483/3483 3484/3484/3484
f 3482/3482/3482 3484/3484/3484 3485/3485/3485
f 3482/3482/3482 3485/3485/3485 3486/3486/3486
f 3482/3482/3482 3486/3486/3486 3483/3483/3483
f 3487/3487/3487 3484/3484/3484 3483/3483/3483
f 3487/3487/3487 3485/3485/3485 3484/3484/3484
f 3487/3487/3487 3486/3486/3486 3485/3485/3485
f 3487/3487/3487 3483/3483/3483 3486/3486/3486
f 3488/3488/3488 3489/3489/3489 3490/3490/3490
f 3488/3488/3488 3490/3490/3490 3491/3491/3491
f 3488/3488/3488 3491/3491/3491 3492/3492/3492
f 3488/3488/3488 3492/3492/3492 3489/3489/3489
f 3493/3493/3493 3490/3490/3490 3489/3489/3489
f 3493/3493/3493 3491/3491/3491 3490/3490/3490
f 3493/3493/3493 3492/3492/3492 3491/3491/3491
f 3493/3493/3493 3489/3489/3489 3492/3492/3492
f 3494/3494/3494 3495/3495/3495 3496/3496/3496
f 3494/3494/3494 3496/3496/3496 3497/3497/3497
f 3494/3494/3494 3497/3497/3497 3498/3498/3498
f 3494/3494/3494 3498/3498/3498 3495/3495/3495
f 3499/3499/3499 3496/3496/3496 3495/3495/3495
f 3499/3499/3499 3497/3497/3497 3496/3496/3496
f 3499/3499/3499 3498/3498/3498 3497/3497/3497
f 3499/3499/3499 3495/3495/3495 3498/3498/3498
f 3500/3500/3500 3501/3501/3501 3502/3502/3502
f 3500/3500/3500 3502/3502/3502 3503/3503/3503
f 3500/3500/3500 3503/3503/3503 3504/3504/3504
f 3500/3500/3500 3504/3504/3504 3501/3501/3501
f 3505/3505/3505 3502/3502/3502 3501/3501/3501
f 3505/3505/3505 3503/3503/3503 3502/3502/3502
f 3505/3505/3505 3504/3504/3504 3503/3503/3503
f 3505/3505/3505 3501/3501/3501 3504/3504/3504
f 3506/3506/3506 3507/3507/3507 3508/3508/3508
f 3506/3506/3506 3508/3508/3508 3509/3509/3509
f 3506/3506/3506 3509/3509/3509 3510/3510/3510
f 3506/3506/3506 3510/3510/3510 3507/3507/3507
f 3511/3511/3511 3508/3508/3508 3507/3507/3507
f 3511/3511/3511 3509/3509/3509 3508/3508/3508
f 3511/3511/3511 3510/3510/3510 3509/3509/3509
f 3511/3511/3511 3507/3507/3507 3510/3510/3510
f 3512/3512/3512 3513/3513/3513 3514/3514/3514
f 3512/3512/3512 3514/3514/3514 3515/3515/3515
f 3512/3512/3512 3515/3515/3515 3516/3516/3516
f 3512/3512/3512 3516/3516/3516 3513/3513/3513
f 3517/3517/3517 3514/3514/3514 3513/3513/3513
f 3517/3517/3517 3515/3515/3515 3514/3514/3514
f 3517/3517/3517 3516/3516/3516 3515/3515/3515
f 3517/3517/3517 3513/3513/3513 3516/3516/3516
f 3518/3518/3518 3519/3519/3519 3520/3520/3520
f 3518/3518/3518 3520/3520/3520 3521/3521/3521
f 3518/3518/3518 3521/3521/3521 3522/3522/3522
f 3518/3518/3518 3522/3522/3522 3519/3519/3519
f 3523/3523/3523 3520/3520/3520 3519/3519/3519
f 3523/3523/3523 3521/3521/3521 3520/3520/3520
f 3523/3523/3523 3522/3522/3522 3521/3521/3521
f 3523/3523/3523 3519/3519/3519 3522/3522/3522
f 3524/3524/3524 3525/3525/3525 3526/3526/3526
f 3524/3524/3524 3526/3526/3526 3527/3527/3527
f 3524/3524/3524 3527/3527/3527 3528/3528/3528
f 3524/3524/3524 3528/3528/3528 3525/3525/3525
f 3529/3529/3529 3526/3526/3526 3525/3525/3525
f 3529/3529/3529 3527/3527/3527 3526/3526/3526
f 3529/3529/3529 3528/3528/3528 3527/3527/3527
f 3529/3529/3529 3525/3525/3525 3528/3528/3528
f 3530/3530/3530 3531/3531/3531 3532/3532/3532
f 3530/3530/3530 3532/3532/3532 3533/3533/3533
f 3530/3530/3530 3533/3533/3533 3534/3534/3534
f 3530/3530/3530 3534/3534/3534 3531/3531/3531
f 3535/3535/3535 3532/3532/3532 3531/3531/3531
f 3535/3535/3535 3533/3533/3533 3532/3532/3532
f 3535/3535/3535 3534/3534/3534 3533/3533/3533
f 3535/3535/3535 3531/3531/3531 3534/3534/3534
f 3536/3536/3536 3537/3537/3537 3538/3538/3538
f 3536/3536/3536 3538/3538/3538 3539/3539/3539
f 3536/3536/3536 3539/3539/3539 3540/3540/3540
f 3536/3536/3536 3540/3540/3540 3537/3537/3537
f 3541/3541/3541 3538/3538/3538 3537/3537/3537
f 3541/3541/3541 3539/3539/3539 3538/3538/3538
f 3541/3541/3541 3540/3540/3540 3539/3539/3539
f 3541/3541/3541 3537/3537/3537 3540/3540/3540
f 3542/3542/3542 3543/3543/3543 3544/3544/3544
f 3542/3542/3542 3544/3544/3544 3545/3545/3545
f 3542/3542/3542 3545/3545/3545 3546/3546/3546
f 3542/3542/3542 3546/3546/3546 3543/3543/3543
f 3547/3547/3547 3544/3544/3544 3543/3543/3543
f 3547/3547/3547 3545/3545/3545 3544/3544/3544
f 3547/3547/3547 3546/3546/3546 3545/3545/3545
f 3547/3547/3547 3543/3543/3543 3546/3546/3546
f 3548/3548/3548 3549/3549/3549 3550/3550/3550
f 3548/3548/3548 3550/3550/3550 3551/3551/3551
f 3548/3548/3548 3551/3551/3551 3552/3552/3552
f 3548/3548/3548 3552/3552/3552 3549/3549/3549
f 3553/3553/3553 3550/3550/3550 3549/3549/3549
f 3553/3553/3553 3551/3551/3551 3550/3550/3550
f 3553/3553/3553 3552/3552/3552 3551/3551/3551
f 3553/3553/3553 3549/3549/3549 3552/3552/3552
f 3554/3554/3554 3555/3555/3555 3556/3556/3556
f 3554/3554/3554 3556/3556/3556 3557/3557/3557
f 3554/3554/3554 3557/3557/3557 3558/3558/3558
f 3554/3554/3554 3558/3558/3558 3555/3555/3555
f 3559/3559/3559 3556/3556/3556 3555/3555/3555
f 3559/3559/3559 3557/3557/3557 3556/3556/3556
f 3559/3559/3559 3558/3558/3558 3557/3557/3557
f 3559/3559/3559 3555/3555/3555 3558/3558/3558
f 3560/3560/3560 3561/3561/3561 3562/3562/3562
f 3560/3560/3560 3562/3562/3562 3563/3563/3563
f 3560/3560/3560 3563/3563/3563 3564/3564/3564
f 3560/3560/3560 3564/3564/3564 3561/3561/3561
f 3565/3565/3565 3562/3562/3562 3561/3561/3561
f 3565/3565/3565 3563/3563/3563 3562/3562/3562
f 3565/3565/3565 3564/3564/3564 3563/3563/3563
f 3565/3565/3565 3561/3561/3561 3564/3564/3564
f 3566/3566/3566 3567/3567/3567 3568/3568/3568
f 3566/3566/3566 3568/3568/3568 3569/3569/3569
f 3566/3566/3566 3569/3569/3569 3570/3570/3570
f 3566/3566/3566 3570/3570/3570 3567/3567/3567
f 3571/3571/3571 3568/3568/3568 3567/3567/3567
f 3571/3571/3571 3569/3569/3569 3568/3568/3568
f 3571/3571/3571 3570/3570/3570 3569/3569/3569
f 3571/3571/3571 3567/3567/3567 3570/3570/3570
f 3572/3572/3572 3573/3573/3573 3574/3574/3574
f 3572/3572/3572 3574/3574/3574 3575/3575/3575
f 3572/3572/3572 3575/3575/3575 3576/3576/3576
f 3572/3572/3572 3576/3576/3576 3573/3573/3573
f 3577/3577/3577 3574/3574/3574 3573/3573/3573
f 3577/3577/3577 3575/3575/3575 3574/3574/3574
f 3577/3577/3577 3576/3576/3576 3575/3575/3575
f 3577/3577/3577 3573/3573/3573 3576/3576/3576
f 3578/3578/3578 3579/3579/3579 3580/3580/3580
f 3578/3578/3578 3580/3580/3580 3581/3581/3581
f 3578/3578/3578 3581/3581/3581 3582/3582/3582
f 3578/3578/3578 3582/3582/3582 3579/3579/3579
f 3583/3583/3583 3580/3580/3580 3579/3579/3579
f 3583/3583/3583 3581/3581/3581 3580/3580/3580
f 3583/3583/3583 3582/3582/3582 3581/3581/3581
f 3583/3583/3583 3579/3579/3579 3582/3582/3582
f 3584/3584/3584 3585/3585/3585 3586/3586/3586
f 3584/3584/3584 3586/3586/3586 3587/3587/3587
f 3584/3584/3584 3587/3587/3587 3588/3588/3588
f 3584/3584/3584 3588/3588/3588 3585/3585/3585
f 3589/3589/3589 3586/3586/3586 3585/3585/3585
f 3589/3589/3589 3587/3587/3587 3586/3586/3586
f 3589/3589/3589 3588/3588/3588 3587/3587/3587
f 3589/3589/3589 3585/3585/3585 3588/3588/3588
f 3590/3590/3590 3591/3591/3591 3592/3592/3592
f 3590/3590/3590 3592/3592/3592 3593/3593/3593
f 3590/3590/3590 3593/3593/3593 3594/3594/3594
f 3590/3590/3590 3594/3594/3594 3591/3591/3591
f 3595/3595/3595 3592/3592/3592 3591/3591/3591
f 3595/3595/3595 3593/3593/3593 3592/3592/3592
f 3595/3595/3595 3594/3594/3594 3593/3593/3593
f 3595/3595/3595 3591/3591/3591 3594/3594/3594
f 3596/3596/3596 3597/3597/3597 3598/3598/3598
f 3596/3596/3596 3598/3598/3598 3599/3599/3599
f 3596/3596/3596 3599/3599/3599 3600/3600/3600
f 3596/3596/3596 3600/3600/3600 3597/3597/3597
f 3601/3601/3601 3598/3598/3598 3597/3597/3597
f 3601/3601/3601 3599/3599/3599 3598/3598/3598
f 3601/3601/3601 3600/3600/3600 3599/3599/3599
f 3601/3601/3601 3597/3597/3597 3600/3600/3600
f 3602/3602/3602 3603/3603/3603 3604/3604/3604
f 3602/3602/3602 3604/3604/3604 3605/3605/3605
f 3602/3602/3602 3605/3605/3605 3606/3606/3606
f 3602/3602/3602 3606/3606/3606 3603/3603/3603
f 3607/3607/3607 3604/3604/3604 3603/3603/3603
f 3607/3607/3607 3605/3605/3605 3604/3604/3604
f 3607/3607/3607 3606/3606/3606 3605/3605/3605
f 3607/3607/3607 3603/3603/3603 3606/3606/3606
f 3608/3608/3608 3609/3609/3609 3610/3610/3610
f 3608/3608/3608 3610/3610/3610 3611/3611/3611
f 3608/3608/3608 3611/3611/3611 3612/3612/3612
f 3608/3608/3608 3612/3612/3612 3609/3609/3609
f 3613/3613/3613 3610/3610/3610 3609/3609/3609
f 3613/3613/3613 3611/3611/3611 3610/3610/3610
f 3613/3613/3613 3612/3612/3612 3611/3611/3611
f 3613/3613/3613 3609/3609/3609 3612/3612/3612
f 3614/3614/3614 3615/3615/3615 3616/3616/3616
f 3614/3614/3614 3616/3616/3616 3617/3617/3617
f 3614/3614/3614 3617/3617/3617 3618/3618/3618
f 3614/3614/3614 3618/3618/3618 3615/3615/3615
f 3619/3619/3619 3616/3616/3616 3615/3615/3615
f 3619/3619/3619 3617/3617/3617 3616/3616/3616
f 3619/3619/3619 3618/3618/3618 3617/3617/3617
f 3619/3619/3619 3615/3615/3615 3618/3618/3618
f 3620/3620/3620 3621/3621/3621 3622/3622/3622
f 3620/3620/3620 3622/3622/3622 3623/3623/3623
f 3620/3620/3620 3623/3623/3623 3624/3624/3624
f 3620/3620/3620 3624/3624/3624 3621/3621/3621
f 3625/3625/3625 3622/3622/3622 3621/3621/3621
f 3625/3625/3625 3623/3623/3623 3622/3622/3622
f 3625/3625/3625 3624/3624/3624 3623/3623/3623
f 3625/3625/3625 3621/3621/3621 3624/3624/3624
f 3626/3626/3626 3627/3627/3627 3628/3628/3628
f 3626/3626/3626 3628/3628/3628 3629/3629/3629
f 3626/3626/3626 3629/3629/3629 3630/3630/3630
f 3626/3626/3626 3630/3630/3630 3627/3627/3627
f 3631/3631/3631 3628/3628/3628 3627/3627/3627
f 3631/3631/3631 3629/3629/3629 3628/3628/3628
f 3631/3631/3631 3630/3630/3630 3629/3629/3629
f 3631/3631/3631 3627/3627/3627 3630/3630/3630
f 3632/3632/3632 3633/3633/3633 3634/3634/3634
f 3632/3632/3632 3634/3634/3634 3635/3635/3635
f 3632/3632/3632 3635/3635/3635 3636/3636/3636
f 3632/3632/3632 3636/3636/3636 3633/3633/3633
f 3637/3637/3637 3634/3634/3634 3633/3633/3633
f 3637/3637/3637 3635/3635/3635 3634/3634/3634
f 3637/3637/3637 3636/3636/3636 3635/3635/3635
f 3637/3637/3637 3633/3633/3633 3636/3636/3636
f 3638/3638/3638 3639/3639/3639 3640/3640/3640
f 3638/3638/3638 3640/3640/3640 3641/3641/3641
f 3638/3638/3638 3641/3641/3641 3642/3642/3642
f 3638/3638/3638 3642/3642/3642 3639/3639/3639
f 3643/3643/3643 3640/3640/3640 3639/3639/3639
f 3643/3643/3643 3641/3641/3641 3640/3640/3640
f 3643/3643/3643 3642/3642/3642 3641/3641/3641
f 3643/3643/3643 3639/3639/3639 3642/3642/3642
f 3644/3644/3644 3645/3645/3645 3646/3646/3646
f 3644/3644/3644 3646/3646/3646 3647/3647/3647
f 3644/3644/3644 3647/3647/3647 3648/3648/3648
f 3644/3644/3644 3648/3648/3648 3645/3645/3645
f 3649/3649/3649 3646/3646/3646 3645/3645/3645
f 3649/3649/3649 3647/3647/3647 3646/3646/3646
f 3649/3649/3649 3648/3648/3648 3647/3647/3647
f 3649/3649/3649 3645/3645/3645 3648/3648/3648
f 3650/3650/3650 3651/3651/3651 3652/3652/3652
f 3650/3650/3650 3652/3652/3652 3653/3653/3653
f 3650/3650/3650 3653/3653/3653 3654/3654/3654
f 3650/3650/3650 3654/3654/3654 3651/3651/3651
f 3655/3655/3655 3652/3652/3652 3651/3651/3651
f 3655/3655/3655 3653/3653/3653 3652/3652/3652
f 3655/3655/3655 3654/3654/3654 3653/3653/3653
f 3655/3655/3655 3651/3651/3651 3654/3654/3654
f 3656/3656/3656 3657/3657/3657 3658/3658/3658
f 3656/3656/3656 3658/3658/3658 3659/3659/3659
f 3656/3656/3656 3659/3659/3659 3660/3660/3660
f 3656/3656/3656 3660/3660/3660 3657/3657/3657
f 3661/3661/3661 3658/3658/3658 3657/3657/3657
f 3661/3661/3661 3659/3659/3659 3658/3658/3658
f 3661/3661/3661 3660/3660/3660 3659/3659/3659
f 3661/3661/3661 3657/3657/3657 3660/3660/3660
f 3662/3662/3662 3663/3663/3663 3664/3664/3664
f 3662/3662/3662 3664/3664/3664 3665/3665/3665
f 3662/3662/3662 3665/3665/3665 3666/3666/3666
f 3662/3662/3662 3666/3666/3666 3663/3663/3663
f 3667/3667/3667 3664/3664/3664 3663/3663/3663
f 3667/3667/3667 3665/3665/3665 3664/3664/3664
f 3667/3667/3667 3666/3666/3666 3665/3665/3665
f 3667/3667/3667 3663/3663/3663 3666/3666/3666
f 3668/3668/3668 3669/3669/3669 3670/3670/3670
f 3668/3668/3668 3670/3670/3670 3671/3671/3671
f 3668/3668/3668 3671/3671/3671 3672/3672/3672
f 3668/3668/3668 3672/3672/3672 3669/3669/3669
f 3673/3673/3673 3670/3670/3670 3669/3669/3669
f 3673/3673/3673 3671/3671/3671 3670/3670/3670
f 3673/3673/3673 3672/3672/3672 3671/3671/3671
f 3673/3673/3673 3669/3669/3669 3672/3672/3672
f 3674/3674/3674 3675/3675/3675 3676/3676/3676
f 3674/3674/3674 3676/3676/3676 3677/3677/3677
f 3674/3674/3674 3677/3677/3677 3678/3678/3678
f 3674/3674/3674 3678/3678/3678 3675/3675/3675
f 3679/3679/3679 3676/3676/3676 3675/3675/3675
f 3679/3679/3679 3677/3677/3677 3676/3676/3676
f 3679/3679/3679 3678/3678/3678 3677/3677/3677
f 3679/3679/3679 3675/3675/3675 3678/3678/3678
f 3680/3680/3680 3681/3681/3681 3682/3682/3682
f 3680/3680/3680 3682/3682/3682 3683/3683/3683
f 3680/3680/3680 3683/3683/3683 3684/3684/3684
f 3680/3680/3680 3684/3684/3684 3681/3681/3681
f 3685/3685/3685 3682/3682/3682 3681/3681/3681
f 3685/3685/3685 3683/3683/3683 3682/3682/3682
f 3685/3685/3685 3684/3684/3684 3683/3683/3683
f 3685/3685/3685 3681/3681/3681 3684/3684/3684
f 3686/3686/3686 3687/3687/3687 3688/3688/3688
f 3686/3686/3686 3688/3688/3688 3689/3689/3689
f 3686/3686/3686 3689/3689/3689 3690/3690/3690
f 3686/3686/3686 3690/3690/3690 3687/3687/3687
f 3691/3691/3691 3688/3688/3688 3687/3687/3687
f 3691/3691/3691 3689/3689/3689 3688/3688/3688
f 3691/3691/3691 3690/3690/3690 3689/3689/3689
f 3691/3691/3691 3687/3687/3687 3690/3690/3690
f 3692/3692/3692 3693/3693/3693 3694/3694/3694
f 3692/3692/3692 3694/3694/3694 3695/3695/3695
f 3692/3692/3692 3695/3695/3695 3696/3696/3696
f 3692/3692/3692 3696/3696/3696 3693/3693/3693
f 3697/3697/3697 3694/3694/3694 3693/3693/3693
f 3697/3697/3697 3695/3695/3695 3694/3694/3694
f 3697/3697/3697 3696/3696/3696 3695/3695/3695
f 3697/3697/3697 3693/3693/3693 3696/3696/3696
f 3698/3698/3698 3699/3699/3699 3700/3700/3700
f 3698/3698/3698 3700/3700/3700 3701/3701/3701
f 3698/3698/3698 3701/3701/3701 3702/3702/3702
f 3698/3698/3698 3702/3702/3702 3699/3699/3699
f 3703/3703/3703 3700/3700/3700 3699/3699/3699
f 3703/3703/3703 3701/3701/3701 3700/3700/3700
f 3703/3703/3703 3702/3702/3702 3701/3701/3701
f 3703/3703/3703 3699/3699/3699 3702/3702/3702
f 3704/3704/3704 3705/3705/3705 3706/3706/3706
f 3704/3704/3704 3706/3706/3706 3707/3707/3707
f 3704/3704/3704 3707/3707/3707 3708/3708/3708
f 3704/3704/3704 3708/3708/3708 3705/3705/3705
f 3709/3709/3709 3706/3706/3706 3705/3705/3705
f 3709/3709/3709 3707/3707/3707 3706/3706/3706
f 3709/3709/3709 3708/3708/3708 3707/3707/3707
f 3709/3709/3709 3705/3705/3705 3708/3708/3708
f 3710/3710/3710 3711/3711/3711 3712/3712/3712
f 3710/3710/3710 3712/3712/3712 3713/3713/3713
f 3710/3710/3710 3713/3713/3713 3714/3714/3714
f 3710/3710/3710 3714/3714/3714 3711/3711/3711
f 3715/3715/3715 3712/3712/3712 3711/3711/3711
f 3715/3715/3715 3713/3713/3713 3712/3712/3712
f 3715/3715/3715 3714/3714/3714 3713/3713/3713
f 3715/3715/3715 3711/3711/3711 3714/3714/3714
f 3716/3716/3716 3717/3717/3717 3718/3718/3718
f 3716/3716/3716 3718/3718/3718 3719/3719/3719
f 3716/3716/3716 3719/3719/3719 3720/3720/3720
f 3716/3716/3716 3720/3720/3720 3717/3717/3717
f 3721/3721/3721 3718/3718/3718 3717/3717/3717
f 3721/3721/3721 3719/3719/3719 3718/3718/3718
f 3721/3721/3721 3720/3720/3720 3719/3719/3719
f 3721/3721/3721 3717/3717/3717 3720/3720/3720
